-- MySQL dump 10.13  Distrib 8.0.16, for Win64 (x86_64)
--
-- Host: 127.0.0.1    Database: prueba
-- ------------------------------------------------------
-- Server version	8.0.30

/*!40101 SET @OLD_CHARACTER_SET_CLIENT=@@CHARACTER_SET_CLIENT */;
/*!40101 SET @OLD_CHARACTER_SET_RESULTS=@@CHARACTER_SET_RESULTS */;
/*!40101 SET @OLD_COLLATION_CONNECTION=@@COLLATION_CONNECTION */;
 SET NAMES utf8 ;
/*!40103 SET @OLD_TIME_ZONE=@@TIME_ZONE */;
/*!40103 SET TIME_ZONE='+00:00' */;
/*!40014 SET @OLD_UNIQUE_CHECKS=@@UNIQUE_CHECKS, UNIQUE_CHECKS=0 */;
/*!40014 SET @OLD_FOREIGN_KEY_CHECKS=@@FOREIGN_KEY_CHECKS, FOREIGN_KEY_CHECKS=0 */;
/*!40101 SET @OLD_SQL_MODE=@@SQL_MODE, SQL_MODE='NO_AUTO_VALUE_ON_ZERO' */;
/*!40111 SET @OLD_SQL_NOTES=@@SQL_NOTES, SQL_NOTES=0 */;

--
-- Table structure for table `actividades`
--

DROP TABLE IF EXISTS `actividades`;
/*!40101 SET @saved_cs_client     = @@character_set_client */;
 SET character_set_client = utf8mb4 ;
CREATE TABLE `actividades` (
  `id_actividad` int NOT NULL AUTO_INCREMENT,
  `actividad_nombre` varchar(500) COLLATE utf8mb4_unicode_ci DEFAULT NULL,
  `actividad_creacion` datetime DEFAULT NULL,
  PRIMARY KEY (`id_actividad`)
) ENGINE=InnoDB AUTO_INCREMENT=6 DEFAULT CHARSET=utf8mb4 COLLATE=utf8mb4_unicode_ci;
/*!40101 SET character_set_client = @saved_cs_client */;

--
-- Dumping data for table `actividades`
--

LOCK TABLES `actividades` WRITE;
/*!40000 ALTER TABLE `actividades` DISABLE KEYS */;
INSERT INTO `actividades` VALUES (1,'Fabrica','2025-08-19 00:00:00'),(2,'Importa','2025-08-19 00:00:00'),(3,'Exporta','2025-08-19 00:00:00'),(4,'Comercio','2025-08-19 00:00:00'),(5,'Servicio','2025-08-19 00:00:00');
/*!40000 ALTER TABLE `actividades` ENABLE KEYS */;
UNLOCK TABLES;

--
-- Table structure for table `atencion`
--

DROP TABLE IF EXISTS `atencion`;
/*!40101 SET @saved_cs_client     = @@character_set_client */;
 SET character_set_client = utf8mb4 ;
CREATE TABLE `atencion` (
  `id_atencion` int NOT NULL AUTO_INCREMENT,
  `atencion_dni` varchar(20) DEFAULT NULL,
  `atencion_nombre` varchar(500) DEFAULT NULL,
  `atencion_area` varchar(50) DEFAULT NULL,
  `atencion_motivo` varchar(500) DEFAULT NULL,
  `atencion_observacion` varchar(500) DEFAULT NULL,
  `atencion_estado` tinyint DEFAULT '1',
  `atencion_fecha` datetime DEFAULT NULL,
  PRIMARY KEY (`id_atencion`)
) ENGINE=InnoDB AUTO_INCREMENT=7 DEFAULT CHARSET=utf8mb4 COLLATE=utf8mb4_0900_ai_ci;
/*!40101 SET character_set_client = @saved_cs_client */;

--
-- Dumping data for table `atencion`
--

LOCK TABLES `atencion` WRITE;
/*!40000 ALTER TABLE `atencion` DISABLE KEYS */;
INSERT INTO `atencion` VALUES (5,'74445014','CISNEROS LLATAS MICHEL ANGEL','Administración','SERVICIO DE DESARROLLO Y PROGRAMACIÓN WEB MOVIL DE UN SOFTWARE CORPORATIVO A MEDIDA PARA EL MES DE ENERO 2025','',1,'2025-09-26 11:05:56'),(6,'72211242','MELENDEZ BERNUY CARLOS ANDRES','Gerencia','','',1,'2025-09-26 13:52:22');
/*!40000 ALTER TABLE `atencion` ENABLE KEYS */;
UNLOCK TABLES;

--
-- Table structure for table `beneficios`
--

DROP TABLE IF EXISTS `beneficios`;
/*!40101 SET @saved_cs_client     = @@character_set_client */;
 SET character_set_client = utf8mb4 ;
CREATE TABLE `beneficios` (
  `id_beneficio` int NOT NULL AUTO_INCREMENT,
  `beneficio_nombre` varchar(50) DEFAULT NULL,
  `beneficio_descripcion` varchar(50) DEFAULT NULL,
  `beneficio_idtipobenificios` int DEFAULT NULL,
  `beneficio_estado` tinyint DEFAULT '1',
  `beneficio_fecha` datetime DEFAULT NULL,
  PRIMARY KEY (`id_beneficio`),
  KEY `fk_beneficios_tipobeneficios` (`beneficio_idtipobenificios`),
  CONSTRAINT `fk_beneficios_tipobeneficios` FOREIGN KEY (`beneficio_idtipobenificios`) REFERENCES `tipobenificios` (`id_tipobeneficio`)
) ENGINE=InnoDB AUTO_INCREMENT=11 DEFAULT CHARSET=utf8mb4 COLLATE=utf8mb4_0900_ai_ci;
/*!40101 SET character_set_client = @saved_cs_client */;

--
-- Dumping data for table `beneficios`
--

LOCK TABLES `beneficios` WRITE;
/*!40000 ALTER TABLE `beneficios` DISABLE KEYS */;
INSERT INTO `beneficios` VALUES (1,'PROMOCIÓN Y DIFUSIÓN','',1,1,NULL),(2,'AUDITORIO EQUIPADO',NULL,2,1,NULL),(3,'TIENDA ONLINE','',3,1,NULL),(4,'GRUPO EMPRESARIAL',NULL,4,1,NULL),(5,'ASESORÍA CORPORATIVA',NULL,5,1,NULL),(6,'RESOLUCIÍN DE CONFLICTOS',NULL,5,1,NULL),(7,'ALIANZAS Y CONVENIOS',NULL,6,1,NULL),(8,'TRÁMITES Y CERTIFICACIONES',NULL,7,1,NULL),(9,'CAPACITACIONES Y CONFERENCIAS',NULL,8,1,NULL);
/*!40000 ALTER TABLE `beneficios` ENABLE KEYS */;
UNLOCK TABLES;

--
-- Table structure for table `categoria_beneficio`
--

DROP TABLE IF EXISTS `categoria_beneficio`;
/*!40101 SET @saved_cs_client     = @@character_set_client */;
 SET character_set_client = utf8mb4 ;
CREATE TABLE `categoria_beneficio` (
  `id_categoriabeneficio` int NOT NULL AUTO_INCREMENT,
  `categoriabeneficio_idcategoria` int DEFAULT NULL,
  `categoriabeneficio_idbeneficio` int DEFAULT NULL,
  `categoriabeneficio_cant` int DEFAULT NULL,
  `categoriabeneficio_estado` tinyint DEFAULT '1',
  `categoriabeneficio_fecha` datetime DEFAULT NULL,
  PRIMARY KEY (`id_categoriabeneficio`),
  KEY `FK_categoriabeneficio_categoria` (`categoriabeneficio_idcategoria`),
  KEY `FK_categoriabeneficio_id_beneficio` (`categoriabeneficio_idbeneficio`),
  CONSTRAINT `FK_categoriabeneficio_categoria` FOREIGN KEY (`categoriabeneficio_idcategoria`) REFERENCES `categorias` (`id_categoria`),
  CONSTRAINT `FK_categoriabeneficio_id_beneficio` FOREIGN KEY (`categoriabeneficio_idbeneficio`) REFERENCES `beneficios` (`id_beneficio`)
) ENGINE=InnoDB AUTO_INCREMENT=45 DEFAULT CHARSET=utf8mb4 COLLATE=utf8mb4_0900_ai_ci;
/*!40101 SET character_set_client = @saved_cs_client */;

--
-- Dumping data for table `categoria_beneficio`
--

LOCK TABLES `categoria_beneficio` WRITE;
/*!40000 ALTER TABLE `categoria_beneficio` DISABLE KEYS */;
INSERT INTO `categoria_beneficio` VALUES (3,3,1,4,1,NULL),(4,4,1,2,1,NULL),(5,1,2,72,1,NULL),(6,2,2,36,1,NULL),(7,3,2,18,1,NULL),(8,4,2,9,1,NULL),(9,1,3,12,1,NULL),(10,2,3,6,1,NULL),(11,3,3,4,1,NULL),(12,4,3,2,1,NULL),(13,1,4,50,1,NULL),(14,2,4,20,1,NULL),(15,3,4,10,1,NULL),(16,4,4,6,1,NULL),(17,1,5,12,1,NULL),(18,2,5,6,1,NULL),(19,3,5,4,1,NULL),(20,4,5,2,1,NULL),(21,1,6,6,1,NULL),(22,2,6,4,1,NULL),(23,3,6,2,1,NULL),(24,4,6,1,1,NULL),(25,1,7,50,1,NULL),(26,2,7,20,1,NULL),(27,3,7,10,1,NULL),(28,4,7,5,1,NULL),(29,1,8,2,1,NULL),(30,2,8,1,1,NULL),(31,3,8,1,1,NULL),(32,4,8,1,1,NULL),(33,1,9,36,1,NULL),(34,2,9,24,1,NULL),(35,3,9,12,1,NULL),(36,4,9,6,1,NULL),(42,1,1,12,1,'2025-09-20 10:36:32'),(43,2,1,6,1,'2025-09-20 10:38:18'),(44,5,1,3,1,'2025-09-23 13:07:20');
/*!40000 ALTER TABLE `categoria_beneficio` ENABLE KEYS */;
UNLOCK TABLES;

--
-- Table structure for table `categorias`
--

DROP TABLE IF EXISTS `categorias`;
/*!40101 SET @saved_cs_client     = @@character_set_client */;
 SET character_set_client = utf8mb4 ;
CREATE TABLE `categorias` (
  `id_categoria` int NOT NULL AUTO_INCREMENT,
  `categoria_nombre` varchar(100) NOT NULL,
  `categoria_cuota` decimal(10,2) NOT NULL,
  `categoria_inscripcion` decimal(10,2) NOT NULL,
  `categoria_cuota_anual` decimal(10,2) NOT NULL,
  `categoria_horas_auditorio` tinyint NOT NULL,
  `categoria_estado` tinyint(1) NOT NULL,
  `categoria_concepto_facturacion` varchar(250) DEFAULT NULL,
  `categoria_usuario` int NOT NULL,
  `categoria_datetime` datetime NOT NULL,
  PRIMARY KEY (`id_categoria`)
) ENGINE=InnoDB AUTO_INCREMENT=6 DEFAULT CHARSET=latin1;
/*!40101 SET character_set_client = @saved_cs_client */;

--
-- Dumping data for table `categorias`
--

LOCK TABLES `categorias` WRITE;
/*!40000 ALTER TABLE `categorias` DISABLE KEYS */;
INSERT INTO `categorias` VALUES (1,'A',500.00,50.00,6000.00,72,1,NULL,1,'2025-08-05 16:28:04'),(2,'B',200.00,50.00,2400.00,36,1,NULL,1,'2025-08-05 16:30:17'),(3,'C',100.00,50.00,1200.00,18,1,NULL,1,'2025-08-05 16:30:36'),(4,'D',50.00,50.00,600.00,9,1,NULL,1,'2025-08-05 16:30:59'),(5,'E',30.00,50.00,360.00,9,1,NULL,1,'2025-09-03 17:52:09');
/*!40000 ALTER TABLE `categorias` ENABLE KEYS */;
UNLOCK TABLES;

--
-- Table structure for table `clientes`
--

DROP TABLE IF EXISTS `clientes`;
/*!40101 SET @saved_cs_client     = @@character_set_client */;
 SET character_set_client = utf8mb4 ;
CREATE TABLE `clientes` (
  `id_cliente` int NOT NULL AUTO_INCREMENT,
  `cliente_tipopersona` int DEFAULT NULL,
  `id_tipodocumento` int NOT NULL,
  `cliente_numero` varchar(15) CHARACTER SET utf8mb3 COLLATE utf8mb3_spanish_ci NOT NULL,
  `cliente_razonsocial` varchar(300) COLLATE utf8mb3_spanish_ci DEFAULT NULL,
  `cliente_nombre` varchar(200) COLLATE utf8mb3_spanish_ci DEFAULT NULL,
  `cliente_correo` varchar(200) COLLATE utf8mb3_spanish_ci DEFAULT NULL,
  `cliente_celular1` varchar(10) COLLATE utf8mb3_spanish_ci DEFAULT NULL,
  `cliente_celular2` varchar(10) COLLATE utf8mb3_spanish_ci DEFAULT NULL,
  `cliente_telefono1` varchar(10) COLLATE utf8mb3_spanish_ci DEFAULT NULL,
  `cliente_telefono2` varchar(10) CHARACTER SET utf8mb3 COLLATE utf8mb3_spanish_ci DEFAULT NULL,
  `cliente_direccion` varchar(200) COLLATE utf8mb3_spanish_ci DEFAULT NULL,
  `cliente_estado` tinyint NOT NULL DEFAULT '1',
  `cliente_fecha` datetime NOT NULL DEFAULT CURRENT_TIMESTAMP,
  PRIMARY KEY (`id_cliente`),
  KEY `fk_cliente_tipopersona` (`cliente_tipopersona`),
  KEY `fk_cliente_tipodocumento` (`id_tipodocumento`),
  CONSTRAINT `fk_cliente_tipodocumento` FOREIGN KEY (`id_tipodocumento`) REFERENCES `tipo_documentos` (`id_tipodocumento`),
  CONSTRAINT `fk_cliente_tipopersona` FOREIGN KEY (`cliente_tipopersona`) REFERENCES `tipo_persona` (`id_tipopersona`)
) ENGINE=InnoDB AUTO_INCREMENT=183 DEFAULT CHARSET=utf8mb3 COLLATE=utf8mb3_spanish_ci;
/*!40101 SET character_set_client = @saved_cs_client */;

--
-- Dumping data for table `clientes`
--

LOCK TABLES `clientes` WRITE;
/*!40000 ALTER TABLE `clientes` DISABLE KEYS */;
INSERT INTO `clientes` VALUES (1,2,4,'20103913340','ORVISA S.A','',NULL,NULL,NULL,NULL,NULL,'AV. AUGUSTO FREYRE NRO. 1555 (CRUCE CON CALLE TRUJILLO)',1,'2025-09-03 10:09:33'),(2,2,4,'20493508645','HONDA SELVA DEL PERÚ S.A','',NULL,NULL,NULL,NULL,NULL,'CAR. IQUITOS NAUTA KL. 5.5 ---- CARRETERA IQUITOS NAUTA',1,'2025-09-03 10:09:33'),(3,2,4,'20103845328','CAJA MUNICIPAL DE AHORRO Y CRÉDITO DE MAYNAS S.A','',NULL,NULL,NULL,NULL,NULL,'JR. PROSPERO NRO. 791',1,'2025-09-03 10:09:33'),(4,2,4,'20103795631','ELECTRO ORIENTE S.A','',NULL,NULL,NULL,NULL,NULL,'AV. GENERAL EP AUGUSTO FREYRE NRO. 1168',1,'2025-09-03 10:09:33'),(5,2,4,'20393864967','SAGA FALABELLA ORIENTE S.A.','',NULL,NULL,NULL,NULL,NULL,'AV. CENTENARIO NRO. 2086',1,'2025-09-03 10:09:33'),(6,2,4,'20602020798','BRUNNER BIENESTAR ECOLOGICO S.A.C.','',NULL,NULL,NULL,NULL,NULL,'CAR.CARRETERA FEDERICO BASADRE KM. 22 CAS. SECTOR LA VICTORIA UCAYALI - CORONEL PORTILLO - CAMPOVERDE',1,'2025-09-03 10:09:33'),(7,2,4,'20513842377','PETROTAL PERU SRL','',NULL,NULL,NULL,NULL,NULL,'AV. DIONISIO DERTEANO NRO. 144 INT. 1201 URB. SANTA ANA',1,'2025-09-03 10:09:33'),(8,2,4,'20543725821','DISTRIBUIDORA CUMMINS PERÚ S.A','',NULL,NULL,NULL,NULL,NULL,'AV. ARGENTINA NRO. 4453',1,'2025-09-03 10:09:33'),(9,2,4,'20408625107','B Y V COMERCIALIZADORA SRL','',NULL,NULL,NULL,NULL,NULL,'JR. PUTUMAYO NRO. 549 P.J. SERAFIN FILOMENO',1,'2025-09-03 10:09:33'),(10,2,4,'20100047218','BANCO DE CRÉDITO DEL PERÚ','',NULL,NULL,NULL,NULL,NULL,'JR. CENTENARIO NRO. 156 URB. LADERAS DE MELGAREJO',1,'2025-09-03 10:09:33'),(11,2,4,'20122476309','BANCO CENTRAL DE RESERVA DEL PERÚ','',NULL,NULL,NULL,NULL,NULL,'JR. SANTA ROSA NRO. 445',1,'2025-09-03 10:09:33'),(12,2,4,'20493654463','CSM CORPORACIÓN ORIENTE S.A.C','',NULL,NULL,NULL,NULL,NULL,'CAL. MORONA NRO. 171',1,'2025-09-03 10:09:33'),(13,2,4,'20114050025','ARCA CONTINENTAL SELVA PERÚ','',NULL,NULL,NULL,NULL,NULL,'CAL. PUTUMAYO NRO. S/N',1,'2025-09-03 10:09:33'),(14,2,4,'20451419693','ESTUDIO CONTABLE HM ESPINOZA S.C.R.L.','',NULL,NULL,NULL,NULL,NULL,'CAL. RICARDO PALMA NRO. 344',1,'2025-09-03 10:09:33'),(15,2,4,'20329398642','HOTEL PLAZA S.A','',NULL,NULL,NULL,NULL,NULL,'JR. NAPO NRO. 258',1,'2025-09-03 10:09:33'),(16,2,4,'20450835600','INVERSIONES MILENIUM S.A.C','',NULL,NULL,NULL,NULL,NULL,'CAL. LA CONDAMINE NRO. 348',1,'2025-09-03 10:09:33'),(17,2,4,'20100210909','LA POSITIVA SEGUROS Y REASEGUROS','',NULL,NULL,NULL,NULL,NULL,'CAL. FRANCISCO MASIAS NRO. 370',1,'2025-09-03 10:09:33'),(18,2,4,'20100128218','PETROLEOS DEL PERU PETROPERU S.A','',NULL,NULL,NULL,NULL,NULL,'AV. ENRIQUE CANAVAL MOREYRA NRO. 150',1,'2025-09-03 10:09:33'),(19,2,4,'20128967606','SOCOPUR S.A.C.','',NULL,NULL,NULL,NULL,NULL,'AV. CENTENARIO NRO. 721',1,'2025-09-03 10:09:33'),(20,2,4,'20513913142','SR DE LOS MILAGROS CARGO EIRL','',NULL,NULL,NULL,NULL,NULL,'AV. ELMER FAUCETT NRO. 3453 INT. 4C',1,'2025-09-03 10:09:33'),(21,2,4,'20409082859','TRIPLAY MARTIN SAC','',NULL,NULL,NULL,NULL,NULL,'AV. LA MARINA KL. 03',1,'2025-09-03 10:09:33'),(22,2,4,'20601315051','MALL AVENTURA S.A','',NULL,NULL,NULL,NULL,NULL,'JR. MINERIA NRO. 122 OTR. ZONA INDUSTRIAL',1,'2025-09-03 10:09:33'),(23,2,4,'20351378400','UNIVERSAL IMPORT SAC','',NULL,NULL,NULL,NULL,NULL,'JR. UCAYALI NRO. 780',1,'2025-09-03 10:09:33'),(24,2,4,'20100003199','EMPRESA NACIONAL DE PUERTOS S.A','',NULL,NULL,NULL,NULL,NULL,'JR. MANCO CAPAC NRO. 255',1,'2025-09-03 10:09:33'),(25,2,4,'20100130204','BBVA BANCO CONTINENTAL','',NULL,NULL,NULL,NULL,NULL,'AV. REPUBLICA DE PANAMA NRO. 3055 URB. EL PALOMAR',1,'2025-09-03 10:09:33'),(26,2,4,'20531369743','COMERCIAL DENISAM S.R.L','',NULL,NULL,NULL,NULL,NULL,'JR. LETICIA NRO. 409 URB. CERCADO DE PUCALLPA',1,'2025-09-03 10:09:33'),(27,2,4,'20164113532','UNIVERSIDAD CESAR VALLEJO S.A.C.','',NULL,NULL,NULL,NULL,NULL,'AV. LARCO NRO. 1770 URB. SAN ANDRES 5TA ETAPA',1,'2025-09-03 10:09:33'),(28,2,4,'20493160118','FOOD SERVICE E.I.R.L.','',NULL,NULL,NULL,NULL,NULL,'JR. LA CONDAMINE NRO. 157',1,'2025-09-03 10:09:33'),(29,2,4,'20103771880','GABY S.A.','',NULL,NULL,NULL,NULL,NULL,'AV. LA MARINA NRO. 910',1,'2025-09-03 10:09:33'),(30,2,4,'20131376503','S.E.N.A.T.I. ZONAL LORETO','',NULL,NULL,NULL,NULL,NULL,'AV. ALFREDO MENDIOLA NRO. 3520',1,'2025-09-03 10:09:33'),(31,2,4,'20408971943','GLP AMAZÓNICO S.A.C.','',NULL,NULL,NULL,NULL,NULL,'AV. PEVAS NRO. 316',1,'2025-09-03 10:09:33'),(32,2,4,'20493491491','JM GIGANTOGRAFÍA EIRL','',NULL,NULL,NULL,NULL,NULL,'JR. MORONA NRO. 229 URB. JR. MORONA',1,'2025-09-03 10:09:33'),(33,2,4,'20541144278','RESTAURANT TURISTICO TAYTA E.I.R.L.','',NULL,NULL,NULL,NULL,NULL,'CAL. MORONA NRO. 171',1,'2025-09-03 10:09:33'),(34,2,4,'20607969877','SAMIRIA JUNGLE HOTEL EIRL','',NULL,NULL,NULL,NULL,NULL,'JR. RICARDO PALMA NRO. 159 URB. JARDIN PAZ',1,'2025-09-03 10:09:33'),(35,2,4,'20493246772','ASTILLERO HENRY EIRL','',NULL,NULL,NULL,NULL,NULL,'AV. LA MARINA KL. 1.5',1,'2025-09-03 10:09:33'),(36,2,4,'20611084634','ESTACIÓN LYRA EIRL','',NULL,NULL,NULL,NULL,NULL,'CAL. MOORE NRO. 1180 P.J. BERMUDEZ',1,'2025-09-03 10:09:33'),(37,2,4,'20451400241','SERVICIOS MEDICOS GENERALES SAN JUAN SRL','',NULL,NULL,NULL,NULL,NULL,'CAL. RICARDO PALMA NRO. 838',1,'2025-09-03 10:09:33'),(38,2,4,'20603750137','CHA CHA CHA SAC','',NULL,NULL,NULL,NULL,NULL,'JR. YAVARI NRO. 1505',1,'2025-09-03 10:09:33'),(39,2,4,'20219330660','BOTICA MEDISEL EIRL TDA','',NULL,NULL,NULL,NULL,NULL,'JR. ARICA NRO. 795 P.J. BERMUDEZ',1,'2025-09-03 10:09:33'),(40,2,4,'20567215092','CABLE VISIÓN SAC','',NULL,NULL,NULL,NULL,NULL,'JR. PROSPERO NRO. 512',1,'2025-09-03 10:09:33'),(41,2,4,'20541142143','COMERCIAL FOX ORIENTE EIRL','',NULL,NULL,NULL,NULL,NULL,'AV. ALFONSO UGARTE NRO. 390',1,'2025-09-03 10:09:33'),(42,2,4,'20103964921','EXPLORACIONES AMAZÓNICAS S.A','',NULL,NULL,NULL,NULL,NULL,'AV. LA MARINA NRO. 340',1,'2025-09-03 10:09:33'),(43,2,4,'20528215336','MOTOMAQ S.A.C.','',NULL,NULL,NULL,NULL,NULL,'CAL. HUANUCO NRO. 213 A.H. VICTOR RAUL HAYA DE LA TO',1,'2025-09-03 10:09:33'),(44,2,4,'20128836170','REPRESENTACIONES VARGAS S.A','',NULL,NULL,NULL,NULL,NULL,'JR. TARAPACA NRO. 969 URB. CERCADO DE PUCALLPA',1,'2025-09-03 10:09:33'),(45,2,4,'20518777646','GLOBAL FIBER PERU SAC','',NULL,NULL,NULL,NULL,NULL,'AV. 28 DE JULIO NRO. 757 INT. 1002 URB. LEURO',1,'2025-09-03 10:09:33'),(46,2,4,'20227729709','ASOCIACIÓN PASTORAL DE SERVICIOS MÉDICOS ASISTENCIAL CLINICA ADVENTISTA ANA STAHL DE LA IGLESIA ADVENTISTA DEL SEPTIMO DÍA','',NULL,NULL,NULL,NULL,NULL,'AV. LA MARINA NRO. 285',1,'2025-09-03 10:09:33'),(47,2,4,'20103845913','COMERCIAL IQUITOS S.A.','',NULL,NULL,NULL,NULL,NULL,'CAL. ALMIRANTE GRAU NRO. 1144',1,'2025-09-03 10:09:33'),(48,2,4,'20114051188','TURISMO SANTA ISABEL S.R.LTDA','',NULL,NULL,NULL,NULL,NULL,'CAL. NAPO NRO. 362',1,'2025-09-03 10:09:33'),(49,2,4,'20114044726','TRANSPORTE FLUVIAL JV E.I.R.L.','',NULL,NULL,NULL,NULL,NULL,'PJ. LEONOR NRO. 344 ---- PUERTO VERGARA',1,'2025-09-03 10:09:33'),(50,2,4,'20136058828','IMPRENTA GRAFICA AMAZONAS SAC','',NULL,NULL,NULL,NULL,NULL,'CAL. RAYMONDI NRO. 239',1,'2025-09-03 10:09:33'),(51,2,4,'20606252430','EMBAJADA EMPRESARIAL S.A.','',NULL,NULL,NULL,NULL,NULL,'LT. 15 MZ. D ASC. LA CAMPIÑA',1,'2025-09-03 10:09:33'),(52,2,4,'20607641677','ISTRA SAC','',NULL,NULL,NULL,NULL,NULL,'CAL. BRASIL NRO. 138',1,'2025-09-03 10:09:33'),(53,2,4,'20556490067','IMARCUX SAC','',NULL,NULL,NULL,NULL,NULL,'CAL. 2 EX MATARANI NRO. 128 DPTO. 203 CND. DON RAFAEL TORRE 3',1,'2025-09-03 10:09:33'),(54,2,4,'20607709221','CENTRO ESPECIALIZADO EMASALUD SAC','',NULL,NULL,NULL,NULL,NULL,'PJ. AMAZONAS LT. 18 MZ. C',1,'2025-09-03 10:09:33'),(55,2,4,'20342868844','STAR UP S.A.C.','',NULL,NULL,NULL,NULL,NULL,'CAL. JOSE GALVEZ NRO. 550 INT. 202 ---- EDIFICIO HUASCAR',1,'2025-09-03 10:09:33'),(56,2,4,'20609184435','CORAL Y ASOCIADOS ABOGADOS SAC','',NULL,NULL,NULL,NULL,NULL,'AV. AVIACIÓN NRO. 2989 INT. 4 DPTO. 403 URB. AVENIDA',1,'2025-09-03 10:09:33'),(57,2,4,'20101036813','BANCO INTERAMERICANO DE FINANZAS - BANBIF','',NULL,NULL,NULL,NULL,NULL,'AV. RICARDO RIVERA NAVARRETE NRO. 600',1,'2025-09-03 10:09:33'),(58,2,4,'20493387163','CORPORACIÓN GARCIA S.A','',NULL,NULL,NULL,NULL,NULL,'LT. 12 MZ. C URB. RIO MAR',1,'2025-09-03 10:09:33'),(59,2,4,'20541137735','GRIFO FLOTANTE ISLANDIA III E.I.R.L.','',NULL,NULL,NULL,NULL,NULL,'CAL. AMAZONAS NRO. 605',1,'2025-09-03 10:09:33'),(60,2,4,'20493604105','EMPRESA HOTELERA LA CASONA E.I.R.L.','',NULL,NULL,NULL,NULL,NULL,'CAL. FITZCARRALD NRO. 147',1,'2025-09-03 10:09:33'),(61,2,4,'20567232264','INVERSIONES E INMOBILIARIA MONTENEGRO S.A.C','',NULL,NULL,NULL,NULL,NULL,'CAL. TACNA NRO. 152',1,'2025-09-03 10:09:33'),(62,2,4,'20528488499','BCH INDUSTRIAL','',NULL,NULL,NULL,NULL,NULL,'AV. 28 DE JULIO LT. 29 MZ. C',1,'2025-09-03 10:09:33'),(63,2,4,'20606338423','GRUPO PANDA INVERSIONES DEL ORIENTE SAC','',NULL,NULL,NULL,NULL,NULL,'AV. GRAU NRO. 1321',1,'2025-09-03 10:09:33'),(64,2,4,'20601424429','AMAZON INVERSIONES & TURISMO EIRL','',NULL,NULL,NULL,NULL,NULL,'MLC. TARAPACA NRO. 128',1,'2025-09-03 10:09:33'),(65,2,4,'20611944773','REPRESENTACIONES TIQUE EIRL','',NULL,NULL,NULL,NULL,NULL,'CAL. RAMON CASTILLA NRO. 290',1,'2025-09-03 10:09:33'),(66,2,4,'20609241251','TERRA CONSTRUCCIONES ORIENTE S.A.C.','',NULL,NULL,NULL,NULL,NULL,'JR. PEVAZ NRO. 1253 P.J. SERAFIN FILOMENO',1,'2025-09-03 10:09:33'),(67,2,4,'20493176464','THE AMAZON OXYGEN S.A.C','',NULL,NULL,NULL,NULL,NULL,'CAL. LOS ANGELES NRO. 125',1,'2025-09-03 10:09:33'),(68,2,4,'20541279521','AUSAC INVERSIONES EIRL','',NULL,NULL,NULL,NULL,NULL,'',1,'2025-09-03 10:09:33'),(69,2,4,'20614614022','MULTISERVICIOS PANPERU E.I.R.L.','',NULL,NULL,NULL,NULL,NULL,'JR. SARGENTO LORES NRO. 391 URB. JARDIN PAZ',1,'2025-09-03 10:09:33'),(70,2,4,'20606290706','ADVANCE LOGISTIC E.I.R.L.','',NULL,NULL,NULL,NULL,NULL,'AV. DEL EJERCITO NRO. 1456',1,'2025-09-03 10:09:33'),(71,2,4,'10052280562','MAXIMILIANA GLORIA MATTA MUÑOZ','',NULL,NULL,NULL,NULL,NULL,'',1,'2025-09-03 10:09:33'),(72,2,4,'20600931556','AVATAR AMAZON CAMP S.A.C','',NULL,NULL,NULL,NULL,NULL,'JR. PUTUMAYO NRO. 138',1,'2025-09-03 10:09:33'),(73,2,4,'20613022504','IAC SOLUCIONES E.I.R.L','',NULL,NULL,NULL,NULL,NULL,'AV. MARISCAL CACERES NRO. 820',1,'2025-09-03 10:09:33'),(74,2,4,'20493480295','INVERSIONES FINANCIERAS SELVA S.R.L','',NULL,NULL,NULL,NULL,NULL,'CAL. FANNING NRO. 639',1,'2025-09-03 10:09:33'),(75,2,4,'20230911607','MIGUEL VASQUEZ RUIZ S.A.C','',NULL,NULL,NULL,NULL,NULL,'CAL. SAN JOSE NRO. 442',1,'2025-09-03 10:09:33'),(76,2,4,'20601312710','CONSORCIO FLUVIAL DEL AMAZONAS','',NULL,NULL,NULL,NULL,NULL,'JR. LA CONDAMINE NRO. 381',1,'2025-09-03 10:09:33'),(77,2,4,'20451060393','DON POLLO LORETO S.A.C','',NULL,NULL,NULL,NULL,NULL,'CAL. LAS AZUCENAS NRO. 220',1,'2025-09-03 10:09:33'),(78,2,4,'20600032659','GESTION SSOMA M & Q EIRL','',NULL,NULL,NULL,NULL,NULL,'CAL. CALVO DE ARAUJO NRO. 1788',1,'2025-09-03 10:09:33'),(79,2,4,'20541167308','PEQUEÑOS GUSTITOS S.R.L','',NULL,NULL,NULL,NULL,NULL,'CAL. LORETO NRO. 739',1,'2025-09-03 10:09:33'),(80,2,4,'20493741510','RESTAURANT PEÑA TURISTICA EL SOMBRERO DE PAJA EIRL','',NULL,NULL,NULL,NULL,NULL,'AV. A.QUIñONEZ KL. 4.5',1,'2025-09-03 10:09:33'),(81,2,4,'20609316510','COORPORACIÓN GARRÉ S.A.C','',NULL,NULL,NULL,NULL,NULL,'CAL. JOSE GALVEZ NRO. 355 OTR. BELEN',1,'2025-09-03 10:09:33'),(82,2,4,'20602720226','MARCELO DISTRIBUCIONES EIRL','',NULL,NULL,NULL,NULL,NULL,'AV. ELIAS AGUIRRE NRO. 1196 INT. A',1,'2025-09-03 10:09:33'),(83,2,4,'20567267131','JUNGLE TOURS & TRAVELS E.I.R.L','',NULL,NULL,NULL,NULL,NULL,'PJ. MOORE NRO. 1559',1,'2025-09-03 10:09:33'),(84,2,4,'20493324242','INVERSIONES LA OROZA SRL','',NULL,NULL,NULL,NULL,NULL,'CAL. BERMUDES NRO. 567',1,'2025-09-03 10:09:33'),(85,2,4,'10052612468','LEONARDO ZUTA PADILLA - TIENDAS LEONARDO','',NULL,NULL,NULL,NULL,NULL,'',1,'2025-09-03 10:09:33'),(86,2,4,'10053823977','CUTTIN LANGUAGE CENTER','',NULL,NULL,NULL,NULL,NULL,'',1,'2025-09-03 10:09:33'),(87,2,4,'20601649579','PREVENCIÓN VIGILANCIA Y SEGURIDAD DEL OREINTE SAC','',NULL,NULL,NULL,NULL,NULL,'LT. 10 MZ. S URB. RIO MAR',1,'2025-09-03 10:09:33'),(88,2,4,'20610246738','CENTRO DE CAPACITACIONES FINANCIERAS Y COMERCIAL DEL PERU S.A.C.','',NULL,NULL,NULL,NULL,NULL,'CAL. YURIMAGUAS NRO. 685 APV. JOSE MALEIROS',1,'2025-09-03 10:09:33'),(89,2,4,'20493218566','ARI\'S SAC','',NULL,NULL,NULL,NULL,NULL,'JR. PROSPERO NRO. 127 P.J. SERAFIN FILOMENO',1,'2025-09-03 10:09:33'),(90,2,4,'20451242238','COMERCIAL EL CAIRO E.I.R.L.','',NULL,NULL,NULL,NULL,NULL,'CAL. NAPO NRO. 1054 URB. SERAFIN FILOMENO',1,'2025-09-03 10:09:33'),(91,2,4,'20207617173','COOPERATIVA DE SERVICIOS EDUCATIVOS CESAR VALLEJO','',NULL,NULL,NULL,NULL,NULL,'JR. PUTUMAYO NRO. 981 P.J. SERAFIN FILOMENO',1,'2025-09-03 10:09:33'),(92,2,4,'20605717935','SERVICIOS GENERALES FILOMENO SRL','',NULL,NULL,NULL,NULL,NULL,'CAL. MOORE NRO. 1316',1,'2025-09-03 10:09:33'),(93,2,4,'20451364422','INGENIERIA MANTENIMIENTO & CONSTRUCCIONES S.A.C.','',NULL,NULL,NULL,NULL,NULL,'CAL. CUZCO NRO. 794',1,'2025-09-03 10:09:33'),(94,2,4,'20603085290','SUMINISTROS Y SERVICIOS ELECTRICOS SELVA S.R.L','',NULL,NULL,NULL,NULL,NULL,'AV. DE LA PARTICIPACIÓN NRO. 637',1,'2025-09-03 10:09:33'),(95,2,4,'20404493885','SUMINISTROS DEL ORIENTE S.R.L','',NULL,NULL,NULL,NULL,NULL,'JR. LIBERTAD NRO. 168 BAR. HUAYCO',1,'2025-09-03 10:09:33'),(96,2,4,'20366410610','SERVICIOS EXCELENTES E.I.R.L.','',NULL,NULL,NULL,NULL,NULL,'CAL. FITZCARRALD NRO. 560',1,'2025-09-03 10:09:33'),(97,2,4,'20101010695','RADIO LORETO S.A.C.','',NULL,NULL,NULL,NULL,NULL,'JR. ARICA NRO. 228',1,'2025-09-03 10:09:33'),(98,2,4,'20601209587','ZAFIRO 5 S.A.C.','',NULL,NULL,NULL,NULL,NULL,'CAL. NAPO NRO. 150',1,'2025-09-03 10:09:33'),(99,2,4,'20172337261','TRANSBER IQUITOS S.A.','',NULL,NULL,NULL,NULL,NULL,'CAL. MORONA NRO. 137',1,'2025-09-03 10:09:33'),(100,2,4,'20601783445','TELESISTEMAS IQUITOS E.I.R.L.','',NULL,NULL,NULL,NULL,NULL,'CAL. SAMANEZ OCAMPO NRO. 669',1,'2025-09-03 10:09:33'),(101,2,4,'20408614831','CONSORCIO DE SERVICIOS FUNERARIOS S.A.C','',NULL,NULL,NULL,NULL,NULL,'CAL. LORETO NRO. 960',1,'2025-09-03 10:09:33'),(102,2,4,'20528298959','JUGUERIA TUTTI FRUTTI EIRL','',NULL,NULL,NULL,NULL,NULL,'CAL. SARGENTO LORES NRO. 571',1,'2025-09-03 10:09:33'),(103,2,4,'20541214233','K L IMPORT EXPORT PERU S.A.C','',NULL,NULL,NULL,NULL,NULL,'CAL. MORONA NRO. 539',1,'2025-09-03 10:09:33'),(104,2,4,'20451417569','INVERSIONES PEGASO S.R.L.','',NULL,NULL,NULL,NULL,NULL,'CAL. PABLO ROSSELL NRO. 539',1,'2025-09-03 10:09:33'),(105,2,4,'20493580591','D\'TODO FERRETERA S.A.C.','',NULL,NULL,NULL,NULL,NULL,'CAL. SARGENTO LORES NRO. 516',1,'2025-09-03 10:09:33'),(106,2,4,'20280627969','A & E TOURS TAHUAYO LODGE E.I.R.L.','',NULL,NULL,NULL,NULL,NULL,'AV. LA MARINA NRO. 100',1,'2025-09-03 10:09:33'),(107,2,4,'20408869588','EL MUNDO DE LA FANTASIA S.R.L.','',NULL,NULL,NULL,NULL,NULL,'JR. PROSPERO NRO. 775',1,'2025-09-03 10:09:33'),(108,2,4,'20103941980','CONSULTORES VETERINARIOS Y AGRICOLAS S.R.L.','',NULL,NULL,NULL,NULL,NULL,'JR. ARICA NRO. 901',1,'2025-09-03 10:09:33'),(109,2,4,'20103892598','CREAZIONI S.A.','',NULL,NULL,NULL,NULL,NULL,'CAL. LA CONDAMINE NRO. 232',1,'2025-09-03 10:09:33'),(110,2,4,'20603820721','LORETO ESTUDIO CONTABLE SAC','',NULL,NULL,NULL,NULL,NULL,'JR. HUALLAGA NRO. 311 P.J. SERAFIN FILOMENO',1,'2025-09-03 10:09:33'),(111,2,4,'20528374051','DISTRIBUIDORA KARINA MARGOT E.I.R.L.','',NULL,NULL,NULL,NULL,NULL,'JR. ARICA NRO. 1060',1,'2025-09-03 10:09:33'),(112,2,4,'20608081217','PILY\'S CLOTHES AND BAGS','',NULL,NULL,NULL,NULL,NULL,'JR. YAVARI NRO. 1186 URB. VIRGEN DE LORETO',1,'2025-09-03 10:09:33'),(113,2,4,'20606515104','GESTION EDUCATIVA PARA EL DESARROLLO DE COMPETITIVIDAD Y CAPACIDAD PROFESIONAL','',NULL,NULL,NULL,NULL,NULL,'AV. AUGUSTO FREYRE NRO. 932 P.J. DANIEL ALCIDES CARRION',1,'2025-09-03 10:09:33'),(114,2,4,'20604783195','STUDIO 69 E.I.R.L.','',NULL,NULL,NULL,NULL,NULL,'CAL. PEVAS NRO. 669',1,'2025-09-03 10:09:33'),(115,2,4,'20602683851','AMAZON FOREVER','',NULL,NULL,NULL,NULL,NULL,'CAR.IQUITOS-NAUTA KM. 13.8 FND. FUNDO DEL HUAYO (A 100 MTS. DEL VARILLAL)',1,'2025-09-03 10:09:33'),(116,2,4,'20450970302','NEGOCIOS Y REPRESENTACIONES PERÚ EIRL','',NULL,NULL,NULL,NULL,NULL,'PRO. LOS ÁNGELES NRO. 20',1,'2025-09-03 10:09:33'),(117,2,4,'20612772623','BUFEO INNOVACIÓN TECNOLÓGICA','',NULL,NULL,NULL,NULL,NULL,'PJ. LOS CLAVELES LT. 11 MZ. M',1,'2025-09-03 10:09:33'),(118,2,4,'10054135586','PINEDO REÁTEGUI ROMMEL MARINO','',NULL,NULL,NULL,NULL,NULL,'',1,'2025-09-03 10:09:33'),(119,2,4,'20493678729','CHUPETES Y HELADOS SHAMBO S.A.C.','',NULL,NULL,NULL,NULL,NULL,'CAL. BOLOGNESI NRO. 642A',1,'2025-09-03 10:09:33'),(120,2,4,'20567123058','ALMACEN DE PINTURAS LA MARINA E.I.R.L.','',NULL,NULL,NULL,NULL,NULL,'AV. LA MARINA CON NAUTA NRO. 701',1,'2025-09-03 10:09:33'),(121,2,4,'10077452236','ROGER WALTER AGUILAR VASQUEZ','',NULL,NULL,NULL,NULL,NULL,'',1,'2025-09-03 10:09:33'),(122,2,4,'10469210842','MERA PANDURO FERNANDO EDISLAO','',NULL,NULL,NULL,NULL,NULL,'',1,'2025-09-03 10:09:33'),(123,2,4,'20528195475','AGROPECUARIA LA CHACRA SRL','',NULL,NULL,NULL,NULL,NULL,'CAL. TACNA NRO. 351',1,'2025-09-03 10:09:33'),(124,2,4,'20602482791','GALLARDO Y ZAMORA CORREDORES DE SEGUROS Y ASOCIADOS S.A.','',NULL,NULL,NULL,NULL,NULL,'AV. CORONEL FRANCISCO BOLOGNE NRO. 904 BAR. CHINO',1,'2025-09-03 10:09:33'),(125,2,4,'10052824562','POWER VILLACORTA ROBERTO CARLOS','',NULL,NULL,NULL,NULL,NULL,'',1,'2025-09-03 10:09:33'),(126,2,4,'20610357513','CLUB DEPORTIVO LORETANAS DE ORO','',NULL,NULL,NULL,NULL,NULL,'CAL. ROMULO ESPINAR NRO. 163 P.J. SERAFIN FILOMENO',1,'2025-09-03 10:09:33'),(127,2,4,'10053253178','CARMEN RAQUEL NUÑEZ RENGIFO','',NULL,NULL,NULL,NULL,NULL,'',1,'2025-09-03 10:09:33'),(128,2,4,'20603711069','THE PERUVIAN SOCIAL INCUBATOR SAC','',NULL,NULL,NULL,NULL,NULL,'PZA. DE LA BANDERA NRO. 119 DPTO. 601 URB. LA AREQUIPEÑA',1,'2025-09-03 10:09:33'),(129,2,4,'20608734261','OXIGENO DEL ORIENTE AMAZONICO SAC','',NULL,NULL,NULL,NULL,NULL,'CAL. LOS ANGELES NRO. 125',1,'2025-09-03 10:09:33'),(130,2,4,'20493223993','THE YELLOW ROSE OF TEXAS EIRL','',NULL,NULL,NULL,NULL,NULL,'JR. PUTUMAYO NRO. 174',1,'2025-09-03 10:09:33'),(131,2,4,'20105935146','INSTITUTO SUPERIOR TECNOLÓGICO EMILIO ROMERO PADILLA EIRL','',NULL,NULL,NULL,NULL,NULL,'JR. PROSPERO NRO. 501',1,'2025-09-03 10:09:33'),(132,2,4,'10733159567','OPTICA OPTILENTES','',NULL,NULL,NULL,NULL,NULL,'',1,'2025-09-03 10:09:33'),(133,2,4,'20603141131','REPRESENTACIONES MARYMOTOR´S EIRL','',NULL,NULL,NULL,NULL,NULL,'AV. FREYRE NRO. 827',1,'2025-09-03 10:09:33'),(134,2,4,'20528340661','CLÍNICA VETERINARIA COMCENTER JUÁREZ EIRL','',NULL,NULL,NULL,NULL,NULL,'AV. GRAU NRO. 957A',1,'2025-09-03 10:09:33'),(135,2,4,'20612340065','INVERSIONES MÉDICAS CELIS Y MARIN EIRL (CEL MAR)','',NULL,NULL,NULL,NULL,NULL,'CAL. RIO CHIRA LT. 30 MZ. A URB. EL ALAMO',1,'2025-09-03 10:09:33'),(136,2,4,'10105474798','PABLO MARTÍN CASUSO CHÁVEZ','',NULL,NULL,NULL,NULL,NULL,'',1,'2025-09-03 10:09:33'),(137,2,4,'10053395959','JUAN ANTONIO LA TORRE LÓPEZ','',NULL,NULL,NULL,NULL,NULL,'',1,'2025-09-03 10:09:33'),(138,2,4,'10072612022','DENIS LINARES CAMBERO','',NULL,NULL,NULL,NULL,NULL,'',1,'2025-09-03 10:09:33'),(139,2,4,'20602268382','AMAZON GARDEN ECOLODGE BOUTIQUE (SANTA MARILYN EIRL)','',NULL,NULL,NULL,NULL,NULL,'JR. PUTUMAYO NRO. 423 P.J. SERAFIN FILOMENO',1,'2025-09-03 10:09:33'),(140,2,4,'20528449833','INVERSIONES GENERALES LA MARINA SRL','',NULL,NULL,NULL,NULL,NULL,'',1,'2025-09-03 10:09:33'),(141,2,4,'10053749441','MARIANO VIEIRA BOCANEGRA','',NULL,NULL,NULL,NULL,NULL,'',1,'2025-09-03 10:09:33'),(142,2,4,'10052215027','ELSA SATO AREVALO','',NULL,NULL,NULL,NULL,NULL,'',1,'2025-09-03 10:09:33'),(143,2,4,'20608205013','BOTICA Y PERFUMERIA MARY EIRL','',NULL,NULL,NULL,NULL,NULL,'CAL. LAS FLORES LT. 21 MZ. A A.H. PROGRESO',1,'2025-09-03 10:09:33'),(144,2,4,'10433032310','MARÍA DE JESÚS RENGIFO RAMÍREZ/HOSPEDAJE COYZA','',NULL,NULL,NULL,NULL,NULL,'',1,'2025-09-03 10:09:33'),(145,2,4,'10445204477','GUERRA ALVAN ARIANA BLANCA','',NULL,NULL,NULL,NULL,NULL,'',1,'2025-09-03 10:09:33'),(146,2,4,'10422051011','LUIS FRANCISCO SANCHEZ ZAMORA','',NULL,NULL,NULL,NULL,NULL,'',1,'2025-09-03 10:09:33'),(147,2,4,'20610978101','MV SERVICIOS INTEGRALES SRL','',NULL,NULL,NULL,NULL,NULL,'CAL. PEVAS NRO. 534',1,'2025-09-03 10:09:33'),(148,2,4,'20600358902','ORGANIZACIÓN NO GUBERNAMENTAL VOZ Y ACCIÓN CIUDADANA','',NULL,NULL,NULL,NULL,NULL,'CAL. LAS COLINAS NRO. 187',1,'2025-09-03 10:09:33'),(149,2,4,'10420128024','GIAN PIERRE AREVALO RIVADENEYRA','',NULL,NULL,NULL,NULL,NULL,'',1,'2025-09-03 10:09:33'),(150,2,4,'20528290036','DELEITES DE LA AMAZONIA LA MISHQUINA E.I.R.L.','',NULL,NULL,NULL,NULL,NULL,'JR. PROSPERO NRO. 503',1,'2025-09-03 10:09:33'),(151,2,4,'20606938200','LUPUNA FOOD S.A.C.','',NULL,NULL,NULL,NULL,NULL,'CAL. CALVO DE ARAUJO NRO. 2538',1,'2025-09-03 10:09:33'),(152,2,4,'20605378081','SERVICIOS Y CONSULTORIA EN HIDROCARBUROS E INVERSIONES S.A.C.','',NULL,NULL,NULL,NULL,NULL,'CAL. FRANCISCO CARRASCO LT. 24 MZ. E',1,'2025-09-03 10:09:33'),(153,2,4,'20602315411','SERVICIO DE CAPACITACION E INSTRUCCION REYES','',NULL,NULL,NULL,NULL,NULL,'PRO. JOSE GALVEZ NRO. 135',1,'2025-09-03 10:09:33'),(154,2,4,'20601893488','QA CERTIFICATION SERVICES LATAM S.A.C.','',NULL,NULL,NULL,NULL,NULL,'CAL. GENERAL RECAVARREN NRO. 111 DPTO. 605 URB. SURQUILLO',1,'2025-09-03 10:09:33'),(155,2,4,'20612394386','AMAZON TROPICALS FISH FARM AQUARIUM S.R.L.','',NULL,NULL,NULL,NULL,NULL,'CAL. 7 LT. 13 MZ. C URB. POPULAR MORONACOCHA',1,'2025-09-03 10:09:33'),(156,2,4,'20600665953','AMAZON SECURITY PERU S.R.L.','',NULL,NULL,NULL,NULL,NULL,'PJ. 06 DE SETIEMBRE NRO. 176 BAR. HUAYCO',1,'2025-09-03 10:09:33'),(157,2,4,'20603075413','INVERSIONES Y SERVICIOS TURISTICOS PANAMA S.A.C.','',NULL,NULL,NULL,NULL,NULL,'JR. SARGENTO LORES NRO. 391 URB. JARDIN PAZ',1,'2025-09-04 16:09:27'),(158,2,4,'20606453397','ACUA CORP S.A.C.','',NULL,NULL,NULL,NULL,NULL,'CAL. LAS MALVINAS NRO. SN CAS. RUMOCOCHA',1,'2025-09-04 16:09:27'),(159,2,4,'20493364899','INVERSIONES RIO AMAZONAS S.A.C.','',NULL,NULL,NULL,NULL,NULL,'JR. NAPO NRO. 118',1,'2025-09-04 16:09:27'),(160,2,4,'10722281701','MONTAÑEZ PASTOR LUISELL NADIR','',NULL,NULL,NULL,NULL,NULL,'----',1,'2025-09-04 16:09:27'),(161,2,4,'20567280234','AGRO INDUSTRIAS Y SERVICIOS NAUTA E.I.R.L.','',NULL,NULL,NULL,NULL,NULL,'CAL. BELLO HORIZONTE NRO. 190 A.H. BELLO HORIZONTE',1,'2025-09-04 16:09:27'),(162,2,4,'20607091545','OPTICA & NOVEDADES LI EMPRESA INDIVIDUAL DE RESPONSABILIDAD LIMITADA','',NULL,NULL,NULL,NULL,NULL,'CAL. SARGENTO LORES NRO. 240',1,'2025-09-04 16:09:27'),(163,2,4,'20607118389','DE MI ABUELA SUS SECRETITOS SAC','',NULL,NULL,NULL,NULL,NULL,'PJ. VILLA CAMELIAS LT. 10 MZ. A A.H. CAMELIAS',1,'2025-09-04 16:09:27'),(164,2,4,'10412353213','ESTELA DEL PILAR CABRERA GUERRERO','',NULL,NULL,NULL,NULL,NULL,'----',1,'2025-09-04 16:09:27'),(165,2,4,'10052148150','SOLSOL SALDAÑA WENSESLAO','',NULL,NULL,NULL,NULL,NULL,'----',1,'2025-09-04 16:09:27'),(182,2,4,'20538856674','ARTROSCOPICTRAUMA S.A.C.','','michel@gmail.com','1','1','916529321','','AV. GRAL.GARZON NRO. 2320 URB. FUNDO OYAGUE - LIMA LIMA JESUS MARIA',1,'2025-09-26 14:37:30');
/*!40000 ALTER TABLE `clientes` ENABLE KEYS */;
UNLOCK TABLES;

--
-- Table structure for table `cobranza`
--

DROP TABLE IF EXISTS `cobranza`;
/*!40101 SET @saved_cs_client     = @@character_set_client */;
 SET character_set_client = utf8mb4 ;
CREATE TABLE `cobranza` (
  `id_cobranza` int NOT NULL AUTO_INCREMENT,
  `id_socio` int NOT NULL,
  `id_categoria` int NOT NULL,
  `cobranza_anho` int NOT NULL,
  `cobranza_mes` int NOT NULL,
  `cobranza_fecha_vencimiento` date NOT NULL,
  `cobranza_monto` decimal(10,2) NOT NULL,
  `cobranza_monto_cobrado` decimal(10,2) DEFAULT NULL,
  `cobranza_observacion` varchar(600) COLLATE utf8mb4_unicode_ci DEFAULT NULL,
  `id_venta` int DEFAULT NULL,
  `cobranza_estado` tinyint NOT NULL,
  `cobranza_notificado` int NOT NULL DEFAULT '0',
  PRIMARY KEY (`id_cobranza`),
  KEY `id_socio` (`id_socio`),
  KEY `id_categoria` (`id_categoria`),
  KEY `id_venta` (`id_venta`),
  CONSTRAINT `cobranza_ibfk_1` FOREIGN KEY (`id_socio`) REFERENCES `socio` (`id_socio`) ON DELETE RESTRICT ON UPDATE RESTRICT,
  CONSTRAINT `cobranza_ibfk_2` FOREIGN KEY (`id_categoria`) REFERENCES `categorias` (`id_categoria`) ON DELETE RESTRICT ON UPDATE RESTRICT,
  CONSTRAINT `cobranza_ibfk_3` FOREIGN KEY (`id_venta`) REFERENCES `ventas` (`id_venta`) ON DELETE RESTRICT ON UPDATE RESTRICT
) ENGINE=InnoDB DEFAULT CHARSET=utf8mb4 COLLATE=utf8mb4_unicode_ci;
/*!40101 SET character_set_client = @saved_cs_client */;

--
-- Dumping data for table `cobranza`
--

LOCK TABLES `cobranza` WRITE;
/*!40000 ALTER TABLE `cobranza` DISABLE KEYS */;
/*!40000 ALTER TABLE `cobranza` ENABLE KEYS */;
UNLOCK TABLES;

--
-- Table structure for table `correlativos`
--

DROP TABLE IF EXISTS `correlativos`;
/*!40101 SET @saved_cs_client     = @@character_set_client */;
 SET character_set_client = utf8mb4 ;
CREATE TABLE `correlativos` (
  `id_correlativo` int NOT NULL AUTO_INCREMENT,
  `correlativo_b` int NOT NULL,
  `correlativo_f` int NOT NULL,
  `correlativo_in` int NOT NULL,
  `correlativo_out` int NOT NULL,
  `correlativo_nc` int NOT NULL,
  `correlativo_nd` int NOT NULL,
  `correlativo_venta` int NOT NULL,
  PRIMARY KEY (`id_correlativo`)
) ENGINE=InnoDB AUTO_INCREMENT=2 DEFAULT CHARSET=utf8mb3 COLLATE=utf8mb3_spanish_ci;
/*!40101 SET character_set_client = @saved_cs_client */;

--
-- Dumping data for table `correlativos`
--

LOCK TABLES `correlativos` WRITE;
/*!40000 ALTER TABLE `correlativos` DISABLE KEYS */;
INSERT INTO `correlativos` VALUES (1,6,3,100081,100166,2,1,100048);
/*!40000 ALTER TABLE `correlativos` ENABLE KEYS */;
UNLOCK TABLES;

--
-- Table structure for table `egresos`
--

DROP TABLE IF EXISTS `egresos`;
/*!40101 SET @saved_cs_client     = @@character_set_client */;
 SET character_set_client = utf8mb4 ;
CREATE TABLE `egresos` (
  `id_egreso` int NOT NULL AUTO_INCREMENT,
  `id_usuario` int NOT NULL,
  `egreso_descripcion` varchar(500) COLLATE utf8mb3_spanish_ci NOT NULL,
  `egreso_monto` float(10,2) NOT NULL,
  `egreso_estado` tinyint(1) NOT NULL,
  `egreso_fecha_registro` datetime NOT NULL,
  PRIMARY KEY (`id_egreso`)
) ENGINE=InnoDB DEFAULT CHARSET=utf8mb3 COLLATE=utf8mb3_spanish_ci;
/*!40101 SET character_set_client = @saved_cs_client */;

--
-- Dumping data for table `egresos`
--

LOCK TABLES `egresos` WRITE;
/*!40000 ALTER TABLE `egresos` DISABLE KEYS */;
/*!40000 ALTER TABLE `egresos` ENABLE KEYS */;
UNLOCK TABLES;

--
-- Table structure for table `empresa`
--

DROP TABLE IF EXISTS `empresa`;
/*!40101 SET @saved_cs_client     = @@character_set_client */;
 SET character_set_client = utf8mb4 ;
CREATE TABLE `empresa` (
  `id_empresa` int NOT NULL AUTO_INCREMENT,
  `empresa_razon_social` varchar(200) COLLATE utf8mb3_unicode_ci NOT NULL,
  `empresa_nombrecomercial` varchar(250) COLLATE utf8mb3_unicode_ci NOT NULL,
  `empresa_descripcion` varchar(200) COLLATE utf8mb3_unicode_ci DEFAULT NULL,
  `empresa_ruc` varchar(20) COLLATE utf8mb3_unicode_ci NOT NULL,
  `empresa_domiciliofiscal` varchar(200) COLLATE utf8mb3_unicode_ci DEFAULT NULL,
  `empresa_pais` varchar(30) COLLATE utf8mb3_unicode_ci DEFAULT NULL,
  `empresa_departamento` varchar(30) COLLATE utf8mb3_unicode_ci DEFAULT NULL,
  `empresa_provincia` varchar(50) COLLATE utf8mb3_unicode_ci DEFAULT NULL,
  `empresa_distrito` varchar(50) COLLATE utf8mb3_unicode_ci DEFAULT NULL,
  `empresa_ubigeo` varchar(20) COLLATE utf8mb3_unicode_ci DEFAULT NULL,
  `empresa_telefono1` varchar(20) COLLATE utf8mb3_unicode_ci DEFAULT NULL,
  `empresa_telefono2` varchar(20) COLLATE utf8mb3_unicode_ci DEFAULT NULL,
  `empresa_celular1` varchar(20) COLLATE utf8mb3_unicode_ci DEFAULT NULL,
  `empresa_celular2` varchar(20) COLLATE utf8mb3_unicode_ci DEFAULT NULL,
  `empresa_foto` varchar(250) COLLATE utf8mb3_unicode_ci DEFAULT NULL,
  `empresa_correo` varchar(150) COLLATE utf8mb3_unicode_ci DEFAULT NULL,
  `empresa_usuario_sol` varchar(50) COLLATE utf8mb3_unicode_ci NOT NULL,
  `empresa_clave_sol` varchar(50) COLLATE utf8mb3_unicode_ci NOT NULL,
  `empresa_fechayhora` datetime NOT NULL DEFAULT CURRENT_TIMESTAMP,
  `empresa_estado` tinyint NOT NULL DEFAULT '1',
  PRIMARY KEY (`id_empresa`)
) ENGINE=InnoDB AUTO_INCREMENT=2 DEFAULT CHARSET=utf8mb3 COLLATE=utf8mb3_unicode_ci;
/*!40101 SET character_set_client = @saved_cs_client */;

--
-- Dumping data for table `empresa`
--

LOCK TABLES `empresa` WRITE;
/*!40000 ALTER TABLE `empresa` DISABLE KEYS */;
INSERT INTO `empresa` VALUES (1,'CAMARA DE COMERCIO IND Y TURIS DE LORETO','CAMARA DE COMERCIO INDUSTRIA Y TURISMO DE LORETO',NULL,'20162270134','CAL.HUALLAGA NRO. 311 (TERCER PISO) LORETO - MAYNAS - IQUITOS','PE','LORETO','MAYNAS','IQUITOS','160101',NULL,NULL,'',NULL,NULL,NULL,'CCLBUFEO','CCLBufeo1','2022-01-27 17:16:47',1);
/*!40000 ALTER TABLE `empresa` ENABLE KEYS */;
UNLOCK TABLES;

--
-- Table structure for table `envio_resumen`
--

DROP TABLE IF EXISTS `envio_resumen`;
/*!40101 SET @saved_cs_client     = @@character_set_client */;
 SET character_set_client = utf8mb4 ;
CREATE TABLE `envio_resumen` (
  `id_envio_resumen` int NOT NULL AUTO_INCREMENT,
  `id_empresa` int NOT NULL DEFAULT '1',
  `envio_resumen_fecha` date NOT NULL,
  `envio_resumen_serie` varchar(20) NOT NULL,
  `envio_resumen_correlativo` varchar(20) NOT NULL,
  `envio_resumen_nombreXML` varchar(200) DEFAULT NULL,
  `envio_resumen_nombreCDR` varchar(200) DEFAULT NULL,
  `envio_resumen_estado` tinyint NOT NULL DEFAULT '0',
  `envio_resumen_estadosunat` varchar(2000) DEFAULT NULL,
  `envio_resumen_estadosunat_consulta` varchar(2000) DEFAULT NULL,
  `envio_resumen_ticket` varchar(100) NOT NULL,
  `envio_sunat_datetime` datetime NOT NULL DEFAULT CURRENT_TIMESTAMP,
  PRIMARY KEY (`id_envio_resumen`),
  KEY `id_empresa` (`id_empresa`)
) ENGINE=InnoDB DEFAULT CHARSET=latin1;
/*!40101 SET character_set_client = @saved_cs_client */;

--
-- Dumping data for table `envio_resumen`
--

LOCK TABLES `envio_resumen` WRITE;
/*!40000 ALTER TABLE `envio_resumen` DISABLE KEYS */;
/*!40000 ALTER TABLE `envio_resumen` ENABLE KEYS */;
UNLOCK TABLES;

--
-- Table structure for table `envio_resumen_detalle`
--

DROP TABLE IF EXISTS `envio_resumen_detalle`;
/*!40101 SET @saved_cs_client     = @@character_set_client */;
 SET character_set_client = utf8mb4 ;
CREATE TABLE `envio_resumen_detalle` (
  `id_envio_resumen_detalle` int NOT NULL AUTO_INCREMENT,
  `id_envio_resumen` int NOT NULL,
  `id_venta` int NOT NULL,
  `envio_resumen_detalle_condicion` tinyint NOT NULL COMMENT '1-Creacion, 2-Actualizacion, 3-Baja',
  PRIMARY KEY (`id_envio_resumen_detalle`),
  KEY `id_envio_resumen` (`id_envio_resumen`)
) ENGINE=InnoDB DEFAULT CHARSET=latin1;
/*!40101 SET character_set_client = @saved_cs_client */;

--
-- Dumping data for table `envio_resumen_detalle`
--

LOCK TABLES `envio_resumen_detalle` WRITE;
/*!40000 ALTER TABLE `envio_resumen_detalle` DISABLE KEYS */;
/*!40000 ALTER TABLE `envio_resumen_detalle` ENABLE KEYS */;
UNLOCK TABLES;

--
-- Table structure for table `eventos`
--

DROP TABLE IF EXISTS `eventos`;
/*!40101 SET @saved_cs_client     = @@character_set_client */;
 SET character_set_client = utf8mb4 ;
CREATE TABLE `eventos` (
  `id_evento` int NOT NULL AUTO_INCREMENT,
  `evento_nombre` varchar(100) DEFAULT NULL,
  `evento_fecha` datetime DEFAULT CURRENT_TIMESTAMP,
  `evento_estado` tinyint DEFAULT '1',
  PRIMARY KEY (`id_evento`)
) ENGINE=InnoDB AUTO_INCREMENT=6 DEFAULT CHARSET=utf8mb4 COLLATE=utf8mb4_0900_ai_ci;
/*!40101 SET character_set_client = @saved_cs_client */;

--
-- Dumping data for table `eventos`
--

LOCK TABLES `eventos` WRITE;
/*!40000 ALTER TABLE `eventos` DISABLE KEYS */;
INSERT INTO `eventos` VALUES (1,'Eventos 1','2025-09-26 11:11:52',1),(2,'Eventos 2','2025-09-26 11:11:52',1),(3,'Eventos 3','2025-09-26 11:11:52',1),(4,'Eventos 4','2025-09-26 11:11:52',1),(5,'Eventos 5','2025-09-26 11:11:52',1);
/*!40000 ALTER TABLE `eventos` ENABLE KEYS */;
UNLOCK TABLES;

--
-- Table structure for table `eventos_asist`
--

DROP TABLE IF EXISTS `eventos_asist`;
/*!40101 SET @saved_cs_client     = @@character_set_client */;
 SET character_set_client = utf8mb4 ;
CREATE TABLE `eventos_asist` (
  `id_eventoasist` int NOT NULL AUTO_INCREMENT,
  `eventoasist_idsocio` int DEFAULT NULL,
  `eventoasist_idevento` int DEFAULT NULL,
  `eventoasist_fecha` datetime DEFAULT NULL,
  `eventoasist_hora` time DEFAULT NULL,
  `eventoasist_estado` tinyint DEFAULT '1',
  PRIMARY KEY (`id_eventoasist`),
  KEY `fk_disocio_socio` (`eventoasist_idsocio`),
  KEY `fk_idevento_evento` (`eventoasist_idevento`),
  CONSTRAINT `fk_disocio_socio` FOREIGN KEY (`eventoasist_idsocio`) REFERENCES `socio` (`id_socio`),
  CONSTRAINT `fk_idevento_evento` FOREIGN KEY (`eventoasist_idevento`) REFERENCES `eventos` (`id_evento`)
) ENGINE=InnoDB DEFAULT CHARSET=utf8mb4 COLLATE=utf8mb4_0900_ai_ci;
/*!40101 SET character_set_client = @saved_cs_client */;

--
-- Dumping data for table `eventos_asist`
--

LOCK TABLES `eventos_asist` WRITE;
/*!40000 ALTER TABLE `eventos_asist` DISABLE KEYS */;
/*!40000 ALTER TABLE `eventos_asist` ENABLE KEYS */;
UNLOCK TABLES;

--
-- Table structure for table `grupos`
--

DROP TABLE IF EXISTS `grupos`;
/*!40101 SET @saved_cs_client     = @@character_set_client */;
 SET character_set_client = utf8mb4 ;
CREATE TABLE `grupos` (
  `id_grupo` int NOT NULL AUTO_INCREMENT,
  `grupo_nombre` varchar(20) COLLATE utf8mb4_unicode_ci NOT NULL,
  `grupo_icono` varchar(100) COLLATE utf8mb4_unicode_ci NOT NULL,
  `grupo_orden` int NOT NULL,
  `grupo_mostrar` int NOT NULL,
  `grupo_estado` int NOT NULL,
  PRIMARY KEY (`id_grupo`)
) ENGINE=InnoDB AUTO_INCREMENT=7 DEFAULT CHARSET=utf8mb4 COLLATE=utf8mb4_unicode_ci;
/*!40101 SET character_set_client = @saved_cs_client */;

--
-- Dumping data for table `grupos`
--

LOCK TABLES `grupos` WRITE;
/*!40000 ALTER TABLE `grupos` DISABLE KEYS */;
INSERT INTO `grupos` VALUES (1,'Configuración','fa-solid fa-gear',1,1,1),(2,'Generales','fa fa-tasks',3,1,1),(3,'Asociados','fa fa-users',4,1,1),(4,'Facturacion','fa fa-bolt',5,1,1),(5,'Visitantes','fa fa-book',6,1,1),(6,'Reportes','fa fa-retweet',7,1,1);
/*!40000 ALTER TABLE `grupos` ENABLE KEYS */;
UNLOCK TABLES;

--
-- Table structure for table `igv`
--

DROP TABLE IF EXISTS `igv`;
/*!40101 SET @saved_cs_client     = @@character_set_client */;
 SET character_set_client = utf8mb4 ;
CREATE TABLE `igv` (
  `id_igv` int NOT NULL AUTO_INCREMENT,
  `igv_codigo` varchar(50) COLLATE utf8mb3_spanish_ci NOT NULL,
  `igv_codigoafectacion` varchar(10) COLLATE utf8mb3_spanish_ci NOT NULL DEFAULT '10',
  `igv_descripcion` varchar(100) COLLATE utf8mb3_spanish_ci NOT NULL,
  `igv_codigoInternacional` varchar(50) COLLATE utf8mb3_spanish_ci NOT NULL,
  `igv_nombre` varchar(50) COLLATE utf8mb3_spanish_ci NOT NULL,
  `igv_tipodeafectacion` varchar(100) COLLATE utf8mb3_spanish_ci NOT NULL,
  `igv_tipo_json` tinyint NOT NULL,
  `igv_estado` tinyint NOT NULL DEFAULT '1',
  PRIMARY KEY (`id_igv`)
) ENGINE=InnoDB AUTO_INCREMENT=21 DEFAULT CHARSET=utf8mb3 COLLATE=utf8mb3_spanish_ci;
/*!40101 SET character_set_client = @saved_cs_client */;

--
-- Dumping data for table `igv`
--

LOCK TABLES `igv` WRITE;
/*!40000 ALTER TABLE `igv` DISABLE KEYS */;
INSERT INTO `igv` VALUES (1,'1000','10','IGV Impuesto General a las Ventas','VAT','IGV','Gravado - Operación Onerosa',1,1),(2,'9998','30','Inafecta','FRE','INA','Inafecto - Operación Onerosa',9,1),(3,'9997','20','Exonerado','VAT','EXO','Exonerado - Operación Onerosa',8,1),(4,'9996','11','Gratuito','FRE','GRA','[Gratuita] Gravado - Retiro por premio',2,1),(5,'9996','12','Gratuito','FRE','GRA','[Gratuita] Gravado - Retiro por donación',3,1),(6,'9996','13','Gratuito','FRE','GRA','[Gratuita] Gravado - Retiro',4,1),(7,'9996','14','Gratuito','FRE','GRA','[Gratuita] Gravado - Retiro por publicidad',5,1),(8,'9996','15','Gratuito','FRE','GRA','[Gratuita] Gravado - Bonificaciones',6,1),(9,'9996','16','Gratuito','FRE','GRA','[Gratuita] Gravado - Retiro por entrega a trabajadores',7,1),(10,'1016','17','Impuesto a la Venta Arroz Pilado','VAT','IVAP','Gravado - IVAP',17,1),(11,'9996','21','Gratuita','FRE','GRA','[Gratuita] Exonerado - Transferencia gratuita',0,0),(12,'9996','31','Gratuito','FRE','GRA','[Gratuita] Inafecta - Retiro por Bonificación',10,1),(13,'9996','32','Gratuito','FRE','GRA','[Gratuita] Inafecto - Retiro',11,1),(14,'9996','33','Gratuito','FRE','GRA','[Gratuita] Inafecto - Retiro por Muestras Médicas',12,1),(15,'9996','34','Gratuito','FRE','GRA','[Gratuita] Inafecto - Retiro por Convenio Colectivo',13,1),(16,'9996','35','Gratuito','FRE','GRA','[Gratuita] Inafecto - Retiro por premio',14,1),(17,'9996','36','Gratuito','FRE','GRA','[Gratuita] Inafecto - Retiro por publicidad',15,1),(18,'9996','37','Gratuito','FRE','GRA','[Gratuita] Inafecto - Transferencia gratuita',0,0),(19,'9995','40','Exportación','FRE','EXP','Exportación de Bienes o Servicios',16,1),(20,'9996','17','Gratuito','FRE','GRA','[Gratuita] Gravado - IVAP',101,1);
/*!40000 ALTER TABLE `igv` ENABLE KEYS */;
UNLOCK TABLES;

--
-- Table structure for table `medida`
--

DROP TABLE IF EXISTS `medida`;
/*!40101 SET @saved_cs_client     = @@character_set_client */;
 SET character_set_client = utf8mb4 ;
CREATE TABLE `medida` (
  `id_medida` int NOT NULL AUTO_INCREMENT,
  `medida_codigo_unidad` varchar(100) COLLATE utf8mb3_spanish_ci NOT NULL,
  `medida_nombre` varchar(200) COLLATE utf8mb3_spanish_ci DEFAULT NULL,
  `medida_activo` int NOT NULL,
  PRIMARY KEY (`id_medida`)
) ENGINE=InnoDB AUTO_INCREMENT=63 DEFAULT CHARSET=utf8mb3 COLLATE=utf8mb3_spanish_ci;
/*!40101 SET character_set_client = @saved_cs_client */;

--
-- Dumping data for table `medida`
--

LOCK TABLES `medida` WRITE;
/*!40000 ALTER TABLE `medida` DISABLE KEYS */;
INSERT INTO `medida` VALUES (1,'4A','BOBINAS                                           ',0),(2,'BJ','BALDE                                             ',0),(3,'BLL','BARRILES                                          ',0),(4,'BG','BOLSA                                             ',1),(5,'BO','BOTELLAS                                          ',1),(6,'BX','CAJA                                              ',1),(7,'CT','CARTONES                                          ',0),(8,'CMK','CENTIMETRO CUADRADO                               ',0),(9,'CMQ','CENTIMETRO CUBICO                                 ',0),(10,'CMT','CENTIMETRO LINEAL                                 ',0),(11,'CEN','CIENTO DE UNIDADES                                ',0),(12,'CY','CILINDRO                                          ',0),(13,'CJ','CONOS                                             ',1),(14,'DZN','DOCENA                                            ',0),(15,'DZP','DOCENA POR 10**6                                  ',0),(16,'BE','FARDO                                             ',0),(17,'GLI','GALON INGLES (4,545956L)',0),(18,'GRM','GRAMO                                             ',0),(19,'GRO','GRUESA                                            ',0),(20,'HLT','HECTOLITRO                                        ',0),(21,'LEF','HOJA                                              ',0),(22,'SET','JUEGO                                             ',0),(23,'KGM','KILOGRAMO                                         ',0),(24,'KTM','KILOMETRO                                         ',0),(25,'KWH','KILOVATIO HORA                                    ',0),(26,'KT','KIT                                               ',0),(27,'CA','LATAS                                             ',0),(28,'LBR','LIBRAS                                            ',0),(29,'LTR','LITRO                                             ',1),(30,'MWH','MEGAWATT HORA                                     ',0),(31,'MTR','METRO                                             ',1),(32,'MTK','METRO CUADRADO                                    ',0),(33,'MTQ','METRO CUBICO                                      ',0),(34,'MGM','MILIGRAMOS                                        ',0),(35,'MLT','MILILITRO                                         ',0),(36,'MMT','MILIMETRO                                         ',0),(37,'MMK','MILIMETRO CUADRADO                                ',0),(38,'MMQ','MILIMETRO CUBICO                                  ',0),(39,'MLL','MILLARES                                          ',0),(40,'UM','MILLON DE UNIDADES                                ',0),(41,'ONZ','ONZAS                                             ',0),(42,'PF','PALETAS                                           ',0),(43,'PK','PAQUETE                                           ',0),(44,'PR','PAR                                               ',0),(45,'FOT','PIES                                              ',0),(46,'FTK','PIES CUADRADOS                                    ',0),(47,'FTQ','PIES CUBICOS                                      ',0),(48,'C62','PIEZAS                                            ',0),(49,'PG','PLACAS                                            ',0),(50,'ST','PLIEGO                                            ',0),(51,'INH','PULGADAS                                          ',0),(52,'RM','RESMA                                             ',0),(53,'DR','TAMBOR                                            ',0),(54,'STN','TONELADA CORTA                                    ',0),(55,'LTN','TONELADA LARGA                                    ',0),(56,'TNE','TONELADAS                                         ',0),(57,'TU','TUBOS                                             ',0),(58,'NIU','UNIDAD (BIENES)                                   ',1),(59,'ZZ','UNIDAD (SERVICIOS) ',1),(60,'GLL','US GALON (3,7843 L)',0),(61,'YRD','YARDA                                             ',0),(62,'YDK','YARDA CUADRADA                                    ',0);
/*!40000 ALTER TABLE `medida` ENABLE KEYS */;
UNLOCK TABLES;

--
-- Table structure for table `menus`
--

DROP TABLE IF EXISTS `menus`;
/*!40101 SET @saved_cs_client     = @@character_set_client */;
 SET character_set_client = utf8mb4 ;
CREATE TABLE `menus` (
  `id_menu` int NOT NULL AUTO_INCREMENT,
  `id_grupo` int NOT NULL,
  `menu_nombre` varchar(20) COLLATE utf8mb3_unicode_ci NOT NULL,
  `menu_controlador` varchar(20) COLLATE utf8mb3_unicode_ci NOT NULL,
  `menu_icono` varchar(30) COLLATE utf8mb3_unicode_ci NOT NULL,
  `menu_orden` int NOT NULL,
  `menu_mostrar` tinyint(1) NOT NULL,
  `menu_estado` tinyint(1) NOT NULL,
  PRIMARY KEY (`id_menu`),
  KEY `id_grupo` (`id_grupo`),
  CONSTRAINT `menus_ibfk_1` FOREIGN KEY (`id_grupo`) REFERENCES `grupos` (`id_grupo`)
) ENGINE=InnoDB AUTO_INCREMENT=17 DEFAULT CHARSET=utf8mb3 COLLATE=utf8mb3_unicode_ci;
/*!40101 SET character_set_client = @saved_cs_client */;

--
-- Dumping data for table `menus`
--

LOCK TABLES `menus` WRITE;
/*!40000 ALTER TABLE `menus` DISABLE KEYS */;
INSERT INTO `menus` VALUES (1,1,'Login','Login','-',0,0,1),(2,1,'Panel de Inicio','Admin','fa fa-dashboard',1,0,1),(3,1,'Gestión de Menu','Menu','fa fa-desktop',2,1,1),(4,1,'Roles de Usuario','Rol','fa fa-user-secret',4,1,1),(5,1,'Usuarios','Usuario','fa fa-user',5,1,1),(6,1,'Datos Personales','Datos','fa fa-',0,0,1),(7,2,'Servicios','Servicios','fa fa-star',1,1,1),(8,2,'Categorias','Categorias','fa fa-tags',2,1,1),(9,3,'Socios','Socios','fa fa-user-plus',1,1,1),(10,4,'Ventas','Ventas','fa fa-external-link-square',1,1,1),(11,4,'Gestión de Cobranza','Cobranza','fa fa-laptop',5,1,1),(12,3,'Clientes','Clientes','fa fa-users',2,1,1),(13,2,'Beneficios','Beneficios','fa fa-code-fork',2,1,1),(14,5,'Gestion Horario','Atencion','fa fa-book',1,1,1),(15,5,'Eventos','Evento','fa fa-bullhorn',2,1,1),(16,6,'Ver Reporte','Reporte','fa fa-bullhorn',1,1,1);
/*!40000 ALTER TABLE `menus` ENABLE KEYS */;
UNLOCK TABLES;

--
-- Table structure for table `monedas`
--

DROP TABLE IF EXISTS `monedas`;
/*!40101 SET @saved_cs_client     = @@character_set_client */;
 SET character_set_client = utf8mb4 ;
CREATE TABLE `monedas` (
  `id_moneda` int NOT NULL AUTO_INCREMENT,
  `moneda` varchar(50) COLLATE utf8mb3_spanish_ci NOT NULL,
  `abreviado` varchar(10) COLLATE utf8mb3_spanish_ci NOT NULL,
  `abrstandar` varchar(10) COLLATE utf8mb3_spanish_ci NOT NULL,
  `simbolo` varchar(3) COLLATE utf8mb3_spanish_ci NOT NULL,
  `activo` char(1) COLLATE utf8mb3_spanish_ci NOT NULL,
  PRIMARY KEY (`id_moneda`)
) ENGINE=InnoDB AUTO_INCREMENT=4 DEFAULT CHARSET=utf8mb3 COLLATE=utf8mb3_spanish_ci;
/*!40101 SET character_set_client = @saved_cs_client */;

--
-- Dumping data for table `monedas`
--

LOCK TABLES `monedas` WRITE;
/*!40000 ALTER TABLE `monedas` DISABLE KEYS */;
INSERT INTO `monedas` VALUES (1,'soles','sol','PEN','S/','1'),(2,'dólares','dol','USD','$','1'),(3,'euros','eur','EUR','E','1');
/*!40000 ALTER TABLE `monedas` ENABLE KEYS */;
UNLOCK TABLES;

--
-- Table structure for table `opciones`
--

DROP TABLE IF EXISTS `opciones`;
/*!40101 SET @saved_cs_client     = @@character_set_client */;
 SET character_set_client = utf8mb4 ;
CREATE TABLE `opciones` (
  `id_opcion` int NOT NULL AUTO_INCREMENT,
  `id_menu` int NOT NULL,
  `opcion_nombre` varchar(30) COLLATE utf8mb3_unicode_ci NOT NULL,
  `opcion_funcion` varchar(35) COLLATE utf8mb3_unicode_ci NOT NULL,
  `opcion_icono` char(20) COLLATE utf8mb3_unicode_ci DEFAULT NULL,
  `opcion_mostrar` tinyint(1) NOT NULL,
  `opcion_orden` int NOT NULL,
  `opcion_estado` tinyint(1) NOT NULL,
  PRIMARY KEY (`id_opcion`),
  KEY `id_menu` (`id_menu`),
  CONSTRAINT `opciones_ibfk_1` FOREIGN KEY (`id_menu`) REFERENCES `menus` (`id_menu`)
) ENGINE=InnoDB AUTO_INCREMENT=42 DEFAULT CHARSET=utf8mb3 COLLATE=utf8mb3_unicode_ci;
/*!40101 SET character_set_client = @saved_cs_client */;

--
-- Dumping data for table `opciones`
--

LOCK TABLES `opciones` WRITE;
/*!40000 ALTER TABLE `opciones` DISABLE KEYS */;
INSERT INTO `opciones` VALUES (1,1,'Inicio de Sesion','inicio','-',0,0,1),(2,2,'Inicio','inicio','fa fa-play',1,1,1),(3,2,'Cerrar Sesión','finalizar_sesion','fa fa-sign-out',0,1,1),(4,3,'Gestionar Menús','inicio',NULL,1,1,1),(5,3,'Iconos','iconos',NULL,1,2,1),(6,3,'Accesos por Rol','roles',NULL,0,0,1),(7,3,'Opciones por Menú','opciones',NULL,0,0,1),(8,3,'Gestionar Permisos(breve)','gestion_permisos','',0,0,1),(9,4,'Gestionar Roles','inicio','',1,1,1),(10,4,'Accesos por Rol','accesos','',0,0,1),(11,3,'Gestionar Restricciones(breve)','gestion_restricciones','',0,0,1),(12,5,'Gestionar Usuarios','inicio','',1,1,1),(13,6,'Editar Datos','editar_datos','',0,0,1),(14,6,'Editar Usuario','editar_usuario','',0,0,1),(15,6,'Cambiar Contraseña','cambiar_contrasenha','',0,0,1),(16,3,'Agrupaciones','agrupaciones','',1,3,1),(17,7,'Ver Servicios','servicios','',1,1,1),(18,8,'Ver categorías','categorias','',1,1,1),(19,9,'Afiliación','afiliacion','',1,1,1),(20,9,'Listar Socio','vista_afiliacion','',1,2,1),(21,9,'Generar PDF Soc','generarpdf','',0,3,1),(22,9,'detalle socio','vista_detalle_afiliacion_socio','',0,3,1),(23,10,'Realizar Venta','vista_realizar_venta','',1,1,1),(24,10,'tabla_productos_html','tabla_productos_html','',0,2,1),(25,10,'Listar Ventas','vista_ver_ventas','',1,3,1),(26,10,'imprimir_ticket_pdf','imprimir_ticket_pdf','',0,4,1),(27,10,'imprimir_ticket_pdf_A4','imprimir_ticket_pdf_a4','',0,5,1),(28,11,'Generar Cobranza Masiva','cobranza','',1,1,1),(29,10,'Listar Ventas SUNAT','vista_ver_ventas_sunat',NULL,1,3,1),(30,10,'Listar ventas anuladas','vista_ver_ventas_anulados','',1,5,1),(31,10,'Notas','vista_realizar_nota','',0,6,1),(32,10,'Detalle Venta','vista_detalleventa','',0,5,1),(33,12,'Listar Clientes','vista_cliente','',1,1,1),(34,13,'ver beneficios','vista_beneficios','',1,1,1),(35,13,'detallebeneficio','vista_detallebeneficios','',0,2,1),(36,13,'Uso Beneficio','vista_usobeneficios','',0,2,1),(37,9,'DetalleUso Beneficio','vista_detalle_beneficiousuo_socio','',0,4,1),(38,14,'Lista de Atenciones','vista_listaratenciones','',1,1,1),(39,15,'Listar Eventos','vista_listareventos','',1,1,1),(40,16,'Listar Reportes','vista_listarareporte','',1,1,1),(41,15,'AgregarEventos','vista_listareventosasist','',0,2,1);
/*!40000 ALTER TABLE `opciones` ENABLE KEYS */;
UNLOCK TABLES;

--
-- Table structure for table `pagos`
--

DROP TABLE IF EXISTS `pagos`;
/*!40101 SET @saved_cs_client     = @@character_set_client */;
 SET character_set_client = utf8mb4 ;
CREATE TABLE `pagos` (
  `id_pago` int NOT NULL AUTO_INCREMENT,
  `id_cobranza` int DEFAULT NULL,
  `pago_tipo` varchar(150) CHARACTER SET utf8mb4 COLLATE utf8mb4_unicode_ci DEFAULT NULL,
  `pago_comprobante_imagen` varchar(500) CHARACTER SET utf8mb4 COLLATE utf8mb4_unicode_ci DEFAULT NULL,
  `pago_comprobante_comentario` varchar(500) CHARACTER SET utf8mb4 COLLATE utf8mb4_unicode_ci DEFAULT NULL,
  `pago_monto` decimal(10,2) NOT NULL,
  `pago_fecha` date NOT NULL,
  `pago_estado` tinyint(1) NOT NULL,
  PRIMARY KEY (`id_pago`),
  KEY `id_cobranza` (`id_cobranza`),
  CONSTRAINT `pagos_ibfk_1` FOREIGN KEY (`id_cobranza`) REFERENCES `cobranza` (`id_cobranza`) ON DELETE RESTRICT ON UPDATE RESTRICT
) ENGINE=InnoDB DEFAULT CHARSET=utf8mb4 COLLATE=utf8mb4_unicode_ci;
/*!40101 SET character_set_client = @saved_cs_client */;

--
-- Dumping data for table `pagos`
--

LOCK TABLES `pagos` WRITE;
/*!40000 ALTER TABLE `pagos` DISABLE KEYS */;
/*!40000 ALTER TABLE `pagos` ENABLE KEYS */;
UNLOCK TABLES;

--
-- Table structure for table `permisos`
--

DROP TABLE IF EXISTS `permisos`;
/*!40101 SET @saved_cs_client     = @@character_set_client */;
 SET character_set_client = utf8mb4 ;
CREATE TABLE `permisos` (
  `id_permiso` int NOT NULL AUTO_INCREMENT,
  `id_opcion` int NOT NULL,
  `permiso_accion` varchar(30) COLLATE utf8mb3_unicode_ci NOT NULL,
  `permiso_estado` tinyint(1) NOT NULL,
  PRIMARY KEY (`id_permiso`),
  KEY `id_opcion` (`id_opcion`),
  CONSTRAINT `permisos_ibfk_1` FOREIGN KEY (`id_opcion`) REFERENCES `opciones` (`id_opcion`)
) ENGINE=InnoDB AUTO_INCREMENT=75 DEFAULT CHARSET=utf8mb3 COLLATE=utf8mb3_unicode_ci;
/*!40101 SET character_set_client = @saved_cs_client */;

--
-- Dumping data for table `permisos`
--

LOCK TABLES `permisos` WRITE;
/*!40000 ALTER TABLE `permisos` DISABLE KEYS */;
INSERT INTO `permisos` VALUES (1,1,'validar_sesion',1),(2,4,'guardar_menu',1),(3,6,'configurar_relacion',1),(4,7,'guardar_opcion',1),(5,7,'agregar_permiso',1),(6,7,'eliminar_permiso',1),(7,7,'configurar_acceso',1),(8,9,'guardar_rol',1),(9,10,'gestionar_acceso_rol',1),(10,12,'guardar_nuevo_usuario',1),(11,12,'guardar_edicion_usuario',1),(12,12,'guardar_edicion_persona',1),(13,12,'restablecer_contrasenha',1),(14,13,'guardar_datos',1),(15,14,'guardar_usuario',1),(16,15,'guardar_contrasenha',1),(17,16,'guardar_grupo',1),(18,16,'agregar_permisos_grupo',1),(19,16,'eliminar_permisos_grupo',1),(20,17,'guardar_servicio',1),(21,18,'guardar_categoria',1),(22,19,'rubro_por_sector',1),(23,19,'listar_categoria_select',1),(26,20,'vista_afiliacion',1),(27,19,'guardar_socio',1),(28,20,'vista_detalle_afiliacion_socio',1),(30,23,'vista_realizar_venta',1),(31,23,'consultar_serie',1),(34,24,'tabla_productos_html',1),(35,23,'guardar_venta',1),(36,25,'vista_ver_ventas',1),(37,23,'crear_xml_enviar_sunat',1),(40,25,'imprimir_ticket_pdf_a4',1),(41,26,'imprimir_ticket_pdf_a4',1),(42,23,'crear_tiket',1),(43,27,'imprimir_ticket_pdf_a4',1),(44,20,'obtener_datos_x_ruc',1),(45,28,'generar_cobranza',1),(46,25,'comunicacion_baja',1),(48,17,'buscar_servicio_nombreycodigo',1),(49,31,'consultar_serie_nota',1),(50,31,'tipo_nota_descripcion',1),(51,33,'obtener_datos_x_numdocumento',1),(52,34,'vista_beneficios',1),(56,35,'vista_detallebeneficios',1),(57,35,'guardar_categoriabeneficio',1),(58,35,'eliminar_categoriabeneficio',1),(59,34,'guardar_beneficio',1),(60,34,'eliminar_beneficio',1),(62,34,'listar_categoriaben_select',1),(63,36,'guardar_beneficiouso',1),(64,36,'eliminar_beneficiouso',1),(66,38,'vista_listaratenciones',1),(67,38,'guardar_atencion',1),(68,38,'eliminar_atencion',1),(69,18,'listar_categoria_select',1),(70,39,'vista_listareventos',1),(71,39,'guardar_eventoasit',1),(72,39,'eliminar_eventoasit',1),(73,41,'vista_listareventosasist',1),(74,39,'vista_listareventosasit',1);
/*!40000 ALTER TABLE `permisos` ENABLE KEYS */;
UNLOCK TABLES;

--
-- Table structure for table `personas`
--

DROP TABLE IF EXISTS `personas`;
/*!40101 SET @saved_cs_client     = @@character_set_client */;
 SET character_set_client = utf8mb4 ;
CREATE TABLE `personas` (
  `id_persona` int NOT NULL AUTO_INCREMENT,
  `persona_nombre` varchar(100) COLLATE utf8mb3_unicode_ci NOT NULL,
  `persona_apellido_paterno` varchar(30) COLLATE utf8mb3_unicode_ci NOT NULL,
  `persona_apellido_materno` varchar(30) COLLATE utf8mb3_unicode_ci DEFAULT NULL,
  `persona_nacimiento` date DEFAULT NULL,
  `persona_telefono` char(15) COLLATE utf8mb3_unicode_ci DEFAULT NULL,
  `persona_creacion` datetime NOT NULL,
  `persona_modificacion` datetime NOT NULL,
  `person_codigo` varchar(40) COLLATE utf8mb3_unicode_ci NOT NULL,
  PRIMARY KEY (`id_persona`)
) ENGINE=InnoDB AUTO_INCREMENT=4 DEFAULT CHARSET=utf8mb3 COLLATE=utf8mb3_unicode_ci;
/*!40101 SET character_set_client = @saved_cs_client */;

--
-- Dumping data for table `personas`
--

LOCK TABLES `personas` WRITE;
/*!40000 ALTER TABLE `personas` DISABLE KEYS */;
INSERT INTO `personas` VALUES (1,'César José','Ruiz',NULL,NULL,NULL,'2020-09-17 00:00:00','2020-09-17 00:00:00','010101010101'),(2,'Carlos','Melendez','Bernuy','1996-06-14','965874123','2020-10-27 18:29:10','2020-10-27 18:29:10','1603841350.1786'),(3,'guardian','1',NULL,NULL,NULL,'2025-09-24 12:59:35','2025-09-24 12:59:35','1758736775.3908');
/*!40000 ALTER TABLE `personas` ENABLE KEYS */;
UNLOCK TABLES;

--
-- Table structure for table `restricciones`
--

DROP TABLE IF EXISTS `restricciones`;
/*!40101 SET @saved_cs_client     = @@character_set_client */;
 SET character_set_client = utf8mb4 ;
CREATE TABLE `restricciones` (
  `id_restriccion` int NOT NULL AUTO_INCREMENT,
  `id_rol` int NOT NULL,
  `id_opcion` int NOT NULL,
  PRIMARY KEY (`id_restriccion`),
  KEY `id_rol` (`id_rol`),
  KEY `id_opcion` (`id_opcion`),
  CONSTRAINT `restricciones_ibfk_1` FOREIGN KEY (`id_rol`) REFERENCES `roles` (`id_rol`),
  CONSTRAINT `restricciones_ibfk_2` FOREIGN KEY (`id_opcion`) REFERENCES `opciones` (`id_opcion`)
) ENGINE=InnoDB DEFAULT CHARSET=utf8mb3 COLLATE=utf8mb3_unicode_ci;
/*!40101 SET character_set_client = @saved_cs_client */;

--
-- Dumping data for table `restricciones`
--

LOCK TABLES `restricciones` WRITE;
/*!40000 ALTER TABLE `restricciones` DISABLE KEYS */;
/*!40000 ALTER TABLE `restricciones` ENABLE KEYS */;
UNLOCK TABLES;

--
-- Table structure for table `roles`
--

DROP TABLE IF EXISTS `roles`;
/*!40101 SET @saved_cs_client     = @@character_set_client */;
 SET character_set_client = utf8mb4 ;
CREATE TABLE `roles` (
  `id_rol` int NOT NULL AUTO_INCREMENT,
  `rol_nombre` char(20) COLLATE utf8mb3_unicode_ci NOT NULL,
  `rol_descripcion` varchar(100) COLLATE utf8mb3_unicode_ci NOT NULL,
  `rol_estado` tinyint(1) NOT NULL,
  PRIMARY KEY (`id_rol`)
) ENGINE=InnoDB AUTO_INCREMENT=5 DEFAULT CHARSET=utf8mb3 COLLATE=utf8mb3_unicode_ci;
/*!40101 SET character_set_client = @saved_cs_client */;

--
-- Dumping data for table `roles`
--

LOCK TABLES `roles` WRITE;
/*!40000 ALTER TABLE `roles` DISABLE KEYS */;
INSERT INTO `roles` VALUES (1,'Libre','Accesos sin inicio de sesión',1),(2,'SuperAdmin','Tiene acceso a la gestión total del sistema',1),(3,'Admin','Gestión del sistema',1),(4,'vigilancia','encargado de registrar la asistencia',1);
/*!40000 ALTER TABLE `roles` ENABLE KEYS */;
UNLOCK TABLES;

--
-- Table structure for table `roles_grupos`
--

DROP TABLE IF EXISTS `roles_grupos`;
/*!40101 SET @saved_cs_client     = @@character_set_client */;
 SET character_set_client = utf8mb4 ;
CREATE TABLE `roles_grupos` (
  `id_rol_grupo` int NOT NULL AUTO_INCREMENT,
  `id_rol` int NOT NULL,
  `id_grupo` int NOT NULL,
  PRIMARY KEY (`id_rol_grupo`),
  KEY `id_rol` (`id_rol`,`id_grupo`),
  KEY `id_grupo` (`id_grupo`),
  CONSTRAINT `roles_grupos_ibfk_1` FOREIGN KEY (`id_rol`) REFERENCES `roles` (`id_rol`),
  CONSTRAINT `roles_grupos_ibfk_2` FOREIGN KEY (`id_grupo`) REFERENCES `grupos` (`id_grupo`)
) ENGINE=InnoDB AUTO_INCREMENT=16 DEFAULT CHARSET=utf8mb4 COLLATE=utf8mb4_unicode_ci;
/*!40101 SET character_set_client = @saved_cs_client */;

--
-- Dumping data for table `roles_grupos`
--

LOCK TABLES `roles_grupos` WRITE;
/*!40000 ALTER TABLE `roles_grupos` DISABLE KEYS */;
INSERT INTO `roles_grupos` VALUES (10,1,5),(13,1,6),(1,2,1),(2,2,2),(5,2,3),(7,2,4),(9,2,5),(14,2,6),(3,3,1),(4,3,2),(6,3,3),(8,3,4),(11,3,5),(15,3,6),(12,4,5);
/*!40000 ALTER TABLE `roles_grupos` ENABLE KEYS */;
UNLOCK TABLES;

--
-- Table structure for table `roles_menus`
--

DROP TABLE IF EXISTS `roles_menus`;
/*!40101 SET @saved_cs_client     = @@character_set_client */;
 SET character_set_client = utf8mb4 ;
CREATE TABLE `roles_menus` (
  `id_rol_menu` int NOT NULL AUTO_INCREMENT,
  `id_rol` int NOT NULL,
  `id_menu` int NOT NULL,
  PRIMARY KEY (`id_rol_menu`),
  KEY `id_rol` (`id_rol`),
  KEY `id_menu` (`id_menu`),
  CONSTRAINT `roles_menus_ibfk_1` FOREIGN KEY (`id_rol`) REFERENCES `roles` (`id_rol`),
  CONSTRAINT `roles_menus_ibfk_2` FOREIGN KEY (`id_menu`) REFERENCES `menus` (`id_menu`)
) ENGINE=InnoDB AUTO_INCREMENT=41 DEFAULT CHARSET=utf8mb3 COLLATE=utf8mb3_unicode_ci;
/*!40101 SET character_set_client = @saved_cs_client */;

--
-- Dumping data for table `roles_menus`
--

LOCK TABLES `roles_menus` WRITE;
/*!40000 ALTER TABLE `roles_menus` DISABLE KEYS */;
INSERT INTO `roles_menus` VALUES (1,1,1),(2,2,2),(3,2,3),(4,2,4),(5,2,5),(6,3,2),(7,3,5),(8,2,6),(9,3,6),(10,2,7),(11,3,7),(12,2,8),(13,3,8),(14,2,9),(15,3,9),(16,2,10),(17,3,10),(19,2,11),(20,3,11),(21,2,12),(22,3,12),(23,1,13),(24,2,13),(25,3,13),(26,1,14),(27,2,14),(28,3,14),(32,1,15),(33,2,15),(34,3,15),(35,4,14),(36,4,2),(37,4,6),(38,1,16),(39,2,16),(40,3,16);
/*!40000 ALTER TABLE `roles_menus` ENABLE KEYS */;
UNLOCK TABLES;

--
-- Table structure for table `rubros`
--

DROP TABLE IF EXISTS `rubros`;
/*!40101 SET @saved_cs_client     = @@character_set_client */;
 SET character_set_client = utf8mb4 ;
CREATE TABLE `rubros` (
  `id_rubro` int NOT NULL AUTO_INCREMENT,
  `id_sector` int NOT NULL,
  `rubro_nombre` varchar(150) NOT NULL,
  PRIMARY KEY (`id_rubro`),
  KEY `id_sector` (`id_sector`),
  CONSTRAINT `rubros_ibfk_1` FOREIGN KEY (`id_sector`) REFERENCES `sectores` (`id_sector`)
) ENGINE=InnoDB AUTO_INCREMENT=43 DEFAULT CHARSET=latin1;
/*!40101 SET character_set_client = @saved_cs_client */;

--
-- Dumping data for table `rubros`
--

LOCK TABLES `rubros` WRITE;
/*!40000 ALTER TABLE `rubros` DISABLE KEYS */;
INSERT INTO `rubros` VALUES (1,1,'Venta de ropa y calzado'),(2,1,'Supermercado / Minimarket'),(3,1,'Venta de repuestos'),(4,1,'Comercio electrónico'),(5,2,'Servicios contables'),(6,2,'Consultoría empresarial'),(7,2,'Publicidad y marketing'),(8,2,'Servicios legales'),(9,3,'Fabricación de alimentos'),(10,3,'Fabricación de muebles'),(11,3,'Textil y confecciones'),(12,3,'Imprentas y gráfica'),(13,4,'Agricultura orgánica'),(14,4,'Pesca artesanal'),(15,4,'Agroindustria'),(16,4,'Ganadería'),(17,5,'Minería metálica'),(18,5,'Minería no metálica'),(19,6,'Obras civiles'),(20,6,'Acabados y remodelaciones'),(21,6,'Venta de materiales de construcción'),(22,7,'Entidades financieras'),(23,7,'Cooperativas de ahorro'),(24,7,'Corredores de seguros'),(25,8,'Institución educativa'),(26,8,'Centro de capacitación'),(27,8,'Educación online'),(28,9,'Clínica médica'),(29,9,'Consultorio dental'),(30,9,'Farmacia'),(31,10,'Desarrollo de software'),(32,10,'Servicios de soporte TI'),(33,10,'Venta de equipos tecnológicos'),(34,11,'Transporte de carga'),(35,11,'Courier'),(36,11,'Transporte de personal'),(37,12,'Restaurante'),(38,12,'Agencia de viajes'),(39,12,'Hotel / Hospedaje'),(40,13,'Municipalidades'),(41,13,'Organismos públicos'),(42,13,'Organizaciones sin fines de lucro');
/*!40000 ALTER TABLE `rubros` ENABLE KEYS */;
UNLOCK TABLES;

--
-- Table structure for table `sectores`
--

DROP TABLE IF EXISTS `sectores`;
/*!40101 SET @saved_cs_client     = @@character_set_client */;
 SET character_set_client = utf8mb4 ;
CREATE TABLE `sectores` (
  `id_sector` int NOT NULL AUTO_INCREMENT,
  `sector_nombre` varchar(100) NOT NULL,
  PRIMARY KEY (`id_sector`)
) ENGINE=InnoDB AUTO_INCREMENT=14 DEFAULT CHARSET=latin1;
/*!40101 SET character_set_client = @saved_cs_client */;

--
-- Dumping data for table `sectores`
--

LOCK TABLES `sectores` WRITE;
/*!40000 ALTER TABLE `sectores` DISABLE KEYS */;
INSERT INTO `sectores` VALUES (1,'Comercio'),(2,'Servicios'),(3,'Industria'),(4,'Agricultura y Pesca'),(5,'Minería'),(6,'Construcción'),(7,'Finanzas y Seguros'),(8,'Educación'),(9,'Salud'),(10,'Tecnología'),(11,'Transporte y Logística'),(12,'Turismo y Gastronomía'),(13,'Gobierno y ONG');
/*!40000 ALTER TABLE `sectores` ENABLE KEYS */;
UNLOCK TABLES;

--
-- Table structure for table `serie`
--

DROP TABLE IF EXISTS `serie`;
/*!40101 SET @saved_cs_client     = @@character_set_client */;
 SET character_set_client = utf8mb4 ;
CREATE TABLE `serie` (
  `id_serie` int NOT NULL AUTO_INCREMENT,
  `nombrecomp` varchar(100) DEFAULT NULL,
  `tipocomp` char(2) DEFAULT NULL,
  `serie` varchar(8) DEFAULT NULL,
  `correlativo` int DEFAULT NULL,
  `estado` tinyint NOT NULL DEFAULT '1',
  PRIMARY KEY (`id_serie`) USING BTREE
) ENGINE=MyISAM AUTO_INCREMENT=13 DEFAULT CHARSET=latin1 ROW_FORMAT=FIXED;
/*!40101 SET character_set_client = @saved_cs_client */;

--
-- Dumping data for table `serie`
--

LOCK TABLES `serie` WRITE;
/*!40000 ALTER TABLE `serie` DISABLE KEYS */;
INSERT INTO `serie` VALUES (1,'Factura','01','FA01',39,1),(2,NULL,'01','F003',0,0),(3,'Boleta','03','BL01',0,1),(5,NULL,'07','FN01',0,1),(6,NULL,'07','BN01',0,1),(7,NULL,'08','FD01',0,1),(8,NULL,'08','BD01',0,1),(9,NULL,'RC','20240913',0,1),(10,NULL,'RA','20250911',0,1),(4,NULL,'03','B003',0,0);
/*!40000 ALTER TABLE `serie` ENABLE KEYS */;
UNLOCK TABLES;

--
-- Table structure for table `servicios`
--

DROP TABLE IF EXISTS `servicios`;
/*!40101 SET @saved_cs_client     = @@character_set_client */;
 SET character_set_client = utf8mb4 ;
CREATE TABLE `servicios` (
  `id_servicio` int NOT NULL AUTO_INCREMENT,
  `id_servicios_categoria` int NOT NULL,
  `servicio_tipoafectacion` int DEFAULT NULL,
  `servicio_idmedida` int DEFAULT NULL,
  `servicio_nombre` varchar(100) NOT NULL,
  `servicio_descripcion` varchar(500) NOT NULL,
  `servicio_precio_normal` decimal(10,2) NOT NULL,
  `servicio_precio_socio` decimal(10,2) NOT NULL,
  `servicio_estado` tinyint(1) NOT NULL,
  `servicio_usuario` int NOT NULL,
  `servicio_datetime` datetime NOT NULL,
  PRIMARY KEY (`id_servicio`),
  KEY `id_servicios_categoria` (`id_servicios_categoria`),
  KEY `fk_servicio_tipoafectacion` (`servicio_tipoafectacion`),
  KEY `fk_servicios_medida` (`servicio_idmedida`),
  CONSTRAINT `fk_servicio_tipoafectacion` FOREIGN KEY (`servicio_tipoafectacion`) REFERENCES `tipo_afectacion` (`id_tipo_afectacion`),
  CONSTRAINT `fk_servicios_medida` FOREIGN KEY (`servicio_idmedida`) REFERENCES `medida` (`id_medida`),
  CONSTRAINT `servicios_ibfk_1` FOREIGN KEY (`id_servicios_categoria`) REFERENCES `servicios_categoria` (`id_servicio_categoria`)
) ENGINE=InnoDB AUTO_INCREMENT=8 DEFAULT CHARSET=latin1;
/*!40101 SET character_set_client = @saved_cs_client */;

--
-- Dumping data for table `servicios`
--

LOCK TABLES `servicios` WRITE;
/*!40000 ALTER TABLE `servicios` DISABLE KEYS */;
INSERT INTO `servicios` VALUES (1,3,2,59,'CUOTA ORDINARIA','CUOTA ORDINARIA',30.00,30.00,1,1,'2025-08-05 11:43:35'),(6,2,2,59,'Alquiler de motos','Velocidad',320.00,110.00,1,1,'2025-09-05 11:35:56'),(7,3,2,59,'Servicio 1','xlp',900.00,20.00,1,1,'2025-09-05 11:36:24');
/*!40000 ALTER TABLE `servicios` ENABLE KEYS */;
UNLOCK TABLES;

--
-- Table structure for table `servicios_categoria`
--

DROP TABLE IF EXISTS `servicios_categoria`;
/*!40101 SET @saved_cs_client     = @@character_set_client */;
 SET character_set_client = utf8mb4 ;
CREATE TABLE `servicios_categoria` (
  `id_servicio_categoria` int NOT NULL AUTO_INCREMENT,
  `servicio_categoria_nombre` varchar(200) NOT NULL,
  `servicio_categoria_estado` tinyint(1) NOT NULL,
  `servicio_categoria_datetime` datetime NOT NULL,
  PRIMARY KEY (`id_servicio_categoria`)
) ENGINE=InnoDB AUTO_INCREMENT=4 DEFAULT CHARSET=latin1;
/*!40101 SET character_set_client = @saved_cs_client */;

--
-- Dumping data for table `servicios_categoria`
--

LOCK TABLES `servicios_categoria` WRITE;
/*!40000 ALTER TABLE `servicios_categoria` DISABLE KEYS */;
INSERT INTO `servicios_categoria` VALUES (2,'ALQUILER',1,'2025-08-05 00:00:00'),(3,'CUOTAS ORDINARIAS',1,'2025-09-02 21:01:26');
/*!40000 ALTER TABLE `servicios_categoria` ENABLE KEYS */;
UNLOCK TABLES;

--
-- Table structure for table `socio`
--

DROP TABLE IF EXISTS `socio`;
/*!40101 SET @saved_cs_client     = @@character_set_client */;
 SET character_set_client = utf8mb4 ;
CREATE TABLE `socio` (
  `id_socio` int NOT NULL AUTO_INCREMENT,
  `socio_id_cliente` int DEFAULT NULL,
  `socio_nombre_comercial` varchar(500) COLLATE utf8mb4_unicode_ci DEFAULT NULL,
  `socio_departamento` varchar(50) COLLATE utf8mb4_unicode_ci DEFAULT NULL,
  `socio_provincia` varchar(50) COLLATE utf8mb4_unicode_ci DEFAULT NULL,
  `socio_distrito` varchar(50) COLLATE utf8mb4_unicode_ci DEFAULT NULL,
  `socio_sector` int DEFAULT NULL,
  `socio_rubro` int DEFAULT NULL,
  `socio_fecha_fundacion` datetime DEFAULT NULL,
  `socio_descripcion_actividad` varchar(500) COLLATE utf8mb4_unicode_ci DEFAULT NULL,
  `socio_pagina_web` varchar(800) COLLATE utf8mb4_unicode_ci DEFAULT NULL,
  `socio_nombre_ejecutivo` varchar(500) COLLATE utf8mb4_unicode_ci DEFAULT NULL,
  `socio_cargo_ejecutivo` varchar(500) COLLATE utf8mb4_unicode_ci DEFAULT NULL,
  `socio_ornomastico` varchar(500) COLLATE utf8mb4_unicode_ci DEFAULT NULL,
  `socio_email_ejecutivo` varchar(500) COLLATE utf8mb4_unicode_ci DEFAULT NULL,
  `socio_id_categoria` int DEFAULT NULL,
  `socio_tipo_pago` varchar(500) COLLATE utf8mb4_unicode_ci DEFAULT NULL,
  `socio_rutalogo` varchar(500) COLLATE utf8mb4_unicode_ci DEFAULT NULL,
  `socio_estado` int DEFAULT '1',
  `socio_estado_facturacion` tinyint(1) NOT NULL DEFAULT '1',
  `socio_creacion` datetime DEFAULT NULL,
  PRIMARY KEY (`id_socio`),
  KEY `fk_socio_rubro` (`socio_rubro`),
  KEY `fk_socio_sector` (`socio_sector`),
  KEY `fk_socio_categoria` (`socio_id_categoria`),
  CONSTRAINT `fk_socio_categoria` FOREIGN KEY (`socio_id_categoria`) REFERENCES `categorias` (`id_categoria`),
  CONSTRAINT `fk_socio_rubro` FOREIGN KEY (`socio_rubro`) REFERENCES `rubros` (`id_rubro`),
  CONSTRAINT `fk_socio_sector` FOREIGN KEY (`socio_sector`) REFERENCES `sectores` (`id_sector`)
) ENGINE=InnoDB AUTO_INCREMENT=181 DEFAULT CHARSET=utf8mb4 COLLATE=utf8mb4_unicode_ci;
/*!40101 SET character_set_client = @saved_cs_client */;

--
-- Dumping data for table `socio`
--

LOCK TABLES `socio` WRITE;
/*!40000 ALTER TABLE `socio` DISABLE KEYS */;
INSERT INTO `socio` VALUES (1,1,'ORVISA S.A','LORETO','MAYNAS','PUNCHANA',1,1,NULL,NULL,NULL,NULL,NULL,NULL,NULL,1,'transferencia','media/logo/sociosempresa/logo_socio_ARTROSCOPICTRAUMA_S_A_C_1758915582.png',1,0,'2025-09-03 10:18:33'),(2,2,'HONDA SELVA DEL PERÚ S.A','LORETO','MAYNAS','SAN JUAN BAUTISTA',1,1,NULL,NULL,NULL,NULL,NULL,NULL,NULL,1,'transferencia','media/logo/sociosempresa/logo_socio_ARTROSCOPICTRAUMA_S_A_C_1758915582.png',1,0,'2025-09-03 10:18:33'),(3,3,'CAJA MUNICIPAL DE AHORRO Y CRÉDITO DE MAYNAS S.A','LORETO','MAYNAS','IQUITOS',1,1,NULL,NULL,NULL,NULL,NULL,NULL,NULL,1,'transferencia','media/logo/sociosempresa/logo_socio_ARTROSCOPICTRAUMA_S_A_C_1758915582.png',1,1,'2025-09-03 10:18:33'),(4,4,'ELECTRO ORIENTE S.A','LORETO','MAYNAS','IQUITOS',1,1,NULL,NULL,NULL,NULL,NULL,NULL,NULL,1,'transferencia','media/logo/sociosempresa/logo_socio_ARTROSCOPICTRAUMA_S_A_C_1758915582.png',1,1,'2025-09-03 10:18:33'),(5,5,'SAGA FALABELLA ORIENTE S.A.','UCAYALI','CORONEL PORTILLO','YARINACOCHA',1,1,NULL,NULL,NULL,NULL,NULL,NULL,NULL,1,'transferencia','media/logo/sociosempresa/logo_socio_ARTROSCOPICTRAUMA_S_A_C_1758915582.png',1,0,'2025-09-03 10:18:33'),(6,6,'BRUNNER BIENESTAR ECOLOGICO S.A.C','UCAYALI','CORONEL PORTILLO','CAMPOVERDE',1,1,NULL,NULL,NULL,NULL,NULL,NULL,NULL,1,'transferencia','media/logo/sociosempresa/logo_socio_ARTROSCOPICTRAUMA_S_A_C_1758915582.png',1,1,'2025-09-03 10:18:33'),(7,7,'PETROTAL PERU SRL','LIMA','LIMA','SAN ISIDRO',1,1,NULL,NULL,NULL,NULL,NULL,NULL,NULL,1,'transferencia','media/logo/sociosempresa/logo_socio_ARTROSCOPICTRAUMA_S_A_C_1758915582.png',1,1,'2025-09-03 10:18:33'),(8,8,'DISTRIBUIDORA CUMMINS PERÚ S.A','CALLAO','CALLAO','CALLAO',1,1,NULL,NULL,NULL,NULL,NULL,NULL,NULL,2,'transferencia','media/logo/sociosempresa/logo_socio_ARTROSCOPICTRAUMA_S_A_C_1758915582.png',1,1,'2025-09-03 10:18:33'),(9,9,'B Y V COMERCIALIZADORA SRL','LORETO','MAYNAS','IQUITOS',1,1,NULL,NULL,NULL,NULL,NULL,NULL,NULL,2,'transferencia','media/logo/sociosempresa/logo_socio_ARTROSCOPICTRAUMA_S_A_C_1758915582.png',1,1,'2025-09-03 10:18:33'),(10,10,'BANCO DE CRÉDITO DEL PERÚ','LIMA','LIMA','LA MOLINA',1,1,NULL,NULL,NULL,NULL,NULL,NULL,NULL,2,'transferencia','media/logo/sociosempresa/logo_socio_ARTROSCOPICTRAUMA_S_A_C_1758915582.png',1,1,'2025-09-03 10:18:33'),(11,11,'BANCO CENTRAL DE RESERVA DEL PERÚ','LIMA','LIMA','LIMA',1,1,NULL,NULL,NULL,NULL,NULL,NULL,NULL,2,'transferencia','media/logo/sociosempresa/logo_socio_ARTROSCOPICTRAUMA_S_A_C_1758915582.png',1,1,'2025-09-03 10:18:33'),(12,12,'CSM CORPORACIÓN ORIENTE S.A.C','LORETO','MAYNAS','IQUITOS',1,1,NULL,NULL,NULL,NULL,NULL,NULL,NULL,2,'transferencia','media/logo/sociosempresa/logo_socio_ARTROSCOPICTRAUMA_S_A_C_1758915582.png',1,1,'2025-09-03 10:18:33'),(13,13,'ARCA CONTINENTAL SELVA PERÚ','LORETO','MAYNAS','IQUITOS',1,1,NULL,NULL,NULL,NULL,NULL,NULL,NULL,2,'transferencia','media/logo/sociosempresa/logo_socio_ARTROSCOPICTRAUMA_S_A_C_1758915582.png',1,1,'2025-09-03 10:18:33'),(14,14,'ESTUDIO CONTABLE HM ESPINOZA S.C.R.L.','LORETO','MAYNAS','IQUITOS',1,1,NULL,NULL,NULL,NULL,NULL,NULL,NULL,2,'transferencia','media/logo/sociosempresa/logo_socio_ARTROSCOPICTRAUMA_S_A_C_1758915582.png',1,1,'2025-09-03 10:18:33'),(15,15,'HOTEL PLAZA S.A','LORETO','MAYNAS','IQUITOS',1,1,NULL,NULL,NULL,NULL,NULL,NULL,NULL,2,'transferencia','media/logo/sociosempresa/logo_socio_ARTROSCOPICTRAUMA_S_A_C_1758915582.png',1,1,'2025-09-03 10:18:33'),(16,16,'INVERSIONES MILENIUM S.A.C','LORETO','MAYNAS','IQUITOS',1,1,NULL,NULL,NULL,NULL,NULL,NULL,NULL,2,'transferencia','media/logo/sociosempresa/logo_socio_ARTROSCOPICTRAUMA_S_A_C_1758915582.png',1,1,'2025-09-03 10:18:33'),(17,17,'LA POSITIVA SEGUROS Y REASEGUROS','LIMA','LIMA','SAN ISIDRO',1,1,NULL,NULL,NULL,NULL,NULL,NULL,NULL,2,'transferencia','media/logo/sociosempresa/logo_socio_ARTROSCOPICTRAUMA_S_A_C_1758915582.png',1,1,'2025-09-03 10:18:33'),(18,18,'PETROLEOS DEL PERU - PETROPERU S.A','LIMA','LIMA','SAN ISIDRO',1,1,NULL,NULL,NULL,NULL,NULL,NULL,NULL,2,'transferencia','media/logo/sociosempresa/logo_socio_ARTROSCOPICTRAUMA_S_A_C_1758915582.png',1,1,'2025-09-03 10:18:33'),(19,19,'SOCOPUR S.A.C.','UCAYALI','CORONEL PORTILLO','CALLERIA',1,1,NULL,NULL,NULL,NULL,NULL,NULL,NULL,2,'transferencia','media/logo/sociosempresa/logo_socio_ARTROSCOPICTRAUMA_S_A_C_1758915582.png',1,1,'2025-09-03 10:18:33'),(20,20,'SR DE LOS MILAGROS CARGO EIRL','CALLAO','CALLAO','CALLAO',1,1,NULL,NULL,NULL,NULL,NULL,NULL,NULL,2,'transferencia','media/logo/sociosempresa/logo_socio_ARTROSCOPICTRAUMA_S_A_C_1758915582.png',1,1,'2025-09-03 10:18:33'),(21,21,'TRIPLAY MARTIN SAC','LORETO','MAYNAS','PUNCHANA',1,1,NULL,NULL,NULL,NULL,NULL,NULL,NULL,2,'transferencia','media/logo/sociosempresa/logo_socio_ARTROSCOPICTRAUMA_S_A_C_1758915582.png',1,1,'2025-09-03 10:18:33'),(22,22,'MALL AVENTURA S.A','LIMA','LIMA','SANTA ANITA',1,1,NULL,NULL,NULL,NULL,NULL,NULL,NULL,2,'transferencia','media/logo/sociosempresa/logo_socio_ARTROSCOPICTRAUMA_S_A_C_1758915582.png',1,1,'2025-09-03 10:18:33'),(23,23,'UNIVERSAL IMPORT SAC','UCAYALI','CORONEL PORTILLO','CALLERIA',1,1,NULL,NULL,NULL,NULL,NULL,NULL,NULL,2,'transferencia','media/logo/sociosempresa/logo_socio_ARTROSCOPICTRAUMA_S_A_C_1758915582.png',1,1,'2025-09-03 10:18:33'),(24,24,'EMPRESA NACIONAL DE PUERTOS S.A','CALLAO','CALLAO','CALLAO',1,1,NULL,NULL,NULL,NULL,NULL,NULL,NULL,2,'transferencia','media/logo/sociosempresa/logo_socio_ARTROSCOPICTRAUMA_S_A_C_1758915582.png',1,1,'2025-09-03 10:18:33'),(25,25,'BBVA BANCO CONTINENTAL','LIMA','LIMA','SAN ISIDRO',1,1,NULL,NULL,NULL,NULL,NULL,NULL,NULL,2,'transferencia','media/logo/sociosempresa/logo_socio_ARTROSCOPICTRAUMA_S_A_C_1758915582.png',1,1,'2025-09-03 10:18:33'),(26,26,'COMERCIAL DENISAM S.R.L','UCAYALI','CORONEL PORTILLO','CALLERIA',1,1,NULL,NULL,NULL,NULL,NULL,NULL,NULL,2,'transferencia','media/logo/sociosempresa/logo_socio_ARTROSCOPICTRAUMA_S_A_C_1758915582.png',1,1,'2025-09-03 10:18:33'),(27,27,'UNIVERSIDAD CESAR VALLEJO S.A.C.','LA LIBERTAD','TRUJILLO','VICTOR LARCO HERRERA',1,1,NULL,NULL,NULL,NULL,NULL,NULL,NULL,2,'transferencia','media/logo/sociosempresa/logo_socio_ARTROSCOPICTRAUMA_S_A_C_1758915582.png',1,1,'2025-09-03 10:18:33'),(28,28,'FOOD SERVICE E.I.R.L.','LORETO','MAYNAS','IQUITOS',1,1,NULL,NULL,NULL,NULL,NULL,NULL,NULL,3,'transferencia','media/logo/sociosempresa/logo_socio_ARTROSCOPICTRAUMA_S_A_C_1758915582.png',1,1,'2025-09-03 10:18:33'),(29,29,'GABY S.A.','LORETO','MAYNAS','PUNCHANA',1,1,NULL,NULL,NULL,NULL,NULL,NULL,NULL,3,'transferencia','media/logo/sociosempresa/logo_socio_ARTROSCOPICTRAUMA_S_A_C_1758915582.png',1,1,'2025-09-03 10:18:33'),(30,30,'S.E.N.A.T.I. ZONAL LORETO','LIMA','LIMA','INDEPENDENCIA',1,1,NULL,NULL,NULL,NULL,NULL,NULL,NULL,3,'transferencia','media/logo/sociosempresa/logo_socio_ARTROSCOPICTRAUMA_S_A_C_1758915582.png',1,1,'2025-09-03 10:18:33'),(31,31,'GLP AMAZÓNICO S.A.C.','LORETO','MAYNAS','IQUITOS',1,1,NULL,NULL,NULL,NULL,NULL,NULL,NULL,3,'transferencia','media/logo/sociosempresa/logo_socio_ARTROSCOPICTRAUMA_S_A_C_1758915582.png',1,1,'2025-09-03 10:18:33'),(32,32,'JM GIGANTOGRAFÍA EIRL','LORETO','MAYNAS','IQUITOS',1,1,NULL,NULL,NULL,NULL,NULL,NULL,NULL,3,'transferencia','media/logo/sociosempresa/logo_socio_ARTROSCOPICTRAUMA_S_A_C_1758915582.png',1,1,'2025-09-03 10:18:33'),(33,33,'RESTAURANT TURISTICO TAYTA E.I.R.L.','LORETO','MAYNAS','IQUITOS',1,1,NULL,NULL,NULL,NULL,NULL,NULL,NULL,3,'transferencia','media/logo/sociosempresa/logo_socio_ARTROSCOPICTRAUMA_S_A_C_1758915582.png',1,1,'2025-09-03 10:18:33'),(34,34,'SAMIRIA JUNGLE HOTEL EIRL','LORETO','MAYNAS','IQUITOS',1,1,NULL,NULL,NULL,NULL,NULL,NULL,NULL,3,'transferencia','media/logo/sociosempresa/logo_socio_ARTROSCOPICTRAUMA_S_A_C_1758915582.png',1,1,'2025-09-03 10:18:33'),(35,35,'ASTILLERO HENRY EIRL','LORETO','MAYNAS','PUNCHANA',1,1,NULL,NULL,NULL,NULL,NULL,NULL,NULL,3,'transferencia','media/logo/sociosempresa/logo_socio_ARTROSCOPICTRAUMA_S_A_C_1758915582.png',1,1,'2025-09-03 10:18:33'),(36,36,'ESTACIÓN LYRA EIRL','LORETO','MAYNAS','IQUITOS',1,1,NULL,NULL,NULL,NULL,NULL,NULL,NULL,3,'transferencia','media/logo/sociosempresa/logo_socio_ARTROSCOPICTRAUMA_S_A_C_1758915582.png',1,1,'2025-09-03 10:18:33'),(37,37,'SERVICIOS MEDICOS GENERALES SAN JUAN SRL','LORETO','MAYNAS','IQUITOS',1,1,NULL,NULL,NULL,NULL,NULL,NULL,NULL,3,'transferencia','media/logo/sociosempresa/logo_socio_ARTROSCOPICTRAUMA_S_A_C_1758915582.png',1,1,'2025-09-03 10:18:33'),(38,38,'CHA CHA CHA SAC','LORETO','MAYNAS','IQUITOS',1,1,NULL,NULL,NULL,NULL,NULL,NULL,NULL,3,'transferencia','media/logo/sociosempresa/logo_socio_ARTROSCOPICTRAUMA_S_A_C_1758915582.png',1,1,'2025-09-03 10:18:33'),(39,39,'BOTICA MEDISEL EIRL TDA','LORETO','MAYNAS','IQUITOS',1,1,NULL,NULL,NULL,NULL,NULL,NULL,NULL,3,'transferencia','media/logo/sociosempresa/logo_socio_ARTROSCOPICTRAUMA_S_A_C_1758915582.png',1,1,'2025-09-03 10:18:33'),(40,40,'CABLE VISIÓN SAC','LORETO','MAYNAS','IQUITOS',1,1,NULL,NULL,NULL,NULL,NULL,NULL,NULL,3,'transferencia','media/logo/sociosempresa/logo_socio_ARTROSCOPICTRAUMA_S_A_C_1758915582.png',1,1,'2025-09-03 10:18:33'),(41,41,'COMERCIAL FOX ORIENTE EIRL','LORETO','MAYNAS','BELEN',1,1,NULL,NULL,NULL,NULL,NULL,NULL,NULL,3,'transferencia','media/logo/sociosempresa/logo_socio_ARTROSCOPICTRAUMA_S_A_C_1758915582.png',1,1,'2025-09-03 10:18:33'),(42,42,'EXPLORACIONES AMAZÓNICAS S.A','LORETO','MAYNAS','IQUITOS',1,1,NULL,NULL,NULL,NULL,NULL,NULL,NULL,3,'transferencia','media/logo/sociosempresa/logo_socio_ARTROSCOPICTRAUMA_S_A_C_1758915582.png',1,1,'2025-09-03 10:18:33'),(43,43,'MOTOMAQ S.A.C.','LORETO','MAYNAS','PUNCHANA',1,1,NULL,NULL,NULL,NULL,NULL,NULL,NULL,3,'transferencia','media/logo/sociosempresa/logo_socio_ARTROSCOPICTRAUMA_S_A_C_1758915582.png',1,1,'2025-09-03 10:18:33'),(44,44,'REPRESENTACIONES VARGAS S.A','UCAYALI','CORONEL PORTILLO','CALLERIA',1,1,NULL,NULL,NULL,NULL,NULL,NULL,NULL,3,'transferencia','media/logo/sociosempresa/logo_socio_ARTROSCOPICTRAUMA_S_A_C_1758915582.png',1,1,'2025-09-03 10:18:33'),(45,45,'GLOBAL FIBER PERU SAC','LIMA','LIMA','MIRAFLORES',1,1,NULL,NULL,NULL,NULL,NULL,NULL,NULL,3,'transferencia','media/logo/sociosempresa/logo_socio_ARTROSCOPICTRAUMA_S_A_C_1758915582.png',1,1,'2025-09-03 10:18:33'),(46,46,'ASOCIACIÓN PASTORAL DE SERVICIOS MÉDICOS ASISTENCIAL CLINICA ADVENTISTA ANA STAHL DE LA IGLESIA ADVENTISTA DEL SEPTIMO DÍA','LORETO','MAYNAS','IQUITOS',1,1,NULL,NULL,NULL,NULL,NULL,NULL,NULL,3,'transferencia','media/logo/sociosempresa/logo_socio_ARTROSCOPICTRAUMA_S_A_C_1758915582.png',1,1,'2025-09-03 10:18:33'),(47,47,'COMERCIAL IQUITOS S.A.','LORETO','MAYNAS','IQUITOS',1,1,NULL,NULL,NULL,NULL,NULL,NULL,NULL,3,'transferencia','media/logo/sociosempresa/logo_socio_ARTROSCOPICTRAUMA_S_A_C_1758915582.png',1,1,'2025-09-03 10:18:33'),(48,48,'TURISMO SANTA ISABEL S.R.LTDA','LORETO','MAYNAS','IQUITOS',1,1,NULL,NULL,NULL,NULL,NULL,NULL,NULL,3,'transferencia','media/logo/sociosempresa/logo_socio_ARTROSCOPICTRAUMA_S_A_C_1758915582.png',1,1,'2025-09-03 10:18:33'),(49,49,'TRANSPORTE FLUVIAL JV E.I.R.L.','LORETO','MAYNAS','PUNCHANA',1,1,NULL,NULL,NULL,NULL,NULL,NULL,NULL,3,'transferencia','media/logo/sociosempresa/logo_socio_ARTROSCOPICTRAUMA_S_A_C_1758915582.png',1,1,'2025-09-03 10:18:33'),(50,50,'IMPRENTA GRAFICA AMAZONAS SAC','LORETO','MAYNAS','IQUITOS',1,1,NULL,NULL,NULL,NULL,NULL,NULL,NULL,3,'transferencia','media/logo/sociosempresa/logo_socio_ARTROSCOPICTRAUMA_S_A_C_1758915582.png',1,1,'2025-09-03 10:18:33'),(51,51,'EMBAJADA EMPRESARIAL S.A.','LIMA','LIMA','LURIGANCHO',1,1,NULL,NULL,NULL,NULL,NULL,NULL,NULL,3,'transferencia','media/logo/sociosempresa/logo_socio_ARTROSCOPICTRAUMA_S_A_C_1758915582.png',1,1,'2025-09-03 10:18:33'),(52,52,'ISTRA SAC','LORETO','MAYNAS','IQUITOS',1,1,NULL,NULL,NULL,NULL,NULL,NULL,NULL,3,'transferencia','media/logo/sociosempresa/logo_socio_ARTROSCOPICTRAUMA_S_A_C_1758915582.png',1,1,'2025-09-03 10:18:33'),(53,53,'IMARCUX SAC','LIMA','LIMA','SAN MIGUEL',1,1,NULL,NULL,NULL,NULL,NULL,NULL,NULL,3,'transferencia','media/logo/sociosempresa/logo_socio_ARTROSCOPICTRAUMA_S_A_C_1758915582.png',1,1,'2025-09-03 10:18:33'),(54,54,'CENTRO ESPECIALIZADO EMASALUD SAC','LORETO','MAYNAS','PUNCHANA',1,1,NULL,NULL,NULL,NULL,NULL,NULL,NULL,3,'transferencia','media/logo/sociosempresa/logo_socio_ARTROSCOPICTRAUMA_S_A_C_1758915582.png',1,1,'2025-09-03 10:18:33'),(55,55,'STAR UP S.A.C.','LIMA','LIMA','MIRAFLORES',1,1,NULL,NULL,NULL,NULL,NULL,NULL,NULL,3,'transferencia','media/logo/sociosempresa/logo_socio_ARTROSCOPICTRAUMA_S_A_C_1758915582.png',1,1,'2025-09-03 10:18:33'),(56,56,'CORAL Y ASOCIADOS ABOGADOS SAC','LIMA','LIMA','SAN BORJA',1,1,NULL,NULL,NULL,NULL,NULL,NULL,NULL,3,'transferencia','media/logo/sociosempresa/logo_socio_ARTROSCOPICTRAUMA_S_A_C_1758915582.png',1,1,'2025-09-03 10:18:33'),(57,57,'BANCO INTERAMERICANO DE FINANZAS - BANBIF','LIMA','LIMA','SAN ISIDRO',1,1,NULL,NULL,NULL,NULL,NULL,NULL,NULL,3,'transferencia','media/logo/sociosempresa/logo_socio_ARTROSCOPICTRAUMA_S_A_C_1758915582.png',1,1,'2025-09-03 10:18:33'),(58,58,'CORPORACIÓN GARCIA S.A','LORETO','MAYNAS','BELEN',1,1,NULL,NULL,NULL,NULL,NULL,NULL,NULL,3,'transferencia','media/logo/sociosempresa/logo_socio_ARTROSCOPICTRAUMA_S_A_C_1758915582.png',1,1,'2025-09-03 10:18:33'),(59,59,'GRIFO FLOTANTE ISLANDIA III E.I.R.L.','LORETO','MAYNAS','IQUITOS',1,1,NULL,NULL,NULL,NULL,NULL,NULL,NULL,3,'transferencia','media/logo/sociosempresa/logo_socio_ARTROSCOPICTRAUMA_S_A_C_1758915582.png',1,0,'2025-09-03 10:18:33'),(60,60,'EMPRESA HOTELERA LA CASONA E.I.R.L.','LORETO','MAYNAS','IQUITOS',1,1,NULL,NULL,NULL,NULL,NULL,NULL,NULL,3,'transferencia','media/logo/sociosempresa/logo_socio_ARTROSCOPICTRAUMA_S_A_C_1758915582.png',1,0,'2025-09-03 10:18:33'),(61,61,'INVERSIONES E INMOBILIARIA MONTENEGRO S.A.C','LORETO','MAYNAS','IQUITOS',1,1,NULL,NULL,NULL,NULL,NULL,NULL,NULL,3,'transferencia','media/logo/sociosempresa/logo_socio_ARTROSCOPICTRAUMA_S_A_C_1758915582.png',1,0,'2025-09-03 10:18:33'),(62,62,'BCH INDUSTRIAL','LORETO','MAYNAS','PUNCHANA',1,1,NULL,NULL,NULL,NULL,NULL,NULL,NULL,3,'transferencia','media/logo/sociosempresa/logo_socio_ARTROSCOPICTRAUMA_S_A_C_1758915582.png',1,0,'2025-09-03 10:18:33'),(63,63,'GRUPO PANDA INVERSIONES DEL ORIENTE SAC','LORETO','MAYNAS','IQUITOS',1,1,NULL,NULL,NULL,NULL,NULL,NULL,NULL,3,'transferencia','media/logo/sociosempresa/logo_socio_ARTROSCOPICTRAUMA_S_A_C_1758915582.png',1,1,'2025-09-03 10:18:33'),(64,64,'AMAZON INVERSIONES & TURISMO EIRL','LORETO','MAYNAS','IQUITOS',1,1,NULL,NULL,NULL,NULL,NULL,NULL,NULL,3,'transferencia','media/logo/sociosempresa/logo_socio_ARTROSCOPICTRAUMA_S_A_C_1758915582.png',1,1,'2025-09-03 10:18:33'),(65,65,'REPRESENTACIONES TIQUE EIRL','LORETO','MAYNAS','IQUITOS',1,1,NULL,NULL,NULL,NULL,NULL,NULL,NULL,3,'transferencia','media/logo/sociosempresa/logo_socio_ARTROSCOPICTRAUMA_S_A_C_1758915582.png',1,1,'2025-09-03 10:18:33'),(66,66,'TERRA CONSTRUCCIONES ORIENTE S.A.C.','LORETO','MAYNAS','IQUITOS',1,1,NULL,NULL,NULL,NULL,NULL,NULL,NULL,3,'transferencia','media/logo/sociosempresa/logo_socio_ARTROSCOPICTRAUMA_S_A_C_1758915582.png',1,1,'2025-09-03 10:18:33'),(67,67,'THE AMAZON OXYGEN S.A.C','LORETO','MAYNAS','PUNCHANA',1,1,NULL,NULL,NULL,NULL,NULL,NULL,NULL,4,'transferencia','media/logo/sociosempresa/logo_socio_ARTROSCOPICTRAUMA_S_A_C_1758915582.png',1,1,'2025-09-03 10:18:33'),(68,68,'AUSAC INVERSIONES EIRL','','','',1,1,NULL,NULL,NULL,NULL,NULL,NULL,NULL,4,'transferencia','media/logo/sociosempresa/logo_socio_ARTROSCOPICTRAUMA_S_A_C_1758915582.png',1,1,'2025-09-03 10:18:33'),(69,69,'MULTISERVICIOS PANPERU E.I.R.L.','LORETO','MAYNAS','IQUITOS',1,1,NULL,NULL,NULL,NULL,NULL,NULL,NULL,4,'transferencia','media/logo/sociosempresa/logo_socio_ARTROSCOPICTRAUMA_S_A_C_1758915582.png',1,1,'2025-09-03 10:18:33'),(70,70,'ADVANCE LOGISTIC E.I.R.L.','LORETO','MAYNAS','IQUITOS',1,1,NULL,NULL,NULL,NULL,NULL,NULL,NULL,4,'transferencia','media/logo/sociosempresa/logo_socio_ARTROSCOPICTRAUMA_S_A_C_1758915582.png',1,1,'2025-09-03 10:18:33'),(71,71,'MAXIMILIANA GLORIA MATTA MUÑOZ','-','-','-',1,1,NULL,NULL,NULL,NULL,NULL,NULL,NULL,4,'transferencia','media/logo/sociosempresa/logo_socio_ARTROSCOPICTRAUMA_S_A_C_1758915582.png',1,1,'2025-09-03 10:18:33'),(72,72,'AVATAR AMAZON CAMP S.A.C','LORETO','MAYNAS','IQUITOS',1,1,NULL,NULL,NULL,NULL,NULL,NULL,NULL,4,'transferencia','media/logo/sociosempresa/logo_socio_ARTROSCOPICTRAUMA_S_A_C_1758915582.png',1,1,'2025-09-03 10:18:33'),(73,73,'IAC SOLUCIONES E.I.R.L','LORETO','MAYNAS','IQUITOS',1,1,NULL,NULL,NULL,NULL,NULL,NULL,NULL,4,'transferencia','media/logo/sociosempresa/logo_socio_ARTROSCOPICTRAUMA_S_A_C_1758915582.png',1,1,'2025-09-03 10:18:33'),(74,74,'INVERSIONES FINANCIERAS SELVA S.R.L','LORETO','MAYNAS','IQUITOS',1,1,NULL,NULL,NULL,NULL,NULL,NULL,NULL,4,'transferencia','media/logo/sociosempresa/logo_socio_ARTROSCOPICTRAUMA_S_A_C_1758915582.png',1,0,'2025-09-03 10:18:33'),(75,75,'MIGUEL VASQUEZ RUIZ S.A.C','LORETO','MAYNAS','PUNCHANA',1,1,NULL,NULL,NULL,NULL,NULL,NULL,NULL,4,'transferencia','media/logo/sociosempresa/logo_socio_ARTROSCOPICTRAUMA_S_A_C_1758915582.png',1,1,'2025-09-03 10:18:33'),(76,76,'CONSORCIO FLUVIAL DEL AMAZONAS','LORETO','MAYNAS','IQUITOS',1,1,NULL,NULL,NULL,NULL,NULL,NULL,NULL,4,'transferencia','media/logo/sociosempresa/logo_socio_ARTROSCOPICTRAUMA_S_A_C_1758915582.png',1,1,'2025-09-03 10:18:33'),(77,77,'DON POLLO LORETO S.A.C','LORETO','MAYNAS','SAN JUAN BAUTISTA',1,1,NULL,NULL,NULL,NULL,NULL,NULL,NULL,4,'transferencia','media/logo/sociosempresa/logo_socio_ARTROSCOPICTRAUMA_S_A_C_1758915582.png',1,1,'2025-09-03 10:18:33'),(78,78,'GESTION SSOMA M & Q EIRL','LORETO','MAYNAS','IQUITOS',1,1,NULL,NULL,NULL,NULL,NULL,NULL,NULL,4,'transferencia','media/logo/sociosempresa/logo_socio_ARTROSCOPICTRAUMA_S_A_C_1758915582.png',1,1,'2025-09-03 10:18:33'),(79,79,'PEQUEÑOS GUSTITOS S.R.L','LORETO','MAYNAS','IQUITOS',1,1,NULL,NULL,NULL,NULL,NULL,NULL,NULL,4,'transferencia','media/logo/sociosempresa/logo_socio_ARTROSCOPICTRAUMA_S_A_C_1758915582.png',1,1,'2025-09-03 10:18:33'),(80,80,'RESTAURANT PEÑA TURISTICA EL SOMBRERO DE PAJA EIRL','LORETO','MAYNAS','SAN JUAN BAUTISTA',1,1,NULL,NULL,NULL,NULL,NULL,NULL,NULL,4,'transferencia','media/logo/sociosempresa/logo_socio_ARTROSCOPICTRAUMA_S_A_C_1758915582.png',1,0,'2025-09-03 10:18:33'),(81,81,'COORPORACIÓN GARRÉ S.A.C','LORETO','MAYNAS','BELEN',1,1,NULL,NULL,NULL,NULL,NULL,NULL,NULL,4,'transferencia','media/logo/sociosempresa/logo_socio_ARTROSCOPICTRAUMA_S_A_C_1758915582.png',1,1,'2025-09-03 10:18:33'),(82,82,'MARCELO DISTRIBUCIONES EIRL','LORETO','MAYNAS','IQUITOS',1,1,NULL,NULL,NULL,NULL,NULL,NULL,NULL,4,'transferencia','media/logo/sociosempresa/logo_socio_ARTROSCOPICTRAUMA_S_A_C_1758915582.png',1,1,'2025-09-03 10:18:33'),(83,83,'JUNGLE TOURS & TRAVELS E.I.R.L','LORETO','MAYNAS','IQUITOS',1,1,NULL,NULL,NULL,NULL,NULL,NULL,NULL,4,'transferencia','media/logo/sociosempresa/logo_socio_ARTROSCOPICTRAUMA_S_A_C_1758915582.png',1,1,'2025-09-03 10:18:33'),(84,84,'INVERSIONES LA OROZA SRL','LORETO','MAYNAS','IQUITOS',1,1,NULL,NULL,NULL,NULL,NULL,NULL,NULL,4,'transferencia','media/logo/sociosempresa/logo_socio_ARTROSCOPICTRAUMA_S_A_C_1758915582.png',1,1,'2025-09-03 10:18:33'),(85,85,'LEONARDO ZUTA PADILLA - TIENDAS LEONARDO','-','-','-',1,1,NULL,NULL,NULL,NULL,NULL,NULL,NULL,4,'transferencia','media/logo/sociosempresa/logo_socio_ARTROSCOPICTRAUMA_S_A_C_1758915582.png',1,1,'2025-09-03 10:18:33'),(86,86,'CUTTIN LANGUAGE CENTER','-','-','-',1,1,NULL,NULL,NULL,NULL,NULL,NULL,NULL,4,'transferencia','media/logo/sociosempresa/logo_socio_ARTROSCOPICTRAUMA_S_A_C_1758915582.png',1,1,'2025-09-03 10:18:33'),(87,87,'PREVENCIÓN VIGILANCIA Y SEGURIDAD DEL OREINTE SAC','LORETO','MAYNAS','BELEN',1,1,NULL,NULL,NULL,NULL,NULL,NULL,NULL,4,'transferencia','media/logo/sociosempresa/logo_socio_ARTROSCOPICTRAUMA_S_A_C_1758915582.png',1,1,'2025-09-03 10:18:33'),(88,88,'CENTRO DE CAPACITACIONES FINANCIERAS Y COMERCIAL DEL PERU S.A.C.','LORETO','MAYNAS','IQUITOS',1,1,NULL,NULL,NULL,NULL,NULL,NULL,NULL,4,'transferencia','media/logo/sociosempresa/logo_socio_ARTROSCOPICTRAUMA_S_A_C_1758915582.png',1,1,'2025-09-03 10:18:33'),(89,89,'ARI\'S SAC','LORETO','MAYNAS','IQUITOS',1,1,NULL,NULL,NULL,NULL,NULL,NULL,NULL,4,'transferencia','media/logo/sociosempresa/logo_socio_ARTROSCOPICTRAUMA_S_A_C_1758915582.png',1,1,'2025-09-03 10:18:33'),(90,90,'COMERCIAL EL CAIRO E.I.R.L.','LORETO','MAYNAS','IQUITOS',1,1,NULL,NULL,NULL,NULL,NULL,NULL,NULL,4,'transferencia','media/logo/sociosempresa/logo_socio_ARTROSCOPICTRAUMA_S_A_C_1758915582.png',1,1,'2025-09-03 10:18:33'),(91,91,'COOPERATIVA DE SERVICIOS EDUCATIVOS CESAR VALLEJO','LORETO','MAYNAS','IQUITOS',1,1,NULL,NULL,NULL,NULL,NULL,NULL,NULL,4,'transferencia','media/logo/sociosempresa/logo_socio_ARTROSCOPICTRAUMA_S_A_C_1758915582.png',1,1,'2025-09-03 10:18:33'),(92,92,'SERVICIOS GENERALES FILOMENO SRL','LORETO','MAYNAS','IQUITOS',1,1,NULL,NULL,NULL,NULL,NULL,NULL,NULL,4,'transferencia','media/logo/sociosempresa/logo_socio_ARTROSCOPICTRAUMA_S_A_C_1758915582.png',1,1,'2025-09-03 10:18:33'),(93,93,'INGENIERIA MANTENIMIENTO & CONSTRUCCIONES S.A.C.','LORETO','MAYNAS','PUNCHANA',1,1,NULL,NULL,NULL,NULL,NULL,NULL,NULL,4,'transferencia','media/logo/sociosempresa/logo_socio_ARTROSCOPICTRAUMA_S_A_C_1758915582.png',1,1,'2025-09-03 10:18:33'),(94,94,'SUMINISTROS Y SERVICIOS ELECTRICOS SELVA S.R.L','LORETO','MAYNAS','BELEN',1,1,NULL,NULL,NULL,NULL,NULL,NULL,NULL,4,'transferencia','media/logo/sociosempresa/logo_socio_ARTROSCOPICTRAUMA_S_A_C_1758915582.png',1,0,'2025-09-03 10:18:33'),(95,95,'SUMINISTROS DEL ORIENTE S.R.L','SAN MARTIN','SAN MARTIN','TARAPOTO',1,1,NULL,NULL,NULL,NULL,NULL,NULL,NULL,4,'transferencia','media/logo/sociosempresa/logo_socio_ARTROSCOPICTRAUMA_S_A_C_1758915582.png',1,1,'2025-09-03 10:18:33'),(96,96,'SERVICIOS EXCELENTES E.I.R.L.','LORETO','MAYNAS','IQUITOS',1,1,NULL,NULL,NULL,NULL,NULL,NULL,NULL,4,'transferencia','media/logo/sociosempresa/logo_socio_ARTROSCOPICTRAUMA_S_A_C_1758915582.png',1,1,'2025-09-03 10:18:33'),(97,97,'RADIO LORETO S.A.C.','LORETO','MAYNAS','IQUITOS',1,1,NULL,NULL,NULL,NULL,NULL,NULL,NULL,4,'transferencia','media/logo/sociosempresa/logo_socio_ARTROSCOPICTRAUMA_S_A_C_1758915582.png',1,1,'2025-09-03 10:18:33'),(98,98,'ZAFIRO 5 S.A.C.','LORETO','MAYNAS','IQUITOS',1,1,NULL,NULL,NULL,NULL,NULL,NULL,NULL,4,'transferencia','media/logo/sociosempresa/logo_socio_ARTROSCOPICTRAUMA_S_A_C_1758915582.png',1,1,'2025-09-03 10:18:33'),(99,99,'TRANSBER IQUITOS S.A.','LORETO','MAYNAS','IQUITOS',1,1,NULL,NULL,NULL,NULL,NULL,NULL,NULL,4,'transferencia','media/logo/sociosempresa/logo_socio_ARTROSCOPICTRAUMA_S_A_C_1758915582.png',1,1,'2025-09-03 10:18:33'),(100,100,'TELESISTEMAS IQUITOS E.I.R.L.','LORETO','MAYNAS','IQUITOS',1,1,NULL,NULL,NULL,NULL,NULL,NULL,NULL,4,'transferencia','media/logo/sociosempresa/logo_socio_ARTROSCOPICTRAUMA_S_A_C_1758915582.png',1,1,'2025-09-03 10:18:33'),(101,101,'CONSORCIO DE SERVICIOS FUNERARIOS S.A.C','LORETO','MAYNAS','IQUITOS',1,1,NULL,NULL,NULL,NULL,NULL,NULL,NULL,4,'transferencia','media/logo/sociosempresa/logo_socio_ARTROSCOPICTRAUMA_S_A_C_1758915582.png',1,1,'2025-09-03 10:18:33'),(102,102,'JUGUERIA TUTTI FRUTTI EIRL','LORETO','MAYNAS','IQUITOS',1,1,NULL,NULL,NULL,NULL,NULL,NULL,NULL,4,'transferencia','media/logo/sociosempresa/logo_socio_ARTROSCOPICTRAUMA_S_A_C_1758915582.png',1,1,'2025-09-03 10:18:33'),(103,103,'K L IMPORT EXPORT PERU S.A.C','LORETO','MAYNAS','IQUITOS',1,1,NULL,NULL,NULL,NULL,NULL,NULL,NULL,4,'transferencia','media/logo/sociosempresa/logo_socio_ARTROSCOPICTRAUMA_S_A_C_1758915582.png',1,1,'2025-09-03 10:18:33'),(104,104,'INVERSIONES PEGASO S.R.L.','LORETO','MAYNAS','IQUITOS',1,1,NULL,NULL,NULL,NULL,NULL,NULL,NULL,4,'transferencia','media/logo/sociosempresa/logo_socio_ARTROSCOPICTRAUMA_S_A_C_1758915582.png',1,1,'2025-09-03 10:18:33'),(105,105,'D\'TODO FERRETERA S.A.C.','LORETO','MAYNAS','IQUITOS',1,1,NULL,NULL,NULL,NULL,NULL,NULL,NULL,4,'transferencia','media/logo/sociosempresa/logo_socio_ARTROSCOPICTRAUMA_S_A_C_1758915582.png',1,1,'2025-09-03 10:18:33'),(106,106,'A & E TOURS TAHUAYO LODGE E.I.R.L.','LORETO','MAYNAS','IQUITOS',1,1,NULL,NULL,NULL,NULL,NULL,NULL,NULL,4,'transferencia','media/logo/sociosempresa/logo_socio_ARTROSCOPICTRAUMA_S_A_C_1758915582.png',1,1,'2025-09-03 10:18:33'),(107,107,'EL MUNDO DE LA FANTASIA S.R.L.','LORETO','MAYNAS','IQUITOS',1,1,NULL,NULL,NULL,NULL,NULL,NULL,NULL,4,'transferencia','media/logo/sociosempresa/logo_socio_ARTROSCOPICTRAUMA_S_A_C_1758915582.png',1,1,'2025-09-03 10:18:33'),(108,108,'CONSULTORES VETERINARIOS Y AGRICOLAS S.R.L.','LORETO','MAYNAS','IQUITOS',1,1,NULL,NULL,NULL,NULL,NULL,NULL,NULL,4,'transferencia','media/logo/sociosempresa/logo_socio_ARTROSCOPICTRAUMA_S_A_C_1758915582.png',1,1,'2025-09-03 10:18:33'),(109,109,'CREAZIONI S.A.','LORETO','MAYNAS','IQUITOS',1,1,NULL,NULL,NULL,NULL,NULL,NULL,NULL,4,'transferencia','media/logo/sociosempresa/logo_socio_ARTROSCOPICTRAUMA_S_A_C_1758915582.png',1,1,'2025-09-03 10:18:33'),(110,110,'LORETO ESTUDIO CONTABLE SAC','LORETO','MAYNAS','IQUITOS',1,1,NULL,NULL,NULL,NULL,NULL,NULL,NULL,4,'transferencia','media/logo/sociosempresa/logo_socio_ARTROSCOPICTRAUMA_S_A_C_1758915582.png',1,1,'2025-09-03 10:18:33'),(111,111,'DISTRIBUIDORA KARINA MARGOT E.I.R.L.','LORETO','MAYNAS','IQUITOS',1,1,NULL,NULL,NULL,NULL,NULL,NULL,NULL,4,'transferencia','media/logo/sociosempresa/logo_socio_ARTROSCOPICTRAUMA_S_A_C_1758915582.png',1,1,'2025-09-03 10:18:33'),(112,112,'PILY\'S CLOTHES AND BAGS','LORETO','MAYNAS','IQUITOS',1,1,NULL,NULL,NULL,NULL,NULL,NULL,NULL,4,'transferencia','media/logo/sociosempresa/logo_socio_ARTROSCOPICTRAUMA_S_A_C_1758915582.png',1,1,'2025-09-03 10:18:33'),(113,113,'GESTION EDUCATIVA PARA EL DESARROLLO DE COMPETITIVIDAD Y CAPACIDAD PROFESIONAL','LORETO','MAYNAS','IQUITOS',1,1,NULL,NULL,NULL,NULL,NULL,NULL,NULL,4,'transferencia','media/logo/sociosempresa/logo_socio_ARTROSCOPICTRAUMA_S_A_C_1758915582.png',1,1,'2025-09-03 10:18:33'),(114,114,'STUDIO 69 E.I.R.L.','LORETO','MAYNAS','IQUITOS',1,1,NULL,NULL,NULL,NULL,NULL,NULL,NULL,4,'transferencia','media/logo/sociosempresa/logo_socio_ARTROSCOPICTRAUMA_S_A_C_1758915582.png',1,1,'2025-09-03 10:18:33'),(115,115,'AMAZON FOREVER','LORETO','MAYNAS','SAN JUAN BAUTISTA',1,1,NULL,NULL,NULL,NULL,NULL,NULL,NULL,4,'transferencia','media/logo/sociosempresa/logo_socio_ARTROSCOPICTRAUMA_S_A_C_1758915582.png',1,1,'2025-09-03 10:18:33'),(116,116,'NEGOCIOS Y REPRESENTACIONES PERÚ EIRL','LORETO','MAYNAS','SAN JUAN BAUTISTA',1,1,NULL,NULL,NULL,NULL,NULL,NULL,NULL,4,'transferencia','media/logo/sociosempresa/logo_socio_ARTROSCOPICTRAUMA_S_A_C_1758915582.png',1,1,'2025-09-03 10:18:33'),(117,117,'BUFEO INNOVACIÓN TECNOLÓGICA','LORETO','MAYNAS','IQUITOS',1,1,NULL,NULL,NULL,NULL,NULL,NULL,NULL,4,'transferencia','media/logo/sociosempresa/logo_socio_ARTROSCOPICTRAUMA_S_A_C_1758915582.png',1,1,'2025-09-03 10:18:33'),(118,118,'PINEDO REÁTEGUI ROMMEL MARINO','-','-','-',1,1,NULL,NULL,NULL,NULL,NULL,NULL,NULL,4,'transferencia','media/logo/sociosempresa/logo_socio_ARTROSCOPICTRAUMA_S_A_C_1758915582.png',1,1,'2025-09-03 10:18:33'),(119,119,'CHUPETES Y HELADOS SHAMBO S.A.C.','LORETO','MAYNAS','IQUITOS',1,1,NULL,NULL,NULL,NULL,NULL,NULL,NULL,4,'transferencia','media/logo/sociosempresa/logo_socio_ARTROSCOPICTRAUMA_S_A_C_1758915582.png',1,1,'2025-09-03 10:18:33'),(120,120,'ALMACEN DE PINTURAS LA MARINA E.I.R.L.','LORETO','MAYNAS','PUNCHANA',1,1,NULL,NULL,NULL,NULL,NULL,NULL,NULL,4,'transferencia','media/logo/sociosempresa/logo_socio_ARTROSCOPICTRAUMA_S_A_C_1758915582.png',1,1,'2025-09-03 10:18:33'),(121,121,'ROGER WALTER AGUILAR VASQUEZ','-','-','-',1,1,NULL,NULL,NULL,NULL,NULL,NULL,NULL,4,'transferencia','media/logo/sociosempresa/logo_socio_ARTROSCOPICTRAUMA_S_A_C_1758915582.png',1,1,'2025-09-03 10:18:33'),(122,122,'MERA PANDURO FERNANDO EDISLAO','-','-','-',1,1,NULL,NULL,NULL,NULL,NULL,NULL,NULL,4,'transferencia','media/logo/sociosempresa/logo_socio_ARTROSCOPICTRAUMA_S_A_C_1758915582.png',1,1,'2025-09-03 10:18:33'),(123,123,'AGROPECUARIA LA CHACRA SRL','LORETO','MAYNAS','IQUITOS',1,1,NULL,NULL,NULL,NULL,NULL,NULL,NULL,4,'transferencia','media/logo/sociosempresa/logo_socio_ARTROSCOPICTRAUMA_S_A_C_1758915582.png',1,1,'2025-09-03 10:18:33'),(124,124,'GALLARDO Y ZAMORA CORREDORES DE SEGUROS Y ASOCIADOS S.A.','LAMBAYEQUE','CHICLAYO','CHICLAYO',1,1,NULL,NULL,NULL,NULL,NULL,NULL,NULL,4,'transferencia','media/logo/sociosempresa/logo_socio_ARTROSCOPICTRAUMA_S_A_C_1758915582.png',1,1,'2025-09-03 10:18:33'),(125,125,'POWER VILLACORTA ROBERTO CARLOS','-','-','-',1,1,NULL,NULL,NULL,NULL,NULL,NULL,NULL,4,'transferencia','media/logo/sociosempresa/logo_socio_ARTROSCOPICTRAUMA_S_A_C_1758915582.png',1,1,'2025-09-03 10:18:33'),(126,126,'CLUB DEPORTIVO LORETANAS DE ORO','LORETO','MAYNAS','IQUITOS',1,1,NULL,NULL,NULL,NULL,NULL,NULL,NULL,4,'transferencia','media/logo/sociosempresa/logo_socio_ARTROSCOPICTRAUMA_S_A_C_1758915582.png',1,1,'2025-09-03 10:18:33'),(127,127,'CARMEN RAQUEL NUÑEZ RENGIFO','-','-','-',1,1,NULL,NULL,NULL,NULL,NULL,NULL,NULL,4,'transferencia','media/logo/sociosempresa/logo_socio_ARTROSCOPICTRAUMA_S_A_C_1758915582.png',1,1,'2025-09-03 10:18:33'),(128,128,'THE PERUVIAN SOCIAL INCUBATOR SAC','LIMA','LIMA','PUEBLO LIBRE',1,1,NULL,NULL,NULL,NULL,NULL,NULL,NULL,4,'transferencia','media/logo/sociosempresa/logo_socio_ARTROSCOPICTRAUMA_S_A_C_1758915582.png',1,1,'2025-09-03 10:18:33'),(129,129,'OXIGENO DEL ORIENTE AMAZONICO SAC','LORETO','MAYNAS','PUNCHANA',1,1,NULL,NULL,NULL,NULL,NULL,NULL,NULL,4,'transferencia','media/logo/sociosempresa/logo_socio_ARTROSCOPICTRAUMA_S_A_C_1758915582.png',1,1,'2025-09-03 10:18:33'),(130,130,'THE YELLOW ROSE OF TEXAS EIRL','LORETO','MAYNAS','IQUITOS',1,1,NULL,NULL,NULL,NULL,NULL,NULL,NULL,4,'transferencia','media/logo/sociosempresa/logo_socio_ARTROSCOPICTRAUMA_S_A_C_1758915582.png',1,1,'2025-09-03 10:18:33'),(131,131,'INSTITUTO SUPERIOR TECNOLÓGICO EMILIO ROMERO PADILLA EIRL','LORETO','MAYNAS','IQUITOS',1,1,NULL,NULL,NULL,NULL,NULL,NULL,NULL,4,'transferencia','media/logo/sociosempresa/logo_socio_ARTROSCOPICTRAUMA_S_A_C_1758915582.png',1,1,'2025-09-03 10:18:33'),(132,132,'OPTICA OPTILENTES','-','-','-',1,1,NULL,NULL,NULL,NULL,NULL,NULL,NULL,4,'transferencia','media/logo/sociosempresa/logo_socio_ARTROSCOPICTRAUMA_S_A_C_1758915582.png',1,1,'2025-09-03 10:18:33'),(133,133,'REPRESENTACIONES MARYMOTOR´S EIRL','LORETO','MAYNAS','IQUITOS',1,1,NULL,NULL,NULL,NULL,NULL,NULL,NULL,4,'transferencia','media/logo/sociosempresa/logo_socio_ARTROSCOPICTRAUMA_S_A_C_1758915582.png',1,1,'2025-09-03 10:18:33'),(134,134,'CLÍNICA VETERINARIA COMCENTER JUÁREZ EIRL','LORETO','MAYNAS','IQUITOS',1,1,NULL,NULL,NULL,NULL,NULL,NULL,NULL,4,'transferencia','media/logo/sociosempresa/logo_socio_ARTROSCOPICTRAUMA_S_A_C_1758915582.png',1,1,'2025-09-03 10:18:33'),(135,135,'INVERSIONES MÉDICAS CELIS Y MARIN EIRL (CEL MAR)','LIMA','LIMA','ATE',1,1,NULL,NULL,NULL,NULL,NULL,NULL,NULL,4,'transferencia','media/logo/sociosempresa/logo_socio_ARTROSCOPICTRAUMA_S_A_C_1758915582.png',1,1,'2025-09-03 10:18:33'),(136,136,'PABLO MARTÍN CASUSO CHÁVEZ','-','-','-',1,1,NULL,NULL,NULL,NULL,NULL,NULL,NULL,4,'transferencia','media/logo/sociosempresa/logo_socio_ARTROSCOPICTRAUMA_S_A_C_1758915582.png',1,0,'2025-09-03 10:18:33'),(137,137,'JUAN ANTONIO LA TORRE LÓPEZ','-','-','-',1,1,NULL,NULL,NULL,NULL,NULL,NULL,NULL,4,'transferencia','media/logo/sociosempresa/logo_socio_ARTROSCOPICTRAUMA_S_A_C_1758915582.png',1,1,'2025-09-03 10:18:33'),(138,138,'DENIS LINARES CAMBERO','-','-','-',1,1,NULL,NULL,NULL,NULL,NULL,NULL,NULL,4,'transferencia','media/logo/sociosempresa/logo_socio_ARTROSCOPICTRAUMA_S_A_C_1758915582.png',1,0,'2025-09-03 10:18:33'),(139,139,'AMAZON GARDEN ECOLODGE BOUTIQUE (SANTA MARILYN EIRL)','LORETO','MAYNAS','IQUITOS',1,1,NULL,NULL,NULL,NULL,NULL,NULL,NULL,4,'transferencia','media/logo/sociosempresa/logo_socio_ARTROSCOPICTRAUMA_S_A_C_1758915582.png',1,1,'2025-09-03 10:18:33'),(140,140,'INVERSIONES GENERALES LA MARINA SRL','','','',1,1,NULL,NULL,NULL,NULL,NULL,NULL,NULL,4,'transferencia','media/logo/sociosempresa/logo_socio_ARTROSCOPICTRAUMA_S_A_C_1758915582.png',1,1,'2025-09-03 10:18:33'),(141,141,'MARIANO VIEIRA BOCANEGRA','-','-','-',1,1,NULL,NULL,NULL,NULL,NULL,NULL,NULL,4,'transferencia','media/logo/sociosempresa/logo_socio_ARTROSCOPICTRAUMA_S_A_C_1758915582.png',1,1,'2025-09-03 10:18:33'),(142,142,'ELSA SATO AREVALO','-','-','-',1,1,NULL,NULL,NULL,NULL,NULL,NULL,NULL,4,'transferencia','media/logo/sociosempresa/logo_socio_ARTROSCOPICTRAUMA_S_A_C_1758915582.png',1,1,'2025-09-03 10:18:33'),(143,143,'BOTICA Y PERFUMERIA MARY EIRL','LORETO','MAYNAS','SAN JUAN BAUTISTA',1,1,NULL,NULL,NULL,NULL,NULL,NULL,NULL,4,'transferencia','media/logo/sociosempresa/logo_socio_ARTROSCOPICTRAUMA_S_A_C_1758915582.png',1,1,'2025-09-03 10:18:33'),(144,144,'MARÍA DE JESÚS RENGIFO RAMÍREZ/HOSPEDAJE COYZA','-','-','-',1,1,NULL,NULL,NULL,NULL,NULL,NULL,NULL,4,'transferencia','media/logo/sociosempresa/logo_socio_ARTROSCOPICTRAUMA_S_A_C_1758915582.png',1,1,'2025-09-03 10:18:33'),(145,145,'GUERRA ALVAN ARIANA BLANCA','-','-','-',1,1,NULL,NULL,NULL,NULL,NULL,NULL,NULL,4,'transferencia','media/logo/sociosempresa/logo_socio_ARTROSCOPICTRAUMA_S_A_C_1758915582.png',1,1,'2025-09-03 10:18:33'),(146,146,'LUIS FRANCISCO SANCHEZ ZAMORA','-','-','-',1,1,NULL,NULL,NULL,NULL,NULL,NULL,NULL,4,'transferencia','media/logo/sociosempresa/logo_socio_ARTROSCOPICTRAUMA_S_A_C_1758915582.png',1,1,'2025-09-03 10:18:33'),(147,147,'MV SERVICIOS INTEGRALES SRL','LORETO','MAYNAS','IQUITOS',1,1,NULL,NULL,NULL,NULL,NULL,NULL,NULL,4,'transferencia','media/logo/sociosempresa/logo_socio_ARTROSCOPICTRAUMA_S_A_C_1758915582.png',1,1,'2025-09-03 10:18:33'),(148,148,'ORGANIZACIÓN NO GUBERNAMENTAL VOZ Y ACCIÓN CIUDADANA','LORETO','MAYNAS','SAN JUAN BAUTISTA',1,1,NULL,NULL,NULL,NULL,NULL,NULL,NULL,4,'transferencia','media/logo/sociosempresa/logo_socio_ARTROSCOPICTRAUMA_S_A_C_1758915582.png',1,1,'2025-09-03 10:18:33'),(149,149,'GIAN PIERRE AREVALO RIVADENEYRA','-','-','-',1,1,NULL,NULL,NULL,NULL,NULL,NULL,NULL,4,'transferencia','media/logo/sociosempresa/logo_socio_ARTROSCOPICTRAUMA_S_A_C_1758915582.png',1,1,'2025-09-03 10:18:33'),(150,150,'DELEITES DE LA AMAZONIA LA MISHQUINA E.I.R.L.','LORETO','MAYNAS','IQUITOS',1,1,NULL,NULL,NULL,NULL,NULL,NULL,NULL,4,'transferencia','media/logo/sociosempresa/logo_socio_ARTROSCOPICTRAUMA_S_A_C_1758915582.png',1,1,'2025-09-03 10:18:33'),(151,151,'LUPUNA FOOD S.A.C.','LORETO','MAYNAS','IQUITOS',1,1,NULL,NULL,NULL,NULL,NULL,NULL,NULL,4,'transferencia','media/logo/sociosempresa/logo_socio_ARTROSCOPICTRAUMA_S_A_C_1758915582.png',1,1,'2025-09-03 10:18:33'),(152,152,'SERVICIOS Y CONSULTORIA EN HIDROCARBUROS E INVERSIONES S.A.C.','LORETO','MAYNAS','PUNCHANA',1,1,NULL,NULL,NULL,NULL,NULL,NULL,NULL,4,'transferencia','media/logo/sociosempresa/logo_socio_ARTROSCOPICTRAUMA_S_A_C_1758915582.png',1,1,'2025-09-03 10:18:33'),(153,153,'SERVICIO DE CAPACITACION E INSTRUCCION REYES','LORETO','MAYNAS','IQUITOS',1,1,NULL,NULL,NULL,NULL,NULL,NULL,NULL,4,'transferencia','media/logo/sociosempresa/logo_socio_ARTROSCOPICTRAUMA_S_A_C_1758915582.png',1,1,'2025-09-03 10:18:33'),(154,154,'QA CERTIFICATION SERVICES LATAM S.A.C.','LIMA','LIMA','MIRAFLORES',1,1,NULL,NULL,NULL,NULL,NULL,NULL,NULL,4,'transferencia','media/logo/sociosempresa/logo_socio_ARTROSCOPICTRAUMA_S_A_C_1758915582.png',1,1,'2025-09-03 10:18:33'),(155,155,'AMAZON TROPICALS FISH FARM AQUARIUM S.R.L.','LORETO','MAYNAS','SAN JUAN BAUTISTA',1,1,NULL,NULL,NULL,NULL,NULL,NULL,NULL,4,'transferencia','media/logo/sociosempresa/logo_socio_ARTROSCOPICTRAUMA_S_A_C_1758915582.png',1,1,'2025-09-03 10:18:33'),(156,156,'AMAZON SECURITY PERU S.R.L.','SAN MARTIN','SAN MARTIN','TARAPOTO',1,1,NULL,NULL,NULL,NULL,NULL,NULL,NULL,4,'transferencia','media/logo/sociosempresa/logo_socio_ARTROSCOPICTRAUMA_S_A_C_1758915582.png',1,1,'2025-09-03 10:18:33'),(157,157,'INVERSIONES Y SERVICIOS TURISTICOS PANAMA S.A.C.','LORETO','MAYNAS','IQUITOS',1,1,NULL,NULL,NULL,NULL,NULL,NULL,NULL,4,'transferencia','media/logo/sociosempresa/logo_socio_ARTROSCOPICTRAUMA_S_A_C_1758915582.png',1,1,'2025-09-04 16:48:27'),(158,158,'ACUA CORP S.A.C.','LORETO','MAYNAS','SAN JUAN BAUTISTA',1,1,NULL,NULL,NULL,NULL,NULL,NULL,NULL,4,'transferencia','media/logo/sociosempresa/logo_socio_ARTROSCOPICTRAUMA_S_A_C_1758915582.png',1,1,'2025-09-04 16:48:27'),(159,159,'INVERSIONES RIO AMAZONAS S.A.C.','LORETO','MAYNAS','IQUITOS',1,1,NULL,NULL,NULL,NULL,NULL,NULL,NULL,4,'transferencia','media/logo/sociosempresa/logo_socio_ARTROSCOPICTRAUMA_S_A_C_1758915582.png',1,1,'2025-09-04 16:48:27'),(160,160,'MONTAÑEZ PASTOR LUISELL NADIR','----','----','----',1,1,NULL,NULL,NULL,NULL,NULL,NULL,NULL,4,'transferencia','media/logo/sociosempresa/logo_socio_ARTROSCOPICTRAUMA_S_A_C_1758915582.png',1,1,'2025-09-04 16:48:27'),(161,161,'AGRO INDUSTRIAS Y SERVICIOS NAUTA E.I.R.L.','LORETO','MAYNAS','SAN JUAN BAUTISTA',1,1,NULL,NULL,NULL,NULL,NULL,NULL,NULL,4,'transferencia','media/logo/sociosempresa/logo_socio_ARTROSCOPICTRAUMA_S_A_C_1758915582.png',1,1,'2025-09-04 16:48:27'),(162,162,'OPTICA & NOVEDADES LI EMPRESA INDIVIDUAL DE RESPONSABILIDAD LIMITADA','LORETO','MAYNAS','IQUITOS',1,1,NULL,NULL,NULL,NULL,NULL,NULL,NULL,4,'transferencia','media/logo/sociosempresa/logo_socio_ARTROSCOPICTRAUMA_S_A_C_1758915582.png',1,1,'2025-09-04 16:48:27'),(163,163,'DE MI ABUELA SUS SECRETITOS SAC','LORETO','MAYNAS','SAN JUAN BAUTISTA',1,1,NULL,NULL,NULL,NULL,NULL,NULL,NULL,5,'transferencia','media/logo/sociosempresa/logo_socio_ARTROSCOPICTRAUMA_S_A_C_1758915582.png',1,1,'2025-09-04 16:48:27'),(164,164,'ESTELA DEL PILAR CABRERA GUERRERO','----','----','----',1,1,NULL,NULL,NULL,NULL,NULL,NULL,NULL,5,'transferencia','media/logo/sociosempresa/logo_socio_ARTROSCOPICTRAUMA_S_A_C_1758915582.png',1,1,'2025-09-04 16:48:27'),(165,165,'SOLSOL SALDAÑA WENSESLAO','----','----','----',1,1,NULL,NULL,NULL,NULL,NULL,NULL,NULL,5,'transferencia','media/logo/sociosempresa/logo_socio_ARTROSCOPICTRAUMA_S_A_C_1758915582.png',1,1,'2025-09-04 16:48:27'),(180,182,'sfsfsdfewsa','Arequipa','Caylloma','Caylloma',11,36,'2025-01-08 00:00:00','bn gfhcgf cn','HOLA 1','HOLA 1','jkhkjoihiuhgiu','2025-09-16','michel@gmail.com',2,'efectivo','media/logo/sociosempresa/logo_socio_ARTROSCOPICTRAUMA_S_A_C_1758915582.png',1,1,'2025-09-26 14:37:30');
/*!40000 ALTER TABLE `socio` ENABLE KEYS */;
UNLOCK TABLES;

--
-- Table structure for table `socio_actividad`
--

DROP TABLE IF EXISTS `socio_actividad`;
/*!40101 SET @saved_cs_client     = @@character_set_client */;
 SET character_set_client = utf8mb4 ;
CREATE TABLE `socio_actividad` (
  `id_socio_actividad` int NOT NULL AUTO_INCREMENT,
  `socio_actividad_id_socio` int DEFAULT NULL,
  `socio_actividad_id_actividad` int DEFAULT NULL,
  `socio_actividad_creacion` datetime DEFAULT NULL,
  PRIMARY KEY (`id_socio_actividad`),
  KEY `fk_socio_actividad_id_socio` (`socio_actividad_id_socio`),
  KEY `fk_socio_actividad_id_actividad` (`socio_actividad_id_actividad`),
  CONSTRAINT `fk_socio_actividad_id_actividad` FOREIGN KEY (`socio_actividad_id_actividad`) REFERENCES `sectores` (`id_sector`),
  CONSTRAINT `fk_socio_actividad_id_socio` FOREIGN KEY (`socio_actividad_id_socio`) REFERENCES `rubros` (`id_rubro`)
) ENGINE=InnoDB AUTO_INCREMENT=26 DEFAULT CHARSET=utf8mb4 COLLATE=utf8mb4_unicode_ci;
/*!40101 SET character_set_client = @saved_cs_client */;

--
-- Dumping data for table `socio_actividad`
--

LOCK TABLES `socio_actividad` WRITE;
/*!40000 ALTER TABLE `socio_actividad` DISABLE KEYS */;
INSERT INTO `socio_actividad` VALUES (1,1,1,'2025-08-19 17:00:15'),(2,1,2,'2025-08-19 17:00:15'),(3,1,4,'2025-08-19 17:00:15'),(4,2,2,'2025-08-21 13:01:56'),(5,1,3,'2025-08-21 13:01:56'),(6,1,5,'2025-08-21 13:01:56'),(8,2,2,'2025-09-15 10:12:17');
/*!40000 ALTER TABLE `socio_actividad` ENABLE KEYS */;
UNLOCK TABLES;

--
-- Table structure for table `socio_beneficioacumulado`
--

DROP TABLE IF EXISTS `socio_beneficioacumulado`;
/*!40101 SET @saved_cs_client     = @@character_set_client */;
 SET character_set_client = utf8mb4 ;
CREATE TABLE `socio_beneficioacumulado` (
  `id_sociobeneficioacumulado` int NOT NULL AUTO_INCREMENT,
  `sociobeneficioacumulado_idsocio` int DEFAULT NULL,
  `sociobeneficioacumulado_idbeneficio` int DEFAULT NULL,
  `sociobeneficioacumulado_cant` int DEFAULT NULL,
  `sociobeneficioacumulado_estado` tinyint DEFAULT '1',
  `sociobeneficioacumulado_fecha` datetime DEFAULT NULL,
  PRIMARY KEY (`id_sociobeneficioacumulado`),
  KEY `fk_socio_beneicioacumuladosocio` (`sociobeneficioacumulado_idsocio`),
  KEY `fk_socio_beneficioacumulado_idbeneficio_idx` (`sociobeneficioacumulado_idbeneficio`),
  CONSTRAINT `fk_socio_beneficioacumulado_idbeneficio` FOREIGN KEY (`sociobeneficioacumulado_idbeneficio`) REFERENCES `beneficios` (`id_beneficio`),
  CONSTRAINT `fk_socio_beneicioacumuladosocio` FOREIGN KEY (`sociobeneficioacumulado_idsocio`) REFERENCES `socio` (`id_socio`)
) ENGINE=InnoDB AUTO_INCREMENT=30 DEFAULT CHARSET=utf8mb4 COLLATE=utf8mb4_0900_ai_ci;
/*!40101 SET character_set_client = @saved_cs_client */;

--
-- Dumping data for table `socio_beneficioacumulado`
--

LOCK TABLES `socio_beneficioacumulado` WRITE;
/*!40000 ALTER TABLE `socio_beneficioacumulado` DISABLE KEYS */;
INSERT INTO `socio_beneficioacumulado` VALUES (1,1,2,2,1,'2025-09-22 12:57:37'),(2,1,1,4,1,'2025-09-20 12:57:37'),(3,1,3,4,1,'2025-08-20 12:57:37'),(4,1,1,6,1,'2025-09-22 12:57:37'),(6,2,4,1,1,'2025-09-23 16:45:42'),(8,2,2,2,1,'2025-09-23 17:00:33'),(9,2,1,1,1,'2025-09-23 17:00:46'),(10,2,1,49,1,'2025-09-25 17:27:50'),(11,2,2,1,1,'2025-09-25 17:46:34'),(12,4,1,1,1,'2025-09-25 19:09:36'),(13,4,1,1,1,'2025-09-25 19:10:01'),(14,4,1,1,1,'2025-09-25 19:15:35'),(15,4,1,9,1,'2025-09-25 19:16:12'),(16,10,6,1,1,'2025-09-25 19:17:23'),(17,7,4,2,1,'2025-09-25 19:17:34'),(18,7,4,2,1,'2025-09-26 13:40:05'),(19,4,2,1,1,'2025-09-26 14:12:14'),(20,4,8,1,1,'2025-09-26 14:13:10'),(21,4,8,1,1,'2025-09-26 14:13:21'),(22,3,1,1,1,'2025-09-26 14:13:54'),(24,3,2,2,1,'2025-09-26 14:14:23'),(25,3,9,1,1,'2025-09-26 14:14:50'),(26,3,1,1,1,'2025-09-26 14:15:07'),(27,3,4,1,1,'2025-09-26 14:15:21'),(28,180,3,1,1,'2025-09-26 16:03:51'),(29,180,1,1,1,'2025-09-26 16:04:02');
/*!40000 ALTER TABLE `socio_beneficioacumulado` ENABLE KEYS */;
UNLOCK TABLES;

--
-- Table structure for table `socio_documentos`
--

DROP TABLE IF EXISTS `socio_documentos`;
/*!40101 SET @saved_cs_client     = @@character_set_client */;
 SET character_set_client = utf8mb4 ;
CREATE TABLE `socio_documentos` (
  `idsociodocumento` int NOT NULL AUTO_INCREMENT,
  `sociodocumento_tipodocsocio` int DEFAULT NULL,
  `sociodocumento_idsocio` int DEFAULT NULL,
  `sociodocumento_nombrearchivo` varchar(500) DEFAULT NULL,
  `sociodocumento_rutaarchivo` varchar(500) DEFAULT NULL,
  `sociodocumento_estado` tinyint DEFAULT '1',
  `sociodocumento_fecha` datetime DEFAULT NULL,
  PRIMARY KEY (`idsociodocumento`),
  KEY `Fk_documento_socio` (`sociodocumento_tipodocsocio`),
  KEY `Fk__sociodocumento_socio` (`sociodocumento_idsocio`),
  CONSTRAINT `Fk__sociodocumento_socio` FOREIGN KEY (`sociodocumento_idsocio`) REFERENCES `socio` (`id_socio`),
  CONSTRAINT `Fk_documento_socio` FOREIGN KEY (`sociodocumento_tipodocsocio`) REFERENCES `tipo_documento_socio` (`idtipodocumentosocio`)
) ENGINE=InnoDB AUTO_INCREMENT=22 DEFAULT CHARSET=utf8mb4 COLLATE=utf8mb4_0900_ai_ci;
/*!40101 SET character_set_client = @saved_cs_client */;

--
-- Dumping data for table `socio_documentos`
--

LOCK TABLES `socio_documentos` WRITE;
/*!40000 ALTER TABLE `socio_documentos` DISABLE KEYS */;
INSERT INTO `socio_documentos` VALUES (15,1,180,'archivo_ficha_ruc_socio1758915582.pdf','media/documentos/pdf/socios/expedientes/ARTROSCOPICTRAUMA_S_A_C_/archivo_ficha_ruc_socio1758915582.pdf',1,'2025-09-26 14:37:30'),(16,2,180,'archivo_dni_socio1758915582.pdf','media/documentos/pdf/socios/expedientes/ARTROSCOPICTRAUMA_S_A_C_/archivo_dni_socio1758915582.pdf',1,'2025-09-26 14:37:30'),(17,3,180,'archivo_fichainscripcionfirmada_socio1758915582.pdf','media/documentos/pdf/socios/expedientes/ARTROSCOPICTRAUMA_S_A_C_/archivo_fichainscripcionfirmada_socio1758915582.pdf',1,'2025-09-26 14:37:30'),(18,4,180,'archivo_vigenciapoder_socio1758915582.pdf','media/documentos/pdf/socios/expedientes/ARTROSCOPICTRAUMA_S_A_C_/archivo_vigenciapoder_socio1758915582.pdf',1,'2025-09-26 14:37:30'),(19,5,180,'archivo_partidaregistraoempresa_socio1758915582.pdf','media/documentos/pdf/socios/expedientes/ARTROSCOPICTRAUMA_S_A_C_/archivo_partidaregistraoempresa_socio1758915582.pdf',1,'2025-09-26 14:37:30'),(20,6,180,'archivo_reportetercerossunat_socio1758915582.pdf','media/documentos/pdf/socios/expedientes/ARTROSCOPICTRAUMA_S_A_C_/archivo_reportetercerossunat_socio1758915582.pdf',1,'2025-09-26 14:37:30'),(21,7,180,'archivo_comprobantederechoafiliacion_socio1758915582.pdf','media/documentos/pdf/socios/expedientes/ARTROSCOPICTRAUMA_S_A_C_/archivo_comprobantederechoafiliacion_socio1758915582.pdf',1,'2025-09-26 14:37:30');
/*!40000 ALTER TABLE `socio_documentos` ENABLE KEYS */;
UNLOCK TABLES;

--
-- Table structure for table `tipo_afectacion`
--

DROP TABLE IF EXISTS `tipo_afectacion`;
/*!40101 SET @saved_cs_client     = @@character_set_client */;
 SET character_set_client = utf8mb4 ;
CREATE TABLE `tipo_afectacion` (
  `id_tipo_afectacion` int NOT NULL,
  `codigo` char(2) NOT NULL,
  `descripcion` varchar(50) DEFAULT NULL,
  `codigo_afectacion` char(4) DEFAULT NULL,
  `nombre_afectacion` char(3) DEFAULT NULL,
  `tipo_afectacion` char(3) DEFAULT NULL,
  PRIMARY KEY (`id_tipo_afectacion`)
) ENGINE=InnoDB DEFAULT CHARSET=latin1 ROW_FORMAT=DYNAMIC;
/*!40101 SET character_set_client = @saved_cs_client */;

--
-- Dumping data for table `tipo_afectacion`
--

LOCK TABLES `tipo_afectacion` WRITE;
/*!40000 ALTER TABLE `tipo_afectacion` DISABLE KEYS */;
INSERT INTO `tipo_afectacion` VALUES (1,'10','OP. GRAVADAS','1000','IGV','VAT'),(2,'20','OP. EXONERADAS','9997','EXO','VAT'),(3,'30','OP. INAFECTAS','9998','INA','FRE'),(4,'21','OP. GRATUITAS','9996','GRA','FRE');
/*!40000 ALTER TABLE `tipo_afectacion` ENABLE KEYS */;
UNLOCK TABLES;

--
-- Table structure for table `tipo_documento_socio`
--

DROP TABLE IF EXISTS `tipo_documento_socio`;
/*!40101 SET @saved_cs_client     = @@character_set_client */;
 SET character_set_client = utf8mb4 ;
CREATE TABLE `tipo_documento_socio` (
  `idtipodocumentosocio` int NOT NULL AUTO_INCREMENT,
  `tipodocumentosocio` varchar(500) DEFAULT NULL,
  `tipodocumentosocio_estado` tinyint DEFAULT '1',
  PRIMARY KEY (`idtipodocumentosocio`)
) ENGINE=InnoDB AUTO_INCREMENT=8 DEFAULT CHARSET=utf8mb4 COLLATE=utf8mb4_0900_ai_ci;
/*!40101 SET character_set_client = @saved_cs_client */;

--
-- Dumping data for table `tipo_documento_socio`
--

LOCK TABLES `tipo_documento_socio` WRITE;
/*!40000 ALTER TABLE `tipo_documento_socio` DISABLE KEYS */;
INSERT INTO `tipo_documento_socio` VALUES (1,'Ficha Ruc',1),(2,'Copia Dni',1),(3,'Ficha Incripcion Firmada',1),(4,'Vigencia Poder',1),(5,'Copia de la partida registral de la empresa.',1),(6,'Reporte de terceros Sunat.',1),(7,'Comprobante de pago por derecho de afiliación.',1);
/*!40000 ALTER TABLE `tipo_documento_socio` ENABLE KEYS */;
UNLOCK TABLES;

--
-- Table structure for table `tipo_documentos`
--

DROP TABLE IF EXISTS `tipo_documentos`;
/*!40101 SET @saved_cs_client     = @@character_set_client */;
 SET character_set_client = utf8mb4 ;
CREATE TABLE `tipo_documentos` (
  `id_tipodocumento` int NOT NULL AUTO_INCREMENT,
  `tipodocumento_codigo` varchar(50) COLLATE utf8mb3_spanish_ci NOT NULL,
  `tipodocumento_identidad` varchar(100) COLLATE utf8mb3_spanish_ci NOT NULL,
  `tipodocumento_abreviado` varchar(10) COLLATE utf8mb3_spanish_ci DEFAULT NULL,
  `tipodocumento_estado` tinyint NOT NULL DEFAULT '1',
  PRIMARY KEY (`id_tipodocumento`)
) ENGINE=InnoDB AUTO_INCREMENT=8 DEFAULT CHARSET=utf8mb3 COLLATE=utf8mb3_spanish_ci;
/*!40101 SET character_set_client = @saved_cs_client */;

--
-- Dumping data for table `tipo_documentos`
--

LOCK TABLES `tipo_documentos` WRITE;
/*!40000 ALTER TABLE `tipo_documentos` DISABLE KEYS */;
INSERT INTO `tipo_documentos` VALUES (1,'0','DOC.TRIB.NO.DOM.SIN.RUC','-',1),(2,'1','Documento Nacional de Identidad','DNI',1),(3,'4','Carnet de extranjería','Carnet',0),(4,'6','Registro Unico de Contributentes','RUC',1),(5,'7','Pasaporte','Pasaporte',0),(6,'A','Cédula Diplomática de identidad','Cédula',0),(7,'B','DOC.IDENT.PAIS.RESIDENCIA-NO.D','-',0);
/*!40000 ALTER TABLE `tipo_documentos` ENABLE KEYS */;
UNLOCK TABLES;

--
-- Table structure for table `tipo_ncreditos`
--

DROP TABLE IF EXISTS `tipo_ncreditos`;
/*!40101 SET @saved_cs_client     = @@character_set_client */;
 SET character_set_client = utf8mb4 ;
CREATE TABLE `tipo_ncreditos` (
  `id` int NOT NULL AUTO_INCREMENT,
  `codigo` varchar(50) COLLATE utf8mb3_spanish_ci NOT NULL,
  `tipo_nota_descripcion` varchar(250) COLLATE utf8mb3_spanish_ci NOT NULL,
  `estado` tinyint NOT NULL,
  PRIMARY KEY (`id`)
) ENGINE=InnoDB AUTO_INCREMENT=14 DEFAULT CHARSET=utf8mb3 COLLATE=utf8mb3_spanish_ci;
/*!40101 SET character_set_client = @saved_cs_client */;

--
-- Dumping data for table `tipo_ncreditos`
--

LOCK TABLES `tipo_ncreditos` WRITE;
/*!40000 ALTER TABLE `tipo_ncreditos` DISABLE KEYS */;
INSERT INTO `tipo_ncreditos` VALUES (1,'01','Anulación de la operacion',0),(2,'02','Anulación por error en el RUC',0),(3,'03','Corrección por error en la descripcion',0),(4,'04','Descuento Global',0),(5,'05','Descuento por ítem',0),(6,'06','Devolución total',0),(7,'07','Devolución por ítem',0),(8,'08','Bonificación',0),(9,'09','Disminición en el valor',0),(10,'10','Otros conceptos',0),(11,'11','Ajustes de operaciones de exportacion',0),(12,'12','Ajustes afectos al IVAP',0),(13,'13','Corrección del monto neto pendiente de pago y/o la(s) fechas(s) de vencimiento del pago \r\núnico o de las cuotas y/o los montos correspondientes a cada',1);
/*!40000 ALTER TABLE `tipo_ncreditos` ENABLE KEYS */;
UNLOCK TABLES;

--
-- Table structure for table `tipo_ndebitos`
--

DROP TABLE IF EXISTS `tipo_ndebitos`;
/*!40101 SET @saved_cs_client     = @@character_set_client */;
 SET character_set_client = utf8mb4 ;
CREATE TABLE `tipo_ndebitos` (
  `id` int NOT NULL AUTO_INCREMENT,
  `codigo` varchar(20) COLLATE utf8mb3_spanish_ci DEFAULT NULL,
  `tipo_nota_descripcion` varchar(100) COLLATE utf8mb3_spanish_ci DEFAULT NULL,
  `estado` tinyint NOT NULL DEFAULT '0',
  PRIMARY KEY (`id`)
) ENGINE=InnoDB AUTO_INCREMENT=6 DEFAULT CHARSET=utf8mb3 COLLATE=utf8mb3_spanish_ci;
/*!40101 SET character_set_client = @saved_cs_client */;

--
-- Dumping data for table `tipo_ndebitos`
--

LOCK TABLES `tipo_ndebitos` WRITE;
/*!40000 ALTER TABLE `tipo_ndebitos` DISABLE KEYS */;
INSERT INTO `tipo_ndebitos` VALUES (1,'01','Intereses por mora',0),(2,'02','Aumento en el valor',0),(3,'03','Penalidades / Otros conceptos',0),(4,'10','Ajustes de operaciones de exportación',0),(5,'11','Ajustes afectos al IVAP',0);
/*!40000 ALTER TABLE `tipo_ndebitos` ENABLE KEYS */;
UNLOCK TABLES;

--
-- Table structure for table `tipo_pago`
--

DROP TABLE IF EXISTS `tipo_pago`;
/*!40101 SET @saved_cs_client     = @@character_set_client */;
 SET character_set_client = utf8mb4 ;
CREATE TABLE `tipo_pago` (
  `id_tipo_pago` int NOT NULL AUTO_INCREMENT,
  `tipo_pago_nombre` varchar(100) NOT NULL,
  `tipo_pago_estado` tinyint NOT NULL DEFAULT '1',
  PRIMARY KEY (`id_tipo_pago`)
) ENGINE=InnoDB AUTO_INCREMENT=7 DEFAULT CHARSET=latin1;
/*!40101 SET character_set_client = @saved_cs_client */;

--
-- Dumping data for table `tipo_pago`
--

LOCK TABLES `tipo_pago` WRITE;
/*!40000 ALTER TABLE `tipo_pago` DISABLE KEYS */;
INSERT INTO `tipo_pago` VALUES (1,'TARJETA',1),(2,'TRANSFERENCIA',1),(3,'EFECTIVO',1),(4,'PAGO A PLAZO',0),(5,'CUOTAS',0),(6,'YAPE / PLIN',1);
/*!40000 ALTER TABLE `tipo_pago` ENABLE KEYS */;
UNLOCK TABLES;

--
-- Table structure for table `tipo_persona`
--

DROP TABLE IF EXISTS `tipo_persona`;
/*!40101 SET @saved_cs_client     = @@character_set_client */;
 SET character_set_client = utf8mb4 ;
CREATE TABLE `tipo_persona` (
  `id_tipopersona` int NOT NULL AUTO_INCREMENT,
  `tipopersona_nombre` varchar(100) DEFAULT NULL,
  `tipopersona_estado` tinyint DEFAULT '1',
  PRIMARY KEY (`id_tipopersona`)
) ENGINE=InnoDB AUTO_INCREMENT=3 DEFAULT CHARSET=utf8mb4 COLLATE=utf8mb4_0900_ai_ci;
/*!40101 SET character_set_client = @saved_cs_client */;

--
-- Dumping data for table `tipo_persona`
--

LOCK TABLES `tipo_persona` WRITE;
/*!40000 ALTER TABLE `tipo_persona` DISABLE KEYS */;
INSERT INTO `tipo_persona` VALUES (1,'PERSONA NATURAL',1),(2,'PERSONA JURIDICA',1);
/*!40000 ALTER TABLE `tipo_persona` ENABLE KEYS */;
UNLOCK TABLES;

--
-- Table structure for table `tipobenificios`
--

DROP TABLE IF EXISTS `tipobenificios`;
/*!40101 SET @saved_cs_client     = @@character_set_client */;
 SET character_set_client = utf8mb4 ;
CREATE TABLE `tipobenificios` (
  `id_tipobeneficio` int NOT NULL AUTO_INCREMENT,
  `tipobenificios_nombre` varchar(50) DEFAULT NULL,
  `tipobenificios_estado` tinyint DEFAULT '1',
  `tipobenificios_fecha` datetime DEFAULT NULL,
  PRIMARY KEY (`id_tipobeneficio`)
) ENGINE=InnoDB AUTO_INCREMENT=9 DEFAULT CHARSET=utf8mb4 COLLATE=utf8mb4_0900_ai_ci;
/*!40101 SET character_set_client = @saved_cs_client */;

--
-- Dumping data for table `tipobenificios`
--

LOCK TABLES `tipobenificios` WRITE;
/*!40000 ALTER TABLE `tipobenificios` DISABLE KEYS */;
INSERT INTO `tipobenificios` VALUES (1,'PAUTAS',1,NULL),(2,'HORAS',1,NULL),(3,'ESPACIOS',1,NULL),(4,'CONTACTOS',1,NULL),(5,'CONSULTAS',1,NULL),(6,'CUPOS POR EMPRESA',1,NULL),(7,'CERTIFICACIONES',1,NULL),(8,'CUPOS',1,NULL);
/*!40000 ALTER TABLE `tipobenificios` ENABLE KEYS */;
UNLOCK TABLES;

--
-- Table structure for table `usuarios`
--

DROP TABLE IF EXISTS `usuarios`;
/*!40101 SET @saved_cs_client     = @@character_set_client */;
 SET character_set_client = utf8mb4 ;
CREATE TABLE `usuarios` (
  `id_usuario` int NOT NULL AUTO_INCREMENT,
  `id_persona` int NOT NULL,
  `id_rol` int NOT NULL,
  `usuario_nickname` varchar(16) COLLATE utf8mb3_unicode_ci NOT NULL,
  `usuario_contrasenha` varchar(70) COLLATE utf8mb3_unicode_ci NOT NULL,
  `usuario_email` varchar(60) COLLATE utf8mb3_unicode_ci NOT NULL,
  `usuario_imagen` varchar(40) COLLATE utf8mb3_unicode_ci NOT NULL,
  `usuario_estado` tinyint(1) NOT NULL,
  `usuario_creacion` datetime NOT NULL,
  `usuario_ultimo_login` datetime NOT NULL,
  `usuario_ultima_modificacion` datetime NOT NULL,
  PRIMARY KEY (`id_usuario`),
  KEY `id_persona` (`id_persona`),
  KEY `id_rol` (`id_rol`),
  CONSTRAINT `usuarios_ibfk_1` FOREIGN KEY (`id_persona`) REFERENCES `personas` (`id_persona`),
  CONSTRAINT `usuarios_ibfk_2` FOREIGN KEY (`id_rol`) REFERENCES `roles` (`id_rol`)
) ENGINE=InnoDB AUTO_INCREMENT=4 DEFAULT CHARSET=utf8mb3 COLLATE=utf8mb3_unicode_ci;
/*!40101 SET character_set_client = @saved_cs_client */;

--
-- Dumping data for table `usuarios`
--

LOCK TABLES `usuarios` WRITE;
/*!40000 ALTER TABLE `usuarios` DISABLE KEYS */;
INSERT INTO `usuarios` VALUES (1,1,2,'superadmin','$2y$10$oPOOOgTUr4zIh511ATm/q.vzsAmxP.e2.vzyEbRn/1pzyWz2oXj0a','cesarjose@bufeotec.com','media/usuarios/usuario.jpg',1,'2020-09-17 00:00:00','2025-09-26 13:33:50','2020-09-17 00:00:00'),(2,2,3,'admin','$2y$10$oPOOOgTUr4zIh511ATm/q.vzsAmxP.e2.vzyEbRn/1pzyWz2oXj0a','carlos@gmail.com','media/usuarios/usuario.jpg',1,'2020-10-27 18:29:10','2025-09-04 12:18:06','2020-10-27 18:29:10'),(3,3,4,'guardian1','$2y$10$vx6cfIjH2SGoPK99hH0yNeplVQs1D/7eQf73GCX1.mbfZVjmH8DMe','guardian1@gmail.com','media/usuarios/usuario.jpg',1,'2025-09-24 12:59:35','2025-09-24 13:13:00','2025-09-24 12:59:35');
/*!40000 ALTER TABLE `usuarios` ENABLE KEYS */;
UNLOCK TABLES;

--
-- Table structure for table `ventas`
--

DROP TABLE IF EXISTS `ventas`;
/*!40101 SET @saved_cs_client     = @@character_set_client */;
 SET character_set_client = utf8mb4 ;
CREATE TABLE `ventas` (
  `id_venta` int NOT NULL AUTO_INCREMENT,
  `id_empresa` int NOT NULL DEFAULT '1',
  `id_usuario` int NOT NULL,
  `id_cliente` int NOT NULL,
  `id_tipo_pago` int NOT NULL DEFAULT '3',
  `id_moneda` int NOT NULL DEFAULT '1',
  `venta_condicion_resumen` tinyint NOT NULL DEFAULT '1' COMMENT '1-Registro, 2-Actualizar, 3-baja',
  `venta_tipo_envio` tinyint NOT NULL DEFAULT '0' COMMENT '1-directo, 2-resumen diario',
  `venta_direccion` varchar(200) COLLATE utf8mb3_unicode_ci DEFAULT NULL,
  `venta_tipo` varchar(10) COLLATE utf8mb3_unicode_ci NOT NULL,
  `venta_serie` varchar(10) COLLATE utf8mb3_unicode_ci DEFAULT NULL,
  `venta_correlativo` varchar(60) COLLATE utf8mb3_unicode_ci NOT NULL,
  `venta_descuento_global` decimal(10,2) NOT NULL DEFAULT '0.00',
  `venta_totalgratuita` decimal(10,2) NOT NULL DEFAULT '0.00',
  `venta_totalexonerada` decimal(10,2) NOT NULL DEFAULT '0.00',
  `venta_totalinafecta` decimal(10,2) NOT NULL DEFAULT '0.00',
  `venta_totalgravada` decimal(10,2) NOT NULL DEFAULT '0.00',
  `venta_totaligv` decimal(10,2) NOT NULL DEFAULT '0.00',
  `venta_incluye_igv` tinyint NOT NULL DEFAULT '1',
  `venta_totaldescuento` decimal(10,2) NOT NULL DEFAULT '0.00',
  `venta_icbper` decimal(10,2) NOT NULL DEFAULT '0.00',
  `venta_total` decimal(10,2) NOT NULL DEFAULT '0.00',
  `venta_pago_cliente` decimal(10,2) NOT NULL DEFAULT '0.00',
  `venta_vuelto` decimal(10,2) NOT NULL DEFAULT '0.00',
  `venta_fecha` datetime NOT NULL,
  `venta_observacion` varchar(500) COLLATE utf8mb3_unicode_ci DEFAULT NULL,
  `venta_forma_pago` varchar(50) COLLATE utf8mb3_unicode_ci DEFAULT 'CONTADO',
  `tipo_documento_modificar` varchar(10) COLLATE utf8mb3_unicode_ci DEFAULT NULL,
  `serie_modificar` varchar(20) COLLATE utf8mb3_unicode_ci DEFAULT NULL,
  `correlativo_modificar` varchar(50) COLLATE utf8mb3_unicode_ci DEFAULT NULL,
  `venta_codigo_motivo_nota` varchar(10) COLLATE utf8mb3_unicode_ci DEFAULT NULL,
  `venta_estado_sunat` tinyint NOT NULL DEFAULT '0',
  `venta_fecha_envio` datetime DEFAULT NULL,
  `venta_rutaXML` varchar(200) COLLATE utf8mb3_unicode_ci DEFAULT NULL,
  `venta_rutaCDR` varchar(200) COLLATE utf8mb3_unicode_ci DEFAULT NULL,
  `venta_respuesta_sunat` varchar(2000) COLLATE utf8mb3_unicode_ci DEFAULT NULL,
  `venta_fecha_de_baja` date DEFAULT NULL,
  `anulado_sunat` tinyint NOT NULL DEFAULT '0',
  `venta_cancelar` tinyint(1) NOT NULL DEFAULT '1',
  PRIMARY KEY (`id_venta`),
  KEY `id_usuario` (`id_usuario`),
  KEY `id_moneda` (`id_moneda`),
  KEY `id_cliente` (`id_cliente`),
  KEY `id_tipo_pago` (`id_tipo_pago`),
  KEY `id_empresa` (`id_empresa`)
) ENGINE=InnoDB AUTO_INCREMENT=40 DEFAULT CHARSET=utf8mb3 COLLATE=utf8mb3_unicode_ci;
/*!40101 SET character_set_client = @saved_cs_client */;

--
-- Dumping data for table `ventas`
--

LOCK TABLES `ventas` WRITE;
/*!40000 ALTER TABLE `ventas` DISABLE KEYS */;
INSERT INTO `ventas` VALUES (1,1,1,28,2,1,0,1,NULL,'01','FA01','1',0.00,0.00,100.00,0.00,0.00,0.00,1,0.00,0.00,100.00,0.00,0.00,'2025-09-26 13:56:37',NULL,'CONTADO','4',NULL,NULL,NULL,0,NULL,NULL,NULL,NULL,NULL,1,1),(2,1,1,29,2,1,0,1,NULL,'01','FA01','2',0.00,0.00,100.00,0.00,0.00,0.00,1,0.00,0.00,100.00,0.00,0.00,'2025-09-26 13:56:38',NULL,'CONTADO','4',NULL,NULL,NULL,0,NULL,NULL,NULL,NULL,NULL,1,1),(3,1,1,30,2,1,0,1,NULL,'01','FA01','3',0.00,0.00,100.00,0.00,0.00,0.00,1,0.00,0.00,100.00,0.00,0.00,'2025-09-26 13:56:38',NULL,'CONTADO','4',NULL,NULL,NULL,0,NULL,NULL,NULL,NULL,NULL,1,1),(4,1,1,31,2,1,0,1,NULL,'01','FA01','4',0.00,0.00,100.00,0.00,0.00,0.00,1,0.00,0.00,100.00,0.00,0.00,'2025-09-26 13:56:38',NULL,'CONTADO','4',NULL,NULL,NULL,0,NULL,NULL,NULL,NULL,NULL,1,1),(5,1,1,32,2,1,0,1,NULL,'01','FA01','5',0.00,0.00,100.00,0.00,0.00,0.00,1,0.00,0.00,100.00,0.00,0.00,'2025-09-26 13:56:38',NULL,'CONTADO','4',NULL,NULL,NULL,0,NULL,NULL,NULL,NULL,NULL,1,1),(6,1,1,33,2,1,0,1,NULL,'01','FA01','6',0.00,0.00,100.00,0.00,0.00,0.00,1,0.00,0.00,100.00,0.00,0.00,'2025-09-26 13:56:38',NULL,'CONTADO','4',NULL,NULL,NULL,0,NULL,NULL,NULL,NULL,NULL,1,1),(7,1,1,34,2,1,0,1,NULL,'01','FA01','7',0.00,0.00,100.00,0.00,0.00,0.00,1,0.00,0.00,100.00,0.00,0.00,'2025-09-26 13:56:38',NULL,'CONTADO','4',NULL,NULL,NULL,0,NULL,NULL,NULL,NULL,NULL,1,1),(8,1,1,35,2,1,0,1,NULL,'01','FA01','8',0.00,0.00,100.00,0.00,0.00,0.00,1,0.00,0.00,100.00,0.00,0.00,'2025-09-26 13:56:38',NULL,'CONTADO','4',NULL,NULL,NULL,0,NULL,NULL,NULL,NULL,NULL,1,1),(9,1,1,36,2,1,0,1,NULL,'01','FA01','9',0.00,0.00,100.00,0.00,0.00,0.00,1,0.00,0.00,100.00,0.00,0.00,'2025-09-26 13:56:38',NULL,'CONTADO','4',NULL,NULL,NULL,0,NULL,NULL,NULL,NULL,NULL,1,1),(10,1,1,37,2,1,0,1,NULL,'01','FA01','10',0.00,0.00,100.00,0.00,0.00,0.00,1,0.00,0.00,100.00,0.00,0.00,'2025-09-26 13:56:38',NULL,'CONTADO','4',NULL,NULL,NULL,0,NULL,NULL,NULL,NULL,NULL,1,1),(11,1,1,38,2,1,0,1,NULL,'01','FA01','11',0.00,0.00,100.00,0.00,0.00,0.00,1,0.00,0.00,100.00,0.00,0.00,'2025-09-26 13:56:38',NULL,'CONTADO','4',NULL,NULL,NULL,0,NULL,NULL,NULL,NULL,NULL,1,1),(12,1,1,39,2,1,0,1,NULL,'01','FA01','12',0.00,0.00,100.00,0.00,0.00,0.00,1,0.00,0.00,100.00,0.00,0.00,'2025-09-26 13:56:38',NULL,'CONTADO','4',NULL,NULL,NULL,0,NULL,NULL,NULL,NULL,NULL,1,1),(13,1,1,40,2,1,0,1,NULL,'01','FA01','13',0.00,0.00,100.00,0.00,0.00,0.00,1,0.00,0.00,100.00,0.00,0.00,'2025-09-26 13:56:38',NULL,'CONTADO','4',NULL,NULL,NULL,0,NULL,NULL,NULL,NULL,NULL,1,1),(14,1,1,41,2,1,0,1,NULL,'01','FA01','14',0.00,0.00,100.00,0.00,0.00,0.00,1,0.00,0.00,100.00,0.00,0.00,'2025-09-26 13:56:39',NULL,'CONTADO','4',NULL,NULL,NULL,0,NULL,NULL,NULL,NULL,NULL,1,1),(15,1,1,42,2,1,0,1,NULL,'01','FA01','15',0.00,0.00,100.00,0.00,0.00,0.00,1,0.00,0.00,100.00,0.00,0.00,'2025-09-26 13:56:39',NULL,'CONTADO','4',NULL,NULL,NULL,0,NULL,NULL,NULL,NULL,NULL,1,1),(16,1,1,43,2,1,0,1,NULL,'01','FA01','16',0.00,0.00,100.00,0.00,0.00,0.00,1,0.00,0.00,100.00,0.00,0.00,'2025-09-26 13:56:39',NULL,'CONTADO','4',NULL,NULL,NULL,0,NULL,NULL,NULL,NULL,NULL,1,1),(17,1,1,44,2,1,0,1,NULL,'01','FA01','17',0.00,0.00,100.00,0.00,0.00,0.00,1,0.00,0.00,100.00,0.00,0.00,'2025-09-26 13:56:39',NULL,'CONTADO','4',NULL,NULL,NULL,0,NULL,NULL,NULL,NULL,NULL,1,1),(18,1,1,45,2,1,0,1,NULL,'01','FA01','18',0.00,0.00,100.00,0.00,0.00,0.00,1,0.00,0.00,100.00,0.00,0.00,'2025-09-26 13:56:39',NULL,'CONTADO','4',NULL,NULL,NULL,0,NULL,NULL,NULL,NULL,NULL,1,1),(19,1,1,46,2,1,0,1,NULL,'01','FA01','19',0.00,0.00,100.00,0.00,0.00,0.00,1,0.00,0.00,100.00,0.00,0.00,'2025-09-26 13:56:39',NULL,'CONTADO','4',NULL,NULL,NULL,0,NULL,NULL,NULL,NULL,NULL,1,1),(20,1,1,47,2,1,0,1,NULL,'01','FA01','20',0.00,0.00,100.00,0.00,0.00,0.00,1,0.00,0.00,100.00,0.00,0.00,'2025-09-26 13:56:39',NULL,'CONTADO','4',NULL,NULL,NULL,0,NULL,NULL,NULL,NULL,NULL,1,1),(21,1,1,48,2,1,0,1,NULL,'01','FA01','21',0.00,0.00,100.00,0.00,0.00,0.00,1,0.00,0.00,100.00,0.00,0.00,'2025-09-26 13:56:39',NULL,'CONTADO','4',NULL,NULL,NULL,0,NULL,NULL,NULL,NULL,NULL,1,1),(22,1,1,49,2,1,0,1,NULL,'01','FA01','22',0.00,0.00,100.00,0.00,0.00,0.00,1,0.00,0.00,100.00,0.00,0.00,'2025-09-26 13:56:39',NULL,'CONTADO','4',NULL,NULL,NULL,0,NULL,NULL,NULL,NULL,NULL,1,1),(23,1,1,50,2,1,0,1,NULL,'01','FA01','23',0.00,0.00,100.00,0.00,0.00,0.00,1,0.00,0.00,100.00,0.00,0.00,'2025-09-26 13:56:39',NULL,'CONTADO','4',NULL,NULL,NULL,0,NULL,NULL,NULL,NULL,NULL,1,1),(24,1,1,51,2,1,0,1,NULL,'01','FA01','24',0.00,0.00,100.00,0.00,0.00,0.00,1,0.00,0.00,100.00,0.00,0.00,'2025-09-26 13:56:39',NULL,'CONTADO','4',NULL,NULL,NULL,0,NULL,NULL,NULL,NULL,NULL,1,1),(25,1,1,52,2,1,0,1,NULL,'01','FA01','25',0.00,0.00,100.00,0.00,0.00,0.00,1,0.00,0.00,100.00,0.00,0.00,'2025-09-26 13:56:39',NULL,'CONTADO','4',NULL,NULL,NULL,0,NULL,NULL,NULL,NULL,NULL,1,1),(26,1,1,53,2,1,0,1,NULL,'01','FA01','26',0.00,0.00,100.00,0.00,0.00,0.00,1,0.00,0.00,100.00,0.00,0.00,'2025-09-26 13:56:39',NULL,'CONTADO','4',NULL,NULL,NULL,0,NULL,NULL,NULL,NULL,NULL,1,1),(27,1,1,54,2,1,0,1,NULL,'01','FA01','27',0.00,0.00,100.00,0.00,0.00,0.00,1,0.00,0.00,100.00,0.00,0.00,'2025-09-26 13:56:39',NULL,'CONTADO','4',NULL,NULL,NULL,0,NULL,NULL,NULL,NULL,NULL,1,1),(28,1,1,55,2,1,0,1,NULL,'01','FA01','28',0.00,0.00,100.00,0.00,0.00,0.00,1,0.00,0.00,100.00,0.00,0.00,'2025-09-26 13:56:39',NULL,'CONTADO','4',NULL,NULL,NULL,0,NULL,NULL,NULL,NULL,NULL,1,1),(29,1,1,56,2,1,0,1,NULL,'01','FA01','29',0.00,0.00,100.00,0.00,0.00,0.00,1,0.00,0.00,100.00,0.00,0.00,'2025-09-26 13:56:39',NULL,'CONTADO','4',NULL,NULL,NULL,0,NULL,NULL,NULL,NULL,NULL,1,1),(30,1,1,57,2,1,0,1,NULL,'01','FA01','30',0.00,0.00,100.00,0.00,0.00,0.00,1,0.00,0.00,100.00,0.00,0.00,'2025-09-26 13:56:39',NULL,'CONTADO','4',NULL,NULL,NULL,0,NULL,NULL,NULL,NULL,NULL,1,1),(31,1,1,58,2,1,0,1,NULL,'01','FA01','31',0.00,0.00,100.00,0.00,0.00,0.00,1,0.00,0.00,100.00,0.00,0.00,'2025-09-26 13:56:39',NULL,'CONTADO','4',NULL,NULL,NULL,0,NULL,NULL,NULL,NULL,NULL,1,1),(32,1,1,59,2,1,0,1,NULL,'01','FA01','32',0.00,0.00,100.00,0.00,0.00,0.00,1,0.00,0.00,100.00,0.00,0.00,'2025-09-26 13:56:39',NULL,'CONTADO','4',NULL,NULL,NULL,0,NULL,NULL,NULL,NULL,NULL,1,1),(33,1,1,60,2,1,0,1,NULL,'01','FA01','33',0.00,0.00,100.00,0.00,0.00,0.00,1,0.00,0.00,100.00,0.00,0.00,'2025-09-26 13:56:39',NULL,'CONTADO','4',NULL,NULL,NULL,0,NULL,NULL,NULL,NULL,NULL,1,1),(34,1,1,61,2,1,0,1,NULL,'01','FA01','34',0.00,0.00,100.00,0.00,0.00,0.00,1,0.00,0.00,100.00,0.00,0.00,'2025-09-26 13:56:39',NULL,'CONTADO','4',NULL,NULL,NULL,0,NULL,NULL,NULL,NULL,NULL,1,1),(35,1,1,62,2,1,0,1,NULL,'01','FA01','35',0.00,0.00,100.00,0.00,0.00,0.00,1,0.00,0.00,100.00,0.00,0.00,'2025-09-26 13:56:39',NULL,'CONTADO','4',NULL,NULL,NULL,0,NULL,NULL,NULL,NULL,NULL,1,1),(36,1,1,63,2,1,0,1,NULL,'01','FA01','36',0.00,0.00,100.00,0.00,0.00,0.00,1,0.00,0.00,100.00,0.00,0.00,'2025-09-26 13:56:39',NULL,'CONTADO','4',NULL,NULL,NULL,0,NULL,NULL,NULL,NULL,NULL,1,1),(37,1,1,64,2,1,0,1,NULL,'01','FA01','37',0.00,0.00,100.00,0.00,0.00,0.00,1,0.00,0.00,100.00,0.00,0.00,'2025-09-26 13:56:39',NULL,'CONTADO','4',NULL,NULL,NULL,0,NULL,NULL,NULL,NULL,NULL,1,1),(38,1,1,65,2,1,0,1,NULL,'01','FA01','38',0.00,0.00,100.00,0.00,0.00,0.00,1,0.00,0.00,100.00,0.00,0.00,'2025-09-26 13:56:39',NULL,'CONTADO','4',NULL,NULL,NULL,0,NULL,NULL,NULL,NULL,NULL,1,1),(39,1,1,66,2,1,0,1,NULL,'01','FA01','39',0.00,0.00,100.00,0.00,0.00,0.00,1,0.00,0.00,100.00,0.00,0.00,'2025-09-26 13:56:39',NULL,'CONTADO','4',NULL,NULL,NULL,0,NULL,NULL,NULL,NULL,NULL,1,1);
/*!40000 ALTER TABLE `ventas` ENABLE KEYS */;
UNLOCK TABLES;

--
-- Table structure for table `ventas_anulados`
--

DROP TABLE IF EXISTS `ventas_anulados`;
/*!40101 SET @saved_cs_client     = @@character_set_client */;
 SET character_set_client = utf8mb4 ;
CREATE TABLE `ventas_anulados` (
  `id_venta_anulado` int NOT NULL AUTO_INCREMENT,
  `venta_anulado_fecha` date NOT NULL,
  `venta_anulado_serie` varchar(20) NOT NULL,
  `venta_anulado_correlativo` int NOT NULL,
  `venta_anulacion_ticket` varchar(100) NOT NULL,
  `venta_anulado_rutaXML` varchar(1000) NOT NULL,
  `venta_anulado_rutaCDR` varchar(1000) DEFAULT NULL,
  `venta_anulado_estado_sunat` varchar(1000) DEFAULT NULL,
  `id_venta` int NOT NULL,
  `id_user` int NOT NULL,
  `venta_anulado_datetime` datetime NOT NULL DEFAULT CURRENT_TIMESTAMP,
  `venta_anulado_estado` tinyint NOT NULL DEFAULT '0',
  PRIMARY KEY (`id_venta_anulado`),
  KEY `id_venta` (`id_venta`),
  KEY `id_user` (`id_user`)
) ENGINE=InnoDB DEFAULT CHARSET=latin1;
/*!40101 SET character_set_client = @saved_cs_client */;

--
-- Dumping data for table `ventas_anulados`
--

LOCK TABLES `ventas_anulados` WRITE;
/*!40000 ALTER TABLE `ventas_anulados` DISABLE KEYS */;
/*!40000 ALTER TABLE `ventas_anulados` ENABLE KEYS */;
UNLOCK TABLES;

--
-- Table structure for table `ventas_cuotas`
--

DROP TABLE IF EXISTS `ventas_cuotas`;
/*!40101 SET @saved_cs_client     = @@character_set_client */;
 SET character_set_client = utf8mb4 ;
CREATE TABLE `ventas_cuotas` (
  `id_ventas_cuotas` int NOT NULL AUTO_INCREMENT,
  `id_ventas` int NOT NULL,
  `id_tipo_pago` int NOT NULL,
  `venta_cuota_numero` varchar(30) NOT NULL,
  `venta_cuota_importe` decimal(10,2) NOT NULL,
  `venta_cuota_fecha` date NOT NULL,
  `venta_cuota_estado` tinyint NOT NULL DEFAULT '1',
  `venta_cuota_datetime` datetime NOT NULL,
  PRIMARY KEY (`id_ventas_cuotas`),
  KEY `id_ventas` (`id_ventas`),
  KEY `id_tipo_pago` (`id_tipo_pago`)
) ENGINE=InnoDB DEFAULT CHARSET=latin1;
/*!40101 SET character_set_client = @saved_cs_client */;

--
-- Dumping data for table `ventas_cuotas`
--

LOCK TABLES `ventas_cuotas` WRITE;
/*!40000 ALTER TABLE `ventas_cuotas` DISABLE KEYS */;
/*!40000 ALTER TABLE `ventas_cuotas` ENABLE KEYS */;
UNLOCK TABLES;

--
-- Table structure for table `ventas_detalle`
--

DROP TABLE IF EXISTS `ventas_detalle`;
/*!40101 SET @saved_cs_client     = @@character_set_client */;
 SET character_set_client = utf8mb4 ;
CREATE TABLE `ventas_detalle` (
  `id_venta_detalle` int NOT NULL AUTO_INCREMENT,
  `id_venta` int NOT NULL,
  `id_servicio` int DEFAULT NULL,
  `venta_detalle_descripcion` varchar(500) COLLATE utf8mb3_unicode_ci DEFAULT NULL,
  `venta_detalle_cantidad` int DEFAULT '1',
  `venta_detalle_total_igv` decimal(10,2) NOT NULL,
  `venta_detalle_porcentaje_igv` decimal(10,2) NOT NULL DEFAULT '0.18',
  `venta_detalle_precio_unitario` decimal(10,2) DEFAULT '0.00',
  `venta_detalle_valor_total` decimal(10,2) NOT NULL DEFAULT '0.00',
  PRIMARY KEY (`id_venta_detalle`),
  KEY `id_venta` (`id_venta`),
  KEY `fk_ventadetalle_servicio` (`id_servicio`),
  CONSTRAINT `fk_ventadetalle_servicio` FOREIGN KEY (`id_servicio`) REFERENCES `servicios` (`id_servicio`),
  CONSTRAINT `id_venta` FOREIGN KEY (`id_venta`) REFERENCES `ventas` (`id_venta`)
) ENGINE=InnoDB AUTO_INCREMENT=40 DEFAULT CHARSET=utf8mb3 COLLATE=utf8mb3_unicode_ci;
/*!40101 SET character_set_client = @saved_cs_client */;

--
-- Dumping data for table `ventas_detalle`
--

LOCK TABLES `ventas_detalle` WRITE;
/*!40000 ALTER TABLE `ventas_detalle` DISABLE KEYS */;
INSERT INTO `ventas_detalle` VALUES (1,1,1,'CUOTA ORDINARIA MES DE MAYO 2025 - CATEGORIA C',NULL,0.00,0.00,NULL,100.00),(2,2,1,'CUOTA ORDINARIA MES DE MAYO 2025 - CATEGORIA C',NULL,0.00,0.00,NULL,100.00),(3,3,1,'CUOTA ORDINARIA MES DE MAYO 2025 - CATEGORIA C',NULL,0.00,0.00,NULL,100.00),(4,4,1,'CUOTA ORDINARIA MES DE MAYO 2025 - CATEGORIA C',NULL,0.00,0.00,NULL,100.00),(5,5,1,'CUOTA ORDINARIA MES DE MAYO 2025 - CATEGORIA C',NULL,0.00,0.00,NULL,100.00),(6,6,1,'CUOTA ORDINARIA MES DE MAYO 2025 - CATEGORIA C',NULL,0.00,0.00,NULL,100.00),(7,7,1,'CUOTA ORDINARIA MES DE MAYO 2025 - CATEGORIA C',NULL,0.00,0.00,NULL,100.00),(8,8,1,'CUOTA ORDINARIA MES DE MAYO 2025 - CATEGORIA C',NULL,0.00,0.00,NULL,100.00),(9,9,1,'CUOTA ORDINARIA MES DE MAYO 2025 - CATEGORIA C',NULL,0.00,0.00,NULL,100.00),(10,10,1,'CUOTA ORDINARIA MES DE MAYO 2025 - CATEGORIA C',NULL,0.00,0.00,NULL,100.00),(11,11,1,'CUOTA ORDINARIA MES DE MAYO 2025 - CATEGORIA C',NULL,0.00,0.00,NULL,100.00),(12,12,1,'CUOTA ORDINARIA MES DE MAYO 2025 - CATEGORIA C',NULL,0.00,0.00,NULL,100.00),(13,13,1,'CUOTA ORDINARIA MES DE MAYO 2025 - CATEGORIA C',NULL,0.00,0.00,NULL,100.00),(14,14,1,'CUOTA ORDINARIA MES DE MAYO 2025 - CATEGORIA C',NULL,0.00,0.00,NULL,100.00),(15,15,1,'CUOTA ORDINARIA MES DE MAYO 2025 - CATEGORIA C',NULL,0.00,0.00,NULL,100.00),(16,16,1,'CUOTA ORDINARIA MES DE MAYO 2025 - CATEGORIA C',NULL,0.00,0.00,NULL,100.00),(17,17,1,'CUOTA ORDINARIA MES DE MAYO 2025 - CATEGORIA C',NULL,0.00,0.00,NULL,100.00),(18,18,1,'CUOTA ORDINARIA MES DE MAYO 2025 - CATEGORIA C',NULL,0.00,0.00,NULL,100.00),(19,19,1,'CUOTA ORDINARIA MES DE MAYO 2025 - CATEGORIA C',NULL,0.00,0.00,NULL,100.00),(20,20,1,'CUOTA ORDINARIA MES DE MAYO 2025 - CATEGORIA C',NULL,0.00,0.00,NULL,100.00),(21,21,1,'CUOTA ORDINARIA MES DE MAYO 2025 - CATEGORIA C',NULL,0.00,0.00,NULL,100.00),(22,22,1,'CUOTA ORDINARIA MES DE MAYO 2025 - CATEGORIA C',NULL,0.00,0.00,NULL,100.00),(23,23,1,'CUOTA ORDINARIA MES DE MAYO 2025 - CATEGORIA C',NULL,0.00,0.00,NULL,100.00),(24,24,1,'CUOTA ORDINARIA MES DE MAYO 2025 - CATEGORIA C',NULL,0.00,0.00,NULL,100.00),(25,25,1,'CUOTA ORDINARIA MES DE MAYO 2025 - CATEGORIA C',NULL,0.00,0.00,NULL,100.00),(26,26,1,'CUOTA ORDINARIA MES DE MAYO 2025 - CATEGORIA C',NULL,0.00,0.00,NULL,100.00),(27,27,1,'CUOTA ORDINARIA MES DE MAYO 2025 - CATEGORIA C',NULL,0.00,0.00,NULL,100.00),(28,28,1,'CUOTA ORDINARIA MES DE MAYO 2025 - CATEGORIA C',NULL,0.00,0.00,NULL,100.00),(29,29,1,'CUOTA ORDINARIA MES DE MAYO 2025 - CATEGORIA C',NULL,0.00,0.00,NULL,100.00),(30,30,1,'CUOTA ORDINARIA MES DE MAYO 2025 - CATEGORIA C',NULL,0.00,0.00,NULL,100.00),(31,31,1,'CUOTA ORDINARIA MES DE MAYO 2025 - CATEGORIA C',NULL,0.00,0.00,NULL,100.00),(32,32,1,'CUOTA ORDINARIA MES DE MAYO 2025 - CATEGORIA C',NULL,0.00,0.00,NULL,100.00),(33,33,1,'CUOTA ORDINARIA MES DE MAYO 2025 - CATEGORIA C',NULL,0.00,0.00,NULL,100.00),(34,34,1,'CUOTA ORDINARIA MES DE MAYO 2025 - CATEGORIA C',NULL,0.00,0.00,NULL,100.00),(35,35,1,'CUOTA ORDINARIA MES DE MAYO 2025 - CATEGORIA C',NULL,0.00,0.00,NULL,100.00),(36,36,1,'CUOTA ORDINARIA MES DE MAYO 2025 - CATEGORIA C',NULL,0.00,0.00,NULL,100.00),(37,37,1,'CUOTA ORDINARIA MES DE MAYO 2025 - CATEGORIA C',NULL,0.00,0.00,NULL,100.00),(38,38,1,'CUOTA ORDINARIA MES DE MAYO 2025 - CATEGORIA C',NULL,0.00,0.00,NULL,100.00),(39,39,1,'CUOTA ORDINARIA MES DE MAYO 2025 - CATEGORIA C',NULL,0.00,0.00,NULL,100.00);
/*!40000 ALTER TABLE `ventas_detalle` ENABLE KEYS */;
UNLOCK TABLES;
/*!40103 SET TIME_ZONE=@OLD_TIME_ZONE */;

/*!40101 SET SQL_MODE=@OLD_SQL_MODE */;
/*!40014 SET FOREIGN_KEY_CHECKS=@OLD_FOREIGN_KEY_CHECKS */;
/*!40014 SET UNIQUE_CHECKS=@OLD_UNIQUE_CHECKS */;
/*!40101 SET CHARACTER_SET_CLIENT=@OLD_CHARACTER_SET_CLIENT */;
/*!40101 SET CHARACTER_SET_RESULTS=@OLD_CHARACTER_SET_RESULTS */;
/*!40101 SET COLLATION_CONNECTION=@OLD_COLLATION_CONNECTION */;
/*!40111 SET SQL_NOTES=@OLD_SQL_NOTES */;

-- Dump completed on 2025-09-26 16:05:36
