-- phpMyAdmin SQL Dump
-- version 5.2.2
-- https://www.phpmyadmin.net/
--
-- Servidor: 127.0.0.1:3306
-- Tiempo de generación: 26-09-2025 a las 21:31:51
-- Versión del servidor: 11.8.3-MariaDB-log
-- Versión de PHP: 7.2.34

SET SQL_MODE = "NO_AUTO_VALUE_ON_ZERO";
START TRANSACTION;
SET time_zone = "+00:00";


/*!40101 SET @OLD_CHARACTER_SET_CLIENT=@@CHARACTER_SET_CLIENT */;
/*!40101 SET @OLD_CHARACTER_SET_RESULTS=@@CHARACTER_SET_RESULTS */;
/*!40101 SET @OLD_COLLATION_CONNECTION=@@COLLATION_CONNECTION */;
/*!40101 SET NAMES utf8mb4 */;

--
-- Base de datos: `u974511454_cobranza`
--

-- --------------------------------------------------------

--
-- Estructura de tabla para la tabla `actividades`
--

CREATE TABLE `actividades` (
  `id_actividad` int(11) NOT NULL,
  `actividad_nombre` varchar(500) DEFAULT NULL,
  `actividad_creacion` datetime DEFAULT NULL
) ENGINE=InnoDB DEFAULT CHARSET=utf8mb4 COLLATE=utf8mb4_unicode_ci;

--
-- Volcado de datos para la tabla `actividades`
--

INSERT INTO `actividades` (`id_actividad`, `actividad_nombre`, `actividad_creacion`) VALUES
(1, 'Fabrica', '2025-08-19 00:00:00'),
(2, 'Importa', '2025-08-19 00:00:00'),
(3, 'Exporta', '2025-08-19 00:00:00'),
(4, 'Comercio', '2025-08-19 00:00:00'),
(5, 'Servicio', '2025-08-19 00:00:00');

-- --------------------------------------------------------

--
-- Estructura de tabla para la tabla `atencion`
--

CREATE TABLE `atencion` (
  `id_atencion` int(11) NOT NULL,
  `atencion_dni` varchar(20) DEFAULT NULL,
  `atencion_nombre` varchar(500) DEFAULT NULL,
  `atencion_area` varchar(50) DEFAULT NULL,
  `atencion_motivo` varchar(500) DEFAULT NULL,
  `atencion_observacion` varchar(500) DEFAULT NULL,
  `atencion_estado` tinyint(4) DEFAULT 1,
  `atencion_fecha` datetime DEFAULT NULL
) ENGINE=InnoDB DEFAULT CHARSET=utf8mb4 COLLATE=utf8mb4_unicode_ci;

--
-- Volcado de datos para la tabla `atencion`
--

INSERT INTO `atencion` (`id_atencion`, `atencion_dni`, `atencion_nombre`, `atencion_area`, `atencion_motivo`, `atencion_observacion`, `atencion_estado`, `atencion_fecha`) VALUES
(1, '77777777', 'CABANA OCHOA ANGEL CAVI', 'Secretaria', 'SERVICIO DE DESARROLLO Y PROGRAMACIÓN WEB MOVIL DE UN SOFTWARE CORPORATIVO A MEDIDA PARA EL MES DE ENERO 2025', '', 1, '2025-09-26 16:28:04');

-- --------------------------------------------------------

--
-- Estructura de tabla para la tabla `beneficios`
--

CREATE TABLE `beneficios` (
  `id_beneficio` int(11) NOT NULL,
  `beneficio_nombre` varchar(50) DEFAULT NULL,
  `beneficio_descripcion` varchar(50) DEFAULT NULL,
  `beneficio_idtipobenificios` int(11) DEFAULT NULL,
  `beneficio_estado` tinyint(4) DEFAULT 1,
  `beneficio_fecha` datetime DEFAULT NULL
) ENGINE=InnoDB DEFAULT CHARSET=utf8mb4 COLLATE=utf8mb4_unicode_ci;

--
-- Volcado de datos para la tabla `beneficios`
--

INSERT INTO `beneficios` (`id_beneficio`, `beneficio_nombre`, `beneficio_descripcion`, `beneficio_idtipobenificios`, `beneficio_estado`, `beneficio_fecha`) VALUES
(1, 'PROMOCIÓN Y DIFUCIÓN', NULL, 1, 1, NULL),
(2, 'AUDITORIO EQUIPADO', NULL, 2, 1, NULL),
(3, 'TIENDA ONLINE', NULL, 3, 1, NULL),
(4, 'GRUPO EMPRESARIAL', NULL, 4, 1, NULL),
(5, 'ASESORÍA CORPORATIVA', NULL, 5, 1, NULL),
(6, 'RESOLUCIÍN DE CONFLICTOS', NULL, 5, 1, NULL),
(7, 'ALIANZAS Y CONVENIOS', NULL, 6, 1, NULL),
(8, 'TRÁMITES Y CERTIFICACIONES', NULL, 7, 1, NULL),
(9, 'CAPACITACIONES Y CONFERENCIAS', NULL, 8, 1, NULL);

-- --------------------------------------------------------

--
-- Estructura de tabla para la tabla `categorias`
--

CREATE TABLE `categorias` (
  `id_categoria` int(11) NOT NULL,
  `categoria_nombre` varchar(100) NOT NULL,
  `categoria_cuota` decimal(10,2) NOT NULL,
  `categoria_inscripcion` decimal(10,2) NOT NULL,
  `categoria_cuota_anual` decimal(10,2) NOT NULL,
  `categoria_horas_auditorio` tinyint(4) NOT NULL,
  `categoria_estado` tinyint(1) NOT NULL,
  `categoria_concepto_facturacion` varchar(250) DEFAULT NULL,
  `categoria_usuario` int(11) NOT NULL,
  `categoria_datetime` datetime NOT NULL
) ENGINE=InnoDB DEFAULT CHARSET=latin1 COLLATE=latin1_swedish_ci;

--
-- Volcado de datos para la tabla `categorias`
--

INSERT INTO `categorias` (`id_categoria`, `categoria_nombre`, `categoria_cuota`, `categoria_inscripcion`, `categoria_cuota_anual`, `categoria_horas_auditorio`, `categoria_estado`, `categoria_concepto_facturacion`, `categoria_usuario`, `categoria_datetime`) VALUES
(1, 'A', 500.00, 50.00, 6000.00, 72, 1, NULL, 1, '2025-08-05 16:28:04'),
(2, 'B', 200.00, 50.00, 2400.00, 36, 1, NULL, 1, '2025-08-05 16:30:17'),
(3, 'C', 100.00, 50.00, 1200.00, 18, 1, NULL, 1, '2025-08-05 16:30:36'),
(4, 'D', 50.00, 50.00, 600.00, 9, 1, NULL, 1, '2025-08-05 16:30:59'),
(5, 'E', 30.00, 50.00, 360.00, 9, 1, NULL, 1, '2025-09-03 17:52:09');

-- --------------------------------------------------------

--
-- Estructura de tabla para la tabla `categoria_beneficio`
--

CREATE TABLE `categoria_beneficio` (
  `id_categoriabeneficio` int(11) NOT NULL,
  `categoriabeneficio_nombre` varchar(500) DEFAULT NULL,
  `categoriabeneficio_idcategoria` int(11) DEFAULT NULL,
  `categoriabeneficio_idbeneficio` int(11) DEFAULT NULL,
  `categoriabeneficio_cant` int(11) DEFAULT NULL,
  `categoriabeneficio_estado` tinyint(4) DEFAULT 1,
  `categoriabeneficio_fecha` datetime DEFAULT NULL
) ENGINE=InnoDB DEFAULT CHARSET=utf8mb4 COLLATE=utf8mb4_unicode_ci;

--
-- Volcado de datos para la tabla `categoria_beneficio`
--

INSERT INTO `categoria_beneficio` (`id_categoriabeneficio`, `categoriabeneficio_nombre`, `categoriabeneficio_idcategoria`, `categoriabeneficio_idbeneficio`, `categoriabeneficio_cant`, `categoriabeneficio_estado`, `categoriabeneficio_fecha`) VALUES
(1, NULL, 1, 1, 12, 1, NULL),
(2, NULL, 2, 1, 6, 1, NULL),
(3, NULL, 3, 1, 4, 1, NULL),
(4, NULL, 4, 1, 2, 1, NULL),
(5, NULL, 1, 2, 72, 1, NULL),
(6, NULL, 2, 2, 36, 1, NULL),
(7, NULL, 3, 2, 18, 1, NULL),
(8, NULL, 4, 2, 9, 1, NULL),
(9, NULL, 1, 3, 12, 1, NULL),
(10, NULL, 2, 3, 6, 1, NULL),
(11, NULL, 3, 3, 4, 1, NULL),
(12, NULL, 4, 3, 2, 1, NULL),
(13, NULL, 1, 4, 50, 1, NULL),
(14, NULL, 2, 4, 20, 1, NULL),
(15, NULL, 3, 4, 10, 1, NULL),
(16, NULL, 4, 4, 6, 1, NULL),
(17, NULL, 1, 5, 12, 1, NULL),
(18, NULL, 2, 5, 6, 1, NULL),
(19, NULL, 3, 5, 4, 1, NULL),
(20, NULL, 4, 5, 2, 1, NULL),
(21, NULL, 1, 6, 6, 1, NULL),
(22, NULL, 2, 6, 4, 1, NULL),
(23, NULL, 3, 6, 2, 1, NULL),
(24, NULL, 4, 6, 1, 1, NULL),
(25, NULL, 1, 7, 50, 1, NULL),
(26, NULL, 2, 7, 20, 1, NULL),
(27, NULL, 3, 7, 10, 1, NULL),
(28, NULL, 4, 7, 5, 1, NULL),
(29, NULL, 1, 8, 2, 1, NULL),
(30, NULL, 2, 8, 1, 1, NULL),
(31, NULL, 3, 8, 1, 1, NULL),
(32, NULL, 4, 8, 1, 1, NULL),
(33, NULL, 1, 9, 36, 1, NULL),
(34, NULL, 2, 9, 24, 1, NULL),
(35, NULL, 3, 9, 12, 1, NULL),
(36, NULL, 4, 9, 6, 1, NULL),
(37, NULL, 1, 2, 72, 1, NULL),
(38, NULL, 2, 2, 36, 1, NULL),
(39, NULL, 3, 2, 18, 1, NULL),
(40, NULL, 4, 2, 9, 1, NULL),
(41, NULL, 1, 3, 12, 1, NULL),
(42, NULL, 2, 3, 6, 1, NULL),
(43, NULL, 3, 3, 4, 1, NULL),
(44, NULL, 4, 3, 2, 1, NULL),
(45, NULL, 1, 4, 50, 1, NULL),
(46, NULL, 2, 4, 20, 1, NULL),
(47, NULL, 3, 4, 10, 1, NULL),
(48, NULL, 4, 4, 6, 1, NULL),
(49, NULL, 1, 5, 12, 1, NULL),
(50, NULL, 2, 5, 6, 1, NULL),
(51, NULL, 3, 5, 4, 1, NULL),
(52, NULL, 4, 5, 2, 1, NULL),
(53, NULL, 1, 6, 6, 1, NULL),
(54, NULL, 2, 6, 4, 1, NULL),
(55, NULL, 3, 6, 2, 1, NULL),
(56, NULL, 4, 6, 1, 1, NULL),
(57, NULL, 1, 7, 50, 1, NULL),
(58, NULL, 2, 7, 20, 1, NULL),
(59, NULL, 3, 7, 10, 1, NULL),
(60, NULL, 4, 7, 5, 1, NULL),
(61, NULL, 1, 8, 2, 1, NULL),
(62, NULL, 2, 8, 1, 1, NULL),
(63, NULL, 3, 8, 1, 1, NULL),
(64, NULL, 4, 8, 1, 1, NULL),
(65, NULL, 1, 9, 36, 1, NULL),
(66, NULL, 2, 9, 24, 1, NULL),
(67, NULL, 3, 9, 12, 1, NULL),
(68, NULL, 4, 9, 6, 1, NULL);

-- --------------------------------------------------------

--
-- Estructura de tabla para la tabla `clientes`
--

CREATE TABLE `clientes` (
  `id_cliente` int(11) NOT NULL,
  `cliente_tipopersona` int(11) NOT NULL,
  `id_tipodocumento` int(11) NOT NULL,
  `cliente_numero` varchar(15) NOT NULL,
  `cliente_razonsocial` varchar(300) DEFAULT NULL,
  `cliente_nombre` varchar(200) DEFAULT NULL,
  `cliente_correo` varchar(200) DEFAULT NULL,
  `cliente_celular1` varchar(10) DEFAULT NULL,
  `cliente_celular2` varchar(10) DEFAULT NULL,
  `cliente_telefono1` varchar(50) DEFAULT NULL,
  `cliente_telefono2` varchar(10) DEFAULT NULL,
  `cliente_direccion` varchar(200) DEFAULT NULL,
  `cliente_fecha` datetime NOT NULL DEFAULT current_timestamp(),
  `cliente_estado` tinyint(4) NOT NULL DEFAULT 1
) ENGINE=InnoDB DEFAULT CHARSET=utf8mb3 COLLATE=utf8mb3_spanish_ci;

--
-- Volcado de datos para la tabla `clientes`
--

INSERT INTO `clientes` (`id_cliente`, `cliente_tipopersona`, `id_tipodocumento`, `cliente_numero`, `cliente_razonsocial`, `cliente_nombre`, `cliente_correo`, `cliente_celular1`, `cliente_celular2`, `cliente_telefono1`, `cliente_telefono2`, `cliente_direccion`, `cliente_fecha`, `cliente_estado`) VALUES
(1, 2, 4, '20103913340', 'ORVISA S.A', '', NULL, NULL, NULL, NULL, NULL, 'AV. AUGUSTO FREYRE NRO. 1555 (CRUCE CON CALLE TRUJILLO)', '2025-09-03 10:09:33', 1),
(2, 2, 4, '20493508645', 'HONDA SELVA DEL PERÚ S.A', '', NULL, NULL, NULL, NULL, NULL, 'CAR. IQUITOS NAUTA KL. 5.5 ---- CARRETERA IQUITOS NAUTA', '2025-09-03 10:09:33', 1),
(3, 2, 4, '20103845328', 'CAJA MUNICIPAL DE AHORRO Y CRÉDITO DE MAYNAS S.A', '', NULL, NULL, NULL, NULL, NULL, 'JR. PROSPERO NRO. 791', '2025-09-03 10:09:33', 1),
(4, 2, 4, '20103795631', 'ELECTRO ORIENTE S.A', '', NULL, NULL, NULL, NULL, NULL, 'AV. GENERAL EP AUGUSTO FREYRE NRO. 1168', '2025-09-03 10:09:33', 1),
(5, 2, 4, '20393864967', 'SAGA FALABELLA ORIENTE S.A.', '', NULL, NULL, NULL, NULL, NULL, 'AV. CENTENARIO NRO. 2086', '2025-09-03 10:09:33', 1),
(6, 2, 4, '20602020798', 'BRUNNER BIENESTAR ECOLOGICO S.A.C.', '', NULL, NULL, NULL, NULL, NULL, 'CAR.CARRETERA FEDERICO BASADRE KM. 22 CAS. SECTOR LA VICTORIA UCAYALI - CORONEL PORTILLO - CAMPOVERDE', '2025-09-03 10:09:33', 1),
(7, 2, 4, '20513842377', 'PETROTAL PERU SRL', '', NULL, NULL, NULL, NULL, NULL, 'AV. DIONISIO DERTEANO NRO. 144 INT. 1201 URB. SANTA ANA', '2025-09-03 10:09:33', 1),
(8, 2, 4, '20543725821', 'DISTRIBUIDORA CUMMINS PERÚ S.A', '', NULL, NULL, NULL, NULL, NULL, 'AV. ARGENTINA NRO. 4453', '2025-09-03 10:09:33', 1),
(9, 2, 4, '20408625107', 'B Y V COMERCIALIZADORA SRL', '', NULL, NULL, NULL, NULL, NULL, 'JR. PUTUMAYO NRO. 549 P.J. SERAFIN FILOMENO', '2025-09-03 10:09:33', 1),
(10, 2, 4, '20100047218', 'BANCO DE CRÉDITO DEL PERÚ', '', NULL, NULL, NULL, NULL, NULL, 'JR. CENTENARIO NRO. 156 URB. LADERAS DE MELGAREJO', '2025-09-03 10:09:33', 1),
(11, 2, 4, '20122476309', 'BANCO CENTRAL DE RESERVA DEL PERÚ', '', NULL, NULL, NULL, NULL, NULL, 'JR. SANTA ROSA NRO. 445', '2025-09-03 10:09:33', 1),
(12, 2, 4, '20493654463', 'CSM CORPORACIÓN ORIENTE S.A.C', '', NULL, NULL, NULL, NULL, NULL, 'CAL. MORONA NRO. 171', '2025-09-03 10:09:33', 1),
(13, 2, 4, '20114050025', 'ARCA CONTINENTAL SELVA PERÚ', '', NULL, NULL, NULL, NULL, NULL, 'CAL. PUTUMAYO NRO. S/N', '2025-09-03 10:09:33', 1),
(14, 2, 4, '20451419693', 'ESTUDIO CONTABLE HM ESPINOZA S.C.R.L.', '', NULL, NULL, NULL, NULL, NULL, 'CAL. RICARDO PALMA NRO. 344', '2025-09-03 10:09:33', 1),
(15, 2, 4, '20329398642', 'HOTEL PLAZA S.A', '', NULL, NULL, NULL, NULL, NULL, 'JR. NAPO NRO. 258', '2025-09-03 10:09:33', 1),
(16, 2, 4, '20450835600', 'INVERSIONES MILENIUM S.A.C', '', NULL, NULL, NULL, NULL, NULL, 'CAL. LA CONDAMINE NRO. 348', '2025-09-03 10:09:33', 1),
(17, 2, 4, '20100210909', 'LA POSITIVA SEGUROS Y REASEGUROS', '', NULL, NULL, NULL, NULL, NULL, 'CAL. FRANCISCO MASIAS NRO. 370', '2025-09-03 10:09:33', 1),
(18, 2, 4, '20100128218', 'PETROLEOS DEL PERU PETROPERU S.A', '', NULL, NULL, NULL, NULL, NULL, 'AV. ENRIQUE CANAVAL MOREYRA NRO. 150', '2025-09-03 10:09:33', 1),
(19, 2, 4, '20128967606', 'SOCOPUR S.A.C.', '', NULL, NULL, NULL, NULL, NULL, 'AV. CENTENARIO NRO. 721', '2025-09-03 10:09:33', 1),
(20, 2, 4, '20513913142', 'SR DE LOS MILAGROS CARGO EIRL', '', NULL, NULL, NULL, NULL, NULL, 'AV. ELMER FAUCETT NRO. 3453 INT. 4C', '2025-09-03 10:09:33', 1),
(21, 2, 4, '20409082859', 'TRIPLAY MARTIN SAC', '', NULL, NULL, NULL, NULL, NULL, 'AV. LA MARINA KL. 03', '2025-09-03 10:09:33', 1),
(22, 2, 4, '20601315051', 'MALL AVENTURA S.A', '', NULL, NULL, NULL, NULL, NULL, 'JR. MINERIA NRO. 122 OTR. ZONA INDUSTRIAL', '2025-09-03 10:09:33', 1),
(23, 2, 4, '20351378400', 'UNIVERSAL IMPORT SAC', '', NULL, NULL, NULL, NULL, NULL, 'JR. UCAYALI NRO. 780', '2025-09-03 10:09:33', 1),
(24, 2, 4, '20100003199', 'EMPRESA NACIONAL DE PUERTOS S.A', '', NULL, NULL, NULL, NULL, NULL, 'JR. MANCO CAPAC NRO. 255', '2025-09-03 10:09:33', 1),
(25, 2, 4, '20100130204', 'BBVA BANCO CONTINENTAL', '', NULL, NULL, NULL, NULL, NULL, 'AV. REPUBLICA DE PANAMA NRO. 3055 URB. EL PALOMAR', '2025-09-03 10:09:33', 1),
(26, 2, 4, '20531369743', 'COMERCIAL DENISAM S.R.L', '', NULL, NULL, NULL, NULL, NULL, 'JR. LETICIA NRO. 409 URB. CERCADO DE PUCALLPA', '2025-09-03 10:09:33', 1),
(27, 2, 4, '20164113532', 'UNIVERSIDAD CESAR VALLEJO S.A.C.', '', NULL, NULL, NULL, NULL, NULL, 'AV. LARCO NRO. 1770 URB. SAN ANDRES 5TA ETAPA', '2025-09-03 10:09:33', 1),
(28, 2, 4, '20493160118', 'FOOD SERVICE E.I.R.L.', '', NULL, NULL, NULL, NULL, NULL, 'JR. LA CONDAMINE NRO. 157', '2025-09-03 10:09:33', 1),
(29, 2, 4, '20103771880', 'GABY S.A.', '', NULL, NULL, NULL, NULL, NULL, 'AV. LA MARINA NRO. 910', '2025-09-03 10:09:33', 1),
(30, 2, 4, '20131376503', 'S.E.N.A.T.I. ZONAL LORETO', '', NULL, NULL, NULL, NULL, NULL, 'AV. ALFREDO MENDIOLA NRO. 3520', '2025-09-03 10:09:33', 1),
(31, 2, 4, '20408971943', 'GLP AMAZÓNICO S.A.C.', '', NULL, NULL, NULL, NULL, NULL, 'AV. PEVAS NRO. 316', '2025-09-03 10:09:33', 1),
(32, 2, 4, '20493491491', 'JM GIGANTOGRAFÍA EIRL', '', NULL, NULL, NULL, NULL, NULL, 'JR. MORONA NRO. 229 URB. JR. MORONA', '2025-09-03 10:09:33', 1),
(33, 2, 4, '20541144278', 'RESTAURANT TURISTICO TAYTA E.I.R.L.', '', NULL, NULL, NULL, NULL, NULL, 'CAL. MORONA NRO. 171', '2025-09-03 10:09:33', 1),
(34, 2, 4, '20607969877', 'SAMIRIA JUNGLE HOTEL EIRL', '', NULL, NULL, NULL, NULL, NULL, 'JR. RICARDO PALMA NRO. 159 URB. JARDIN PAZ', '2025-09-03 10:09:33', 1),
(35, 2, 4, '20493246772', 'ASTILLERO HENRY EIRL', '', NULL, NULL, NULL, NULL, NULL, 'AV. LA MARINA KL. 1.5', '2025-09-03 10:09:33', 1),
(36, 2, 4, '20611084634', 'ESTACIÓN LYRA EIRL', '', NULL, NULL, NULL, NULL, NULL, 'CAL. MOORE NRO. 1180 P.J. BERMUDEZ', '2025-09-03 10:09:33', 1),
(37, 2, 4, '20451400241', 'SERVICIOS MEDICOS GENERALES SAN JUAN SRL', '', NULL, NULL, NULL, NULL, NULL, 'CAL. RICARDO PALMA NRO. 838', '2025-09-03 10:09:33', 1),
(38, 2, 4, '20603750137', 'CHA CHA CHA SAC', '', NULL, NULL, NULL, NULL, NULL, 'JR. YAVARI NRO. 1505', '2025-09-03 10:09:33', 1),
(39, 2, 4, '20219330660', 'BOTICA MEDISEL EIRL TDA', '', NULL, NULL, NULL, NULL, NULL, 'JR. ARICA NRO. 795 P.J. BERMUDEZ', '2025-09-03 10:09:33', 1),
(40, 2, 4, '20567215092', 'CABLE VISIÓN SAC', '', NULL, NULL, NULL, NULL, NULL, 'JR. PROSPERO NRO. 512', '2025-09-03 10:09:33', 1),
(41, 2, 4, '20541142143', 'COMERCIAL FOX ORIENTE EIRL', '', NULL, NULL, NULL, NULL, NULL, 'AV. ALFONSO UGARTE NRO. 390', '2025-09-03 10:09:33', 1),
(42, 2, 4, '20103964921', 'EXPLORACIONES AMAZÓNICAS S.A', '', NULL, NULL, NULL, NULL, NULL, 'AV. LA MARINA NRO. 340', '2025-09-03 10:09:33', 1),
(43, 2, 4, '20528215336', 'MOTOMAQ S.A.C.', '', NULL, NULL, NULL, NULL, NULL, 'CAL. HUANUCO NRO. 213 A.H. VICTOR RAUL HAYA DE LA TO', '2025-09-03 10:09:33', 1),
(44, 2, 4, '20128836170', 'REPRESENTACIONES VARGAS S.A', '', NULL, NULL, NULL, NULL, NULL, 'JR. TARAPACA NRO. 969 URB. CERCADO DE PUCALLPA', '2025-09-03 10:09:33', 1),
(45, 2, 4, '20518777646', 'GLOBAL FIBER PERU SAC', '', NULL, NULL, NULL, NULL, NULL, 'AV. 28 DE JULIO NRO. 757 INT. 1002 URB. LEURO', '2025-09-03 10:09:33', 1),
(46, 2, 4, '20227729709', 'ASOCIACIÓN PASTORAL DE SERVICIOS MÉDICOS ASISTENCIAL CLINICA ADVENTISTA ANA STAHL DE LA IGLESIA ADVENTISTA DEL SEPTIMO DÍA', '', NULL, NULL, NULL, NULL, NULL, 'AV. LA MARINA NRO. 285', '2025-09-03 10:09:33', 1),
(47, 2, 4, '20103845913', 'COMERCIAL IQUITOS S.A.', '', NULL, NULL, NULL, NULL, NULL, 'CAL. ALMIRANTE GRAU NRO. 1144', '2025-09-03 10:09:33', 1),
(48, 2, 4, '20114051188', 'TURISMO SANTA ISABEL S.R.LTDA', '', NULL, NULL, NULL, NULL, NULL, 'CAL. NAPO NRO. 362', '2025-09-03 10:09:33', 1),
(49, 2, 4, '20114044726', 'TRANSPORTE FLUVIAL JV E.I.R.L.', '', NULL, NULL, NULL, NULL, NULL, 'PJ. LEONOR NRO. 344 ---- PUERTO VERGARA', '2025-09-03 10:09:33', 1),
(50, 2, 4, '20136058828', 'IMPRENTA GRAFICA AMAZONAS SAC', '', NULL, NULL, NULL, NULL, NULL, 'CAL. RAYMONDI NRO. 239', '2025-09-03 10:09:33', 1),
(51, 2, 4, '20606252430', 'EMBAJADA EMPRESARIAL S.A.', '', NULL, NULL, NULL, NULL, NULL, 'LT. 15 MZ. D ASC. LA CAMPIÑA', '2025-09-03 10:09:33', 1),
(52, 2, 4, '20607641677', 'ISTRA SAC', '', NULL, NULL, NULL, NULL, NULL, 'CAL. BRASIL NRO. 138', '2025-09-03 10:09:33', 1),
(53, 2, 4, '20556490067', 'IMARCUX SAC', '', NULL, NULL, NULL, NULL, NULL, 'CAL. 2 EX MATARANI NRO. 128 DPTO. 203 CND. DON RAFAEL TORRE 3', '2025-09-03 10:09:33', 1),
(54, 2, 4, '20607709221', 'CENTRO ESPECIALIZADO EMASALUD SAC', '', NULL, NULL, NULL, NULL, NULL, 'PJ. AMAZONAS LT. 18 MZ. C', '2025-09-03 10:09:33', 1),
(55, 2, 4, '20342868844', 'STAR UP S.A.C.', '', NULL, NULL, NULL, NULL, NULL, 'CAL. JOSE GALVEZ NRO. 550 INT. 202 ---- EDIFICIO HUASCAR', '2025-09-03 10:09:33', 1),
(56, 2, 4, '20609184435', 'CORAL Y ASOCIADOS ABOGADOS SAC', '', NULL, NULL, NULL, NULL, NULL, 'AV. AVIACIÓN NRO. 2989 INT. 4 DPTO. 403 URB. AVENIDA', '2025-09-03 10:09:33', 1),
(57, 2, 4, '20101036813', 'BANCO INTERAMERICANO DE FINANZAS - BANBIF', '', NULL, NULL, NULL, NULL, NULL, 'AV. RICARDO RIVERA NAVARRETE NRO. 600', '2025-09-03 10:09:33', 1),
(58, 2, 4, '20493387163', 'CORPORACIÓN GARCIA S.A', '', NULL, NULL, NULL, NULL, NULL, 'LT. 12 MZ. C URB. RIO MAR', '2025-09-03 10:09:33', 1),
(59, 2, 4, '20541137735', 'GRIFO FLOTANTE ISLANDIA III E.I.R.L.', '', NULL, NULL, NULL, NULL, NULL, 'CAL. AMAZONAS NRO. 605', '2025-09-03 10:09:33', 1),
(60, 2, 4, '20493604105', 'EMPRESA HOTELERA LA CASONA E.I.R.L.', '', NULL, NULL, NULL, NULL, NULL, 'CAL. FITZCARRALD NRO. 147', '2025-09-03 10:09:33', 1),
(61, 2, 4, '20567232264', 'INVERSIONES E INMOBILIARIA MONTENEGRO S.A.C', '', NULL, NULL, NULL, NULL, NULL, 'CAL. TACNA NRO. 152', '2025-09-03 10:09:33', 1),
(62, 2, 4, '20528488499', 'BCH INDUSTRIAL', '', NULL, NULL, NULL, NULL, NULL, 'AV. 28 DE JULIO LT. 29 MZ. C', '2025-09-03 10:09:33', 1),
(63, 2, 4, '20606338423', 'GRUPO PANDA INVERSIONES DEL ORIENTE SAC', '', NULL, NULL, NULL, NULL, NULL, 'AV. GRAU NRO. 1321', '2025-09-03 10:09:33', 1),
(64, 2, 4, '20601424429', 'AMAZON INVERSIONES & TURISMO EIRL', '', NULL, NULL, NULL, NULL, NULL, 'MLC. TARAPACA NRO. 128', '2025-09-03 10:09:33', 1),
(65, 2, 4, '20611944773', 'REPRESENTACIONES TIQUE EIRL', '', NULL, NULL, NULL, NULL, NULL, 'CAL. RAMON CASTILLA NRO. 290', '2025-09-03 10:09:33', 1),
(66, 2, 4, '20609241251', 'TERRA CONSTRUCCIONES ORIENTE S.A.C.', '', NULL, NULL, NULL, NULL, NULL, 'JR. PEVAZ NRO. 1253 P.J. SERAFIN FILOMENO', '2025-09-03 10:09:33', 1),
(67, 2, 4, '20493176464', 'THE AMAZON OXYGEN S.A.C', '', NULL, NULL, NULL, NULL, NULL, 'CAL. LOS ANGELES NRO. 125', '2025-09-03 10:09:33', 1),
(68, 2, 4, '20541279521', 'AUSAC INVERSIONES EIRL', '', NULL, NULL, NULL, NULL, NULL, '', '2025-09-03 10:09:33', 1),
(69, 2, 4, '20614614022', 'MULTISERVICIOS PANPERU E.I.R.L.', '', NULL, NULL, NULL, NULL, NULL, 'JR. SARGENTO LORES NRO. 391 URB. JARDIN PAZ', '2025-09-03 10:09:33', 1),
(70, 2, 4, '20606290706', 'ADVANCE LOGISTIC E.I.R.L.', '', NULL, NULL, NULL, NULL, NULL, 'AV. DEL EJERCITO NRO. 1456', '2025-09-03 10:09:33', 1),
(71, 2, 4, '10052280562', 'MAXIMILIANA GLORIA MATTA MUÑOZ', '', NULL, NULL, NULL, NULL, NULL, '', '2025-09-03 10:09:33', 1),
(72, 2, 4, '20600931556', 'AVATAR AMAZON CAMP S.A.C', '', NULL, NULL, NULL, NULL, NULL, 'JR. PUTUMAYO NRO. 138', '2025-09-03 10:09:33', 1),
(73, 2, 4, '20613022504', 'IAC SOLUCIONES E.I.R.L', '', NULL, NULL, NULL, NULL, NULL, 'AV. MARISCAL CACERES NRO. 820', '2025-09-03 10:09:33', 1),
(74, 2, 4, '20493480295', 'INVERSIONES FINANCIERAS SELVA S.R.L', '', NULL, NULL, NULL, NULL, NULL, 'CAL. FANNING NRO. 639', '2025-09-03 10:09:33', 1),
(75, 2, 4, '20230911607', 'MIGUEL VASQUEZ RUIZ S.A.C', '', NULL, NULL, NULL, NULL, NULL, 'CAL. SAN JOSE NRO. 442', '2025-09-03 10:09:33', 1),
(76, 2, 4, '20601312710', 'CONSORCIO FLUVIAL DEL AMAZONAS', '', NULL, NULL, NULL, NULL, NULL, 'JR. LA CONDAMINE NRO. 381', '2025-09-03 10:09:33', 1),
(77, 2, 4, '20451060393', 'DON POLLO LORETO S.A.C', '', NULL, NULL, NULL, NULL, NULL, 'CAL. LAS AZUCENAS NRO. 220', '2025-09-03 10:09:33', 1),
(78, 2, 4, '20600032659', 'GESTION SSOMA M & Q EIRL', '', NULL, NULL, NULL, NULL, NULL, 'CAL. CALVO DE ARAUJO NRO. 1788', '2025-09-03 10:09:33', 1),
(79, 2, 4, '20541167308', 'PEQUEÑOS GUSTITOS S.R.L', '', NULL, NULL, NULL, NULL, NULL, 'CAL. LORETO NRO. 739', '2025-09-03 10:09:33', 1),
(80, 2, 4, '20493741510', 'RESTAURANT PEÑA TURISTICA EL SOMBRERO DE PAJA EIRL', '', NULL, NULL, NULL, NULL, NULL, 'AV. A.QUIñONEZ KL. 4.5', '2025-09-03 10:09:33', 1),
(81, 2, 4, '20609316510', 'COORPORACIÓN GARRÉ S.A.C', '', NULL, NULL, NULL, NULL, NULL, 'CAL. JOSE GALVEZ NRO. 355 OTR. BELEN', '2025-09-03 10:09:33', 1),
(82, 2, 4, '20602720226', 'MARCELO DISTRIBUCIONES EIRL', '', NULL, NULL, NULL, NULL, NULL, 'AV. ELIAS AGUIRRE NRO. 1196 INT. A', '2025-09-03 10:09:33', 1),
(83, 2, 4, '20567267131', 'JUNGLE TOURS & TRAVELS E.I.R.L', '', NULL, NULL, NULL, NULL, NULL, 'PJ. MOORE NRO. 1559', '2025-09-03 10:09:33', 1),
(84, 2, 4, '20493324242', 'INVERSIONES LA OROZA SRL', '', NULL, NULL, NULL, NULL, NULL, 'CAL. BERMUDES NRO. 567', '2025-09-03 10:09:33', 1),
(85, 2, 4, '10052612468', 'LEONARDO ZUTA PADILLA - TIENDAS LEONARDO', '', NULL, NULL, NULL, NULL, NULL, '', '2025-09-03 10:09:33', 1),
(86, 2, 4, '10053823977', 'CUTTIN LANGUAGE CENTER', '', NULL, NULL, NULL, NULL, NULL, '', '2025-09-03 10:09:33', 1),
(87, 2, 4, '20601649579', 'PREVENCIÓN VIGILANCIA Y SEGURIDAD DEL OREINTE SAC', '', NULL, NULL, NULL, NULL, NULL, 'LT. 10 MZ. S URB. RIO MAR', '2025-09-03 10:09:33', 1),
(88, 2, 4, '20610246738', 'CENTRO DE CAPACITACIONES FINANCIERAS Y COMERCIAL DEL PERU S.A.C.', '', NULL, NULL, NULL, NULL, NULL, 'CAL. YURIMAGUAS NRO. 685 APV. JOSE MALEIROS', '2025-09-03 10:09:33', 1),
(89, 2, 4, '20493218566', 'ARI\'S SAC', '', NULL, NULL, NULL, NULL, NULL, 'JR. PROSPERO NRO. 127 P.J. SERAFIN FILOMENO', '2025-09-03 10:09:33', 1),
(90, 2, 4, '20451242238', 'COMERCIAL EL CAIRO E.I.R.L.', '', NULL, NULL, NULL, NULL, NULL, 'CAL. NAPO NRO. 1054 URB. SERAFIN FILOMENO', '2025-09-03 10:09:33', 1),
(91, 2, 4, '20207617173', 'COOPERATIVA DE SERVICIOS EDUCATIVOS CESAR VALLEJO', '', NULL, NULL, NULL, NULL, NULL, 'JR. PUTUMAYO NRO. 981 P.J. SERAFIN FILOMENO', '2025-09-03 10:09:33', 1),
(92, 2, 4, '20605717935', 'SERVICIOS GENERALES FILOMENO SRL', '', NULL, NULL, NULL, NULL, NULL, 'CAL. MOORE NRO. 1316', '2025-09-03 10:09:33', 1),
(93, 2, 4, '20451364422', 'INGENIERIA MANTENIMIENTO & CONSTRUCCIONES S.A.C.', '', NULL, NULL, NULL, NULL, NULL, 'CAL. CUZCO NRO. 794', '2025-09-03 10:09:33', 1),
(94, 2, 4, '20603085290', 'SUMINISTROS Y SERVICIOS ELECTRICOS SELVA S.R.L', '', NULL, NULL, NULL, NULL, NULL, 'AV. DE LA PARTICIPACIÓN NRO. 637', '2025-09-03 10:09:33', 1),
(95, 2, 4, '20404493885', 'SUMINISTROS DEL ORIENTE S.R.L', '', NULL, NULL, NULL, NULL, NULL, 'JR. LIBERTAD NRO. 168 BAR. HUAYCO', '2025-09-03 10:09:33', 1),
(96, 2, 4, '20366410610', 'SERVICIOS EXCELENTES E.I.R.L.', '', NULL, NULL, NULL, NULL, NULL, 'CAL. FITZCARRALD NRO. 560', '2025-09-03 10:09:33', 1),
(97, 2, 4, '20101010695', 'RADIO LORETO S.A.C.', '', NULL, NULL, NULL, NULL, NULL, 'JR. ARICA NRO. 228', '2025-09-03 10:09:33', 1),
(98, 2, 4, '20601209587', 'ZAFIRO 5 S.A.C.', '', NULL, NULL, NULL, NULL, NULL, 'CAL. NAPO NRO. 150', '2025-09-03 10:09:33', 1),
(99, 2, 4, '20172337261', 'TRANSBER IQUITOS S.A.', '', NULL, NULL, NULL, NULL, NULL, 'CAL. MORONA NRO. 137', '2025-09-03 10:09:33', 1),
(100, 2, 4, '20601783445', 'TELESISTEMAS IQUITOS E.I.R.L.', '', NULL, NULL, NULL, NULL, NULL, 'CAL. SAMANEZ OCAMPO NRO. 669', '2025-09-03 10:09:33', 1),
(101, 2, 4, '20408614831', 'CONSORCIO DE SERVICIOS FUNERARIOS S.A.C', '', NULL, NULL, NULL, NULL, NULL, 'CAL. LORETO NRO. 960', '2025-09-03 10:09:33', 1),
(102, 2, 4, '20528298959', 'JUGUERIA TUTTI FRUTTI EIRL', '', NULL, NULL, NULL, NULL, NULL, 'CAL. SARGENTO LORES NRO. 571', '2025-09-03 10:09:33', 1),
(103, 2, 4, '20541214233', 'K L IMPORT EXPORT PERU S.A.C', '', NULL, NULL, NULL, NULL, NULL, 'CAL. MORONA NRO. 539', '2025-09-03 10:09:33', 1),
(104, 2, 4, '20451417569', 'INVERSIONES PEGASO S.R.L.', '', NULL, NULL, NULL, NULL, NULL, 'CAL. PABLO ROSSELL NRO. 539', '2025-09-03 10:09:33', 1),
(105, 2, 4, '20493580591', 'D\'TODO FERRETERA S.A.C.', '', NULL, NULL, NULL, NULL, NULL, 'CAL. SARGENTO LORES NRO. 516', '2025-09-03 10:09:33', 1),
(106, 2, 4, '20280627969', 'A & E TOURS TAHUAYO LODGE E.I.R.L.', '', NULL, NULL, NULL, NULL, NULL, 'AV. LA MARINA NRO. 100', '2025-09-03 10:09:33', 1),
(107, 2, 4, '20408869588', 'EL MUNDO DE LA FANTASIA S.R.L.', '', NULL, NULL, NULL, NULL, NULL, 'JR. PROSPERO NRO. 775', '2025-09-03 10:09:33', 1),
(108, 2, 4, '20103941980', 'CONSULTORES VETERINARIOS Y AGRICOLAS S.R.L.', '', NULL, NULL, NULL, NULL, NULL, 'JR. ARICA NRO. 901', '2025-09-03 10:09:33', 1),
(109, 2, 4, '20103892598', 'CREAZIONI S.A.', '', NULL, NULL, NULL, NULL, NULL, 'CAL. LA CONDAMINE NRO. 232', '2025-09-03 10:09:33', 1),
(110, 2, 4, '20603820721', 'LORETO ESTUDIO CONTABLE SAC', '', NULL, NULL, NULL, NULL, NULL, 'JR. HUALLAGA NRO. 311 P.J. SERAFIN FILOMENO', '2025-09-03 10:09:33', 1),
(111, 2, 4, '20528374051', 'DISTRIBUIDORA KARINA MARGOT E.I.R.L.', '', NULL, NULL, NULL, NULL, NULL, 'JR. ARICA NRO. 1060', '2025-09-03 10:09:33', 1),
(112, 2, 4, '20608081217', 'PILY\'S CLOTHES AND BAGS', '', NULL, NULL, NULL, NULL, NULL, 'JR. YAVARI NRO. 1186 URB. VIRGEN DE LORETO', '2025-09-03 10:09:33', 1),
(113, 2, 4, '20606515104', 'GESTION EDUCATIVA PARA EL DESARROLLO DE COMPETITIVIDAD Y CAPACIDAD PROFESIONAL', '', NULL, NULL, NULL, NULL, NULL, 'AV. AUGUSTO FREYRE NRO. 932 P.J. DANIEL ALCIDES CARRION', '2025-09-03 10:09:33', 1),
(114, 2, 4, '20604783195', 'STUDIO 69 E.I.R.L.', '', NULL, NULL, NULL, NULL, NULL, 'CAL. PEVAS NRO. 669', '2025-09-03 10:09:33', 1),
(115, 2, 4, '20602683851', 'AMAZON FOREVER', '', NULL, NULL, NULL, NULL, NULL, 'CAR.IQUITOS-NAUTA KM. 13.8 FND. FUNDO DEL HUAYO (A 100 MTS. DEL VARILLAL)', '2025-09-03 10:09:33', 1),
(116, 2, 4, '20450970302', 'NEGOCIOS Y REPRESENTACIONES PERÚ EIRL', '', NULL, NULL, NULL, NULL, NULL, 'PRO. LOS ÁNGELES NRO. 20', '2025-09-03 10:09:33', 1),
(117, 2, 4, '20612772623', 'BUFEO INNOVACIÓN TECNOLÓGICA', '', NULL, NULL, NULL, NULL, NULL, 'PJ. LOS CLAVELES LT. 11 MZ. M', '2025-09-03 10:09:33', 1),
(118, 2, 4, '10054135586', 'PINEDO REÁTEGUI ROMMEL MARINO', '', NULL, NULL, NULL, NULL, NULL, '', '2025-09-03 10:09:33', 1),
(119, 2, 4, '20493678729', 'CHUPETES Y HELADOS SHAMBO S.A.C.', '', NULL, NULL, NULL, NULL, NULL, 'CAL. BOLOGNESI NRO. 642A', '2025-09-03 10:09:33', 1),
(120, 2, 4, '20567123058', 'ALMACEN DE PINTURAS LA MARINA E.I.R.L.', '', NULL, NULL, NULL, NULL, NULL, 'AV. LA MARINA CON NAUTA NRO. 701', '2025-09-03 10:09:33', 1),
(121, 2, 4, '10077452236', 'ROGER WALTER AGUILAR VASQUEZ', '', NULL, NULL, NULL, NULL, NULL, '', '2025-09-03 10:09:33', 1),
(122, 2, 4, '10469210842', 'MERA PANDURO FERNANDO EDISLAO', '', NULL, NULL, NULL, NULL, NULL, '', '2025-09-03 10:09:33', 1),
(123, 2, 4, '20528195475', 'AGROPECUARIA LA CHACRA SRL', '', NULL, NULL, NULL, NULL, NULL, 'CAL. TACNA NRO. 351', '2025-09-03 10:09:33', 1),
(124, 2, 4, '20602482791', 'GALLARDO Y ZAMORA CORREDORES DE SEGUROS Y ASOCIADOS S.A.', '', NULL, NULL, NULL, NULL, NULL, 'AV. CORONEL FRANCISCO BOLOGNE NRO. 904 BAR. CHINO', '2025-09-03 10:09:33', 1),
(125, 2, 4, '10052824562', 'POWER VILLACORTA ROBERTO CARLOS', '', NULL, NULL, NULL, NULL, NULL, '', '2025-09-03 10:09:33', 1),
(126, 2, 4, '20610357513', 'CLUB DEPORTIVO LORETANAS DE ORO', '', NULL, NULL, NULL, NULL, NULL, 'CAL. ROMULO ESPINAR NRO. 163 P.J. SERAFIN FILOMENO', '2025-09-03 10:09:33', 1),
(127, 2, 4, '10053253178', 'CARMEN RAQUEL NUÑEZ RENGIFO', '', NULL, NULL, NULL, NULL, NULL, '', '2025-09-03 10:09:33', 1),
(128, 2, 4, '20603711069', 'THE PERUVIAN SOCIAL INCUBATOR SAC', '', NULL, NULL, NULL, NULL, NULL, 'PZA. DE LA BANDERA NRO. 119 DPTO. 601 URB. LA AREQUIPEÑA', '2025-09-03 10:09:33', 1),
(129, 2, 4, '20608734261', 'OXIGENO DEL ORIENTE AMAZONICO SAC', '', NULL, NULL, NULL, NULL, NULL, 'CAL. LOS ANGELES NRO. 125', '2025-09-03 10:09:33', 1),
(130, 2, 4, '20493223993', 'THE YELLOW ROSE OF TEXAS EIRL', '', NULL, NULL, NULL, NULL, NULL, 'JR. PUTUMAYO NRO. 174', '2025-09-03 10:09:33', 1),
(131, 2, 4, '20105935146', 'INSTITUTO SUPERIOR TECNOLÓGICO EMILIO ROMERO PADILLA EIRL', '', NULL, NULL, NULL, NULL, NULL, 'JR. PROSPERO NRO. 501', '2025-09-03 10:09:33', 1),
(132, 2, 4, '10733159567', 'OPTICA OPTILENTES', '', NULL, NULL, NULL, NULL, NULL, '', '2025-09-03 10:09:33', 1),
(133, 2, 4, '20603141131', 'REPRESENTACIONES MARYMOTOR´S EIRL', '', NULL, NULL, NULL, NULL, NULL, 'AV. FREYRE NRO. 827', '2025-09-03 10:09:33', 1),
(134, 2, 4, '20528340661', 'CLÍNICA VETERINARIA COMCENTER JUÁREZ EIRL', '', NULL, NULL, NULL, NULL, NULL, 'AV. GRAU NRO. 957A', '2025-09-03 10:09:33', 1),
(135, 2, 4, '20612340065', 'INVERSIONES MÉDICAS CELIS Y MARIN EIRL (CEL MAR)', '', NULL, NULL, NULL, NULL, NULL, 'CAL. RIO CHIRA LT. 30 MZ. A URB. EL ALAMO', '2025-09-03 10:09:33', 1),
(136, 2, 4, '10105474798', 'PABLO MARTÍN CASUSO CHÁVEZ', '', NULL, NULL, NULL, NULL, NULL, '', '2025-09-03 10:09:33', 1),
(137, 2, 4, '10053395959', 'JUAN ANTONIO LA TORRE LÓPEZ', '', NULL, NULL, NULL, NULL, NULL, '', '2025-09-03 10:09:33', 1),
(138, 2, 4, '10072612022', 'DENIS LINARES CAMBERO', '', NULL, NULL, NULL, NULL, NULL, '', '2025-09-03 10:09:33', 1),
(139, 2, 4, '20602268382', 'AMAZON GARDEN ECOLODGE BOUTIQUE (SANTA MARILYN EIRL)', '', NULL, NULL, NULL, NULL, NULL, 'JR. PUTUMAYO NRO. 423 P.J. SERAFIN FILOMENO', '2025-09-03 10:09:33', 1),
(140, 2, 4, '20528449833', 'INVERSIONES GENERALES LA MARINA SRL', '', NULL, NULL, NULL, NULL, NULL, '', '2025-09-03 10:09:33', 1),
(141, 2, 4, '10053749441', 'MARIANO VIEIRA BOCANEGRA', '', NULL, NULL, NULL, NULL, NULL, '', '2025-09-03 10:09:33', 1),
(142, 2, 4, '10052215027', 'ELSA SATO AREVALO', '', NULL, NULL, NULL, NULL, NULL, '', '2025-09-03 10:09:33', 1),
(143, 2, 4, '20608205013', 'BOTICA Y PERFUMERIA MARY EIRL', '', NULL, NULL, NULL, NULL, NULL, 'CAL. LAS FLORES LT. 21 MZ. A A.H. PROGRESO', '2025-09-03 10:09:33', 1),
(144, 2, 4, '10433032310', 'MARÍA DE JESÚS RENGIFO RAMÍREZ/HOSPEDAJE COYZA', '', NULL, NULL, NULL, NULL, NULL, '', '2025-09-03 10:09:33', 1),
(145, 2, 4, '10445204477', 'GUERRA ALVAN ARIANA BLANCA', '', NULL, NULL, NULL, NULL, NULL, '', '2025-09-03 10:09:33', 1),
(146, 2, 4, '10422051011', 'LUIS FRANCISCO SANCHEZ ZAMORA', '', NULL, NULL, NULL, NULL, NULL, '', '2025-09-03 10:09:33', 1),
(147, 2, 4, '20610978101', 'MV SERVICIOS INTEGRALES SRL', '', NULL, NULL, NULL, NULL, NULL, 'CAL. PEVAS NRO. 534', '2025-09-03 10:09:33', 1),
(148, 2, 4, '20600358902', 'ORGANIZACIÓN NO GUBERNAMENTAL VOZ Y ACCIÓN CIUDADANA', '', NULL, NULL, NULL, NULL, NULL, 'CAL. LAS COLINAS NRO. 187', '2025-09-03 10:09:33', 1),
(149, 2, 4, '10420128024', 'GIAN PIERRE AREVALO RIVADENEYRA', '', NULL, NULL, NULL, NULL, NULL, '', '2025-09-03 10:09:33', 1),
(150, 2, 4, '20528290036', 'DELEITES DE LA AMAZONIA LA MISHQUINA E.I.R.L.', '', NULL, NULL, NULL, NULL, NULL, 'JR. PROSPERO NRO. 503', '2025-09-03 10:09:33', 1),
(151, 2, 4, '20606938200', 'LUPUNA FOOD S.A.C.', '', NULL, NULL, NULL, NULL, NULL, 'CAL. CALVO DE ARAUJO NRO. 2538', '2025-09-03 10:09:33', 1),
(152, 2, 4, '20605378081', 'SERVICIOS Y CONSULTORIA EN HIDROCARBUROS E INVERSIONES S.A.C.', '', NULL, NULL, NULL, NULL, NULL, 'CAL. FRANCISCO CARRASCO LT. 24 MZ. E', '2025-09-03 10:09:33', 1),
(153, 2, 4, '20602315411', 'SERVICIO DE CAPACITACION E INSTRUCCION REYES', '', NULL, NULL, NULL, NULL, NULL, 'PRO. JOSE GALVEZ NRO. 135', '2025-09-03 10:09:33', 1),
(154, 2, 4, '20601893488', 'QA CERTIFICATION SERVICES LATAM S.A.C.', '', NULL, NULL, NULL, NULL, NULL, 'CAL. GENERAL RECAVARREN NRO. 111 DPTO. 605 URB. SURQUILLO', '2025-09-03 10:09:33', 1),
(155, 2, 4, '20612394386', 'AMAZON TROPICALS FISH FARM AQUARIUM S.R.L.', '', NULL, NULL, NULL, NULL, NULL, 'CAL. 7 LT. 13 MZ. C URB. POPULAR MORONACOCHA', '2025-09-03 10:09:33', 1),
(156, 2, 4, '20600665953', 'AMAZON SECURITY PERU S.R.L.', '', NULL, NULL, NULL, NULL, NULL, 'PJ. 06 DE SETIEMBRE NRO. 176 BAR. HUAYCO', '2025-09-03 10:09:33', 1),
(157, 2, 4, '20603075413', 'INVERSIONES Y SERVICIOS TURISTICOS PANAMA S.A.C.', '', NULL, NULL, NULL, NULL, NULL, 'JR. SARGENTO LORES NRO. 391 URB. JARDIN PAZ', '2025-09-04 16:09:27', 1),
(158, 2, 4, '20606453397', 'ACUA CORP S.A.C.', '', NULL, NULL, NULL, NULL, NULL, 'CAL. LAS MALVINAS NRO. SN CAS. RUMOCOCHA', '2025-09-04 16:09:27', 1),
(159, 2, 4, '20493364899', 'INVERSIONES RIO AMAZONAS S.A.C.', '', NULL, NULL, NULL, NULL, NULL, 'JR. NAPO NRO. 118', '2025-09-04 16:09:27', 1),
(160, 2, 4, '10722281701', 'MONTAÑEZ PASTOR LUISELL NADIR', '', NULL, NULL, NULL, NULL, NULL, '----', '2025-09-04 16:09:27', 1),
(161, 2, 4, '20567280234', 'AGRO INDUSTRIAS Y SERVICIOS NAUTA E.I.R.L.', '', NULL, NULL, NULL, NULL, NULL, 'CAL. BELLO HORIZONTE NRO. 190 A.H. BELLO HORIZONTE', '2025-09-04 16:09:27', 1),
(162, 2, 4, '20607091545', 'OPTICA & NOVEDADES LI EMPRESA INDIVIDUAL DE RESPONSABILIDAD LIMITADA', '', NULL, NULL, NULL, NULL, NULL, 'CAL. SARGENTO LORES NRO. 240', '2025-09-04 16:09:27', 1),
(163, 2, 4, '20607118389', 'DE MI ABUELA SUS SECRETITOS SAC', '', NULL, NULL, NULL, NULL, NULL, 'PJ. VILLA CAMELIAS LT. 10 MZ. A A.H. CAMELIAS', '2025-09-04 16:09:27', 1),
(164, 2, 4, '10412353213', 'ESTELA DEL PILAR CABRERA GUERRERO', '', NULL, NULL, NULL, NULL, NULL, '----', '2025-09-04 16:09:27', 1),
(165, 2, 4, '10052148150', 'SOLSOL SALDAÑA WENSESLAO', '', NULL, NULL, NULL, NULL, NULL, '----', '2025-09-04 16:09:27', 1);

-- --------------------------------------------------------

--
-- Estructura de tabla para la tabla `cobranza`
--

CREATE TABLE `cobranza` (
  `id_cobranza` int(11) NOT NULL,
  `id_socio` int(11) NOT NULL,
  `id_categoria` int(11) NOT NULL,
  `cobranza_anho` int(11) NOT NULL,
  `cobranza_mes` int(11) NOT NULL,
  `cobranza_fecha_vencimiento` date NOT NULL,
  `cobranza_monto` decimal(10,2) NOT NULL,
  `cobranza_monto_cobrado` decimal(10,2) DEFAULT NULL,
  `cobranza_observacion` varchar(600) DEFAULT NULL,
  `id_venta` int(11) DEFAULT NULL,
  `cobranza_estado` tinyint(4) NOT NULL,
  `cobranza_notificado` int(11) NOT NULL DEFAULT 0
) ENGINE=InnoDB DEFAULT CHARSET=utf8mb4 COLLATE=utf8mb4_unicode_ci;

--
-- Volcado de datos para la tabla `cobranza`
--

INSERT INTO `cobranza` (`id_cobranza`, `id_socio`, `id_categoria`, `cobranza_anho`, `cobranza_mes`, `cobranza_fecha_vencimiento`, `cobranza_monto`, `cobranza_monto_cobrado`, `cobranza_observacion`, `id_venta`, `cobranza_estado`, `cobranza_notificado`) VALUES
(1, 1, 1, 2025, 9, '2025-09-30', 500.00, 500.00, NULL, 1, 0, 0),
(2, 2, 1, 2025, 9, '2025-09-30', 500.00, 500.00, NULL, 2, 0, 0),
(3, 3, 1, 2025, 9, '2025-09-30', 500.00, 500.00, NULL, 3, 0, 0),
(4, 4, 1, 2025, 9, '2025-09-30', 500.00, 500.00, NULL, 4, 0, 0),
(5, 5, 1, 2025, 9, '2025-09-30', 500.00, 500.00, NULL, 5, 0, 0),
(6, 6, 1, 2025, 9, '2025-09-30', 500.00, 500.00, NULL, 6, 0, 0),
(7, 7, 1, 2025, 9, '2025-09-30', 500.00, 500.00, NULL, 7, 0, 0),
(8, 8, 2, 2025, 9, '2025-09-30', 200.00, 200.00, NULL, 8, 0, 0),
(9, 9, 2, 2025, 9, '2025-09-30', 200.00, 200.00, NULL, 9, 0, 0),
(10, 10, 2, 2025, 9, '2025-09-30', 200.00, 200.00, NULL, 10, 0, 0),
(11, 11, 2, 2025, 9, '2025-09-30', 200.00, 200.00, NULL, 11, 0, 0),
(12, 12, 2, 2025, 9, '2025-09-30', 200.00, 200.00, NULL, 12, 0, 0),
(13, 13, 2, 2025, 9, '2025-09-30', 200.00, 200.00, NULL, 13, 0, 0),
(14, 14, 2, 2025, 9, '2025-09-30', 200.00, 200.00, NULL, 14, 0, 0),
(15, 15, 2, 2025, 9, '2025-09-30', 200.00, 200.00, NULL, 15, 0, 0),
(16, 16, 2, 2025, 9, '2025-09-30', 200.00, 200.00, NULL, 16, 0, 0),
(17, 17, 2, 2025, 9, '2025-09-30', 200.00, 200.00, NULL, 17, 0, 0),
(18, 18, 2, 2025, 9, '2025-09-30', 200.00, 200.00, NULL, 18, 0, 0),
(19, 19, 2, 2025, 9, '2025-09-30', 200.00, 200.00, NULL, 19, 0, 0),
(20, 20, 2, 2025, 9, '2025-09-30', 200.00, 200.00, NULL, 20, 0, 0),
(21, 21, 2, 2025, 9, '2025-09-30', 200.00, 200.00, NULL, 21, 0, 0),
(22, 22, 2, 2025, 9, '2025-09-30', 200.00, 200.00, NULL, 22, 0, 0),
(23, 23, 2, 2025, 9, '2025-09-30', 200.00, 200.00, NULL, 23, 0, 0),
(24, 24, 2, 2025, 9, '2025-09-30', 200.00, 200.00, NULL, 24, 0, 0),
(25, 25, 2, 2025, 9, '2025-09-30', 200.00, 200.00, NULL, 25, 0, 0),
(26, 26, 2, 2025, 9, '2025-09-30', 200.00, 200.00, NULL, 26, 0, 0),
(27, 27, 2, 2025, 9, '2025-09-30', 200.00, 200.00, NULL, 27, 0, 0),
(28, 28, 3, 2025, 9, '2025-09-30', 100.00, 100.00, NULL, 28, 0, 0),
(29, 29, 3, 2025, 9, '2025-09-30', 100.00, 100.00, NULL, 29, 0, 0),
(30, 30, 3, 2025, 9, '2025-09-30', 100.00, 100.00, NULL, 30, 0, 0),
(31, 31, 3, 2025, 9, '2025-09-30', 100.00, 100.00, NULL, 31, 0, 0),
(32, 32, 3, 2025, 9, '2025-09-30', 100.00, 100.00, NULL, 32, 0, 0),
(33, 33, 3, 2025, 9, '2025-09-30', 100.00, 100.00, NULL, 33, 0, 0),
(34, 34, 3, 2025, 9, '2025-09-30', 100.00, 100.00, NULL, 34, 0, 0),
(35, 35, 3, 2025, 9, '2025-09-30', 100.00, 100.00, NULL, 35, 0, 0),
(36, 36, 3, 2025, 9, '2025-09-30', 100.00, 100.00, NULL, 36, 0, 0),
(37, 37, 3, 2025, 9, '2025-09-30', 100.00, 100.00, NULL, 37, 0, 0),
(38, 38, 3, 2025, 9, '2025-09-30', 100.00, 100.00, NULL, 38, 0, 0),
(39, 39, 3, 2025, 9, '2025-09-30', 100.00, 100.00, NULL, 39, 0, 0),
(40, 40, 3, 2025, 9, '2025-09-30', 100.00, 100.00, NULL, 40, 0, 0),
(41, 41, 3, 2025, 9, '2025-09-30', 100.00, 100.00, NULL, 41, 0, 0),
(42, 42, 3, 2025, 9, '2025-09-30', 100.00, 100.00, NULL, 42, 0, 0),
(43, 43, 3, 2025, 9, '2025-09-30', 100.00, 100.00, NULL, 43, 0, 0),
(44, 44, 3, 2025, 9, '2025-09-30', 100.00, 100.00, NULL, 44, 0, 0),
(45, 45, 3, 2025, 9, '2025-09-30', 100.00, 100.00, NULL, 45, 0, 0),
(46, 46, 3, 2025, 9, '2025-09-30', 100.00, 100.00, NULL, 46, 0, 0),
(47, 47, 3, 2025, 9, '2025-09-30', 100.00, 100.00, NULL, 47, 0, 0),
(48, 48, 3, 2025, 9, '2025-09-30', 100.00, 100.00, NULL, 48, 0, 0),
(49, 49, 3, 2025, 9, '2025-09-30', 100.00, 100.00, NULL, 49, 0, 0),
(50, 50, 3, 2025, 9, '2025-09-30', 100.00, 100.00, NULL, 50, 0, 0),
(51, 51, 3, 2025, 9, '2025-09-30', 100.00, 100.00, NULL, 51, 0, 0),
(52, 52, 3, 2025, 9, '2025-09-30', 100.00, 100.00, NULL, 52, 0, 0),
(53, 53, 3, 2025, 9, '2025-09-30', 100.00, 100.00, NULL, 53, 0, 0),
(54, 54, 3, 2025, 9, '2025-09-30', 100.00, 100.00, NULL, 54, 0, 0),
(55, 55, 3, 2025, 9, '2025-09-30', 100.00, 100.00, NULL, 55, 0, 0),
(56, 56, 3, 2025, 9, '2025-09-30', 100.00, 100.00, NULL, 56, 0, 0),
(57, 57, 3, 2025, 9, '2025-09-30', 100.00, 100.00, NULL, 57, 0, 0),
(58, 58, 3, 2025, 9, '2025-09-30', 100.00, 100.00, NULL, 58, 0, 0),
(59, 59, 3, 2025, 9, '2025-09-30', 100.00, 100.00, NULL, 148, 0, 0),
(60, 63, 3, 2025, 9, '2025-09-30', 100.00, 100.00, NULL, 59, 0, 0),
(61, 64, 3, 2025, 9, '2025-09-30', 100.00, 100.00, NULL, 60, 0, 0),
(62, 65, 3, 2025, 9, '2025-09-30', 100.00, 100.00, NULL, 61, 0, 0),
(63, 66, 3, 2025, 9, '2025-09-30', 100.00, 100.00, NULL, 62, 0, 0),
(64, 67, 4, 2025, 9, '2025-09-30', 50.00, 50.00, NULL, 63, 0, 0),
(65, 68, 4, 2025, 9, '2025-09-30', 50.00, 50.00, NULL, 64, 0, 0),
(66, 69, 4, 2025, 9, '2025-09-30', 50.00, 50.00, NULL, 65, 0, 0),
(67, 70, 4, 2025, 9, '2025-09-30', 50.00, 50.00, NULL, 66, 0, 0),
(68, 71, 4, 2025, 9, '2025-09-30', 50.00, 50.00, NULL, 67, 0, 0),
(69, 72, 4, 2025, 9, '2025-09-30', 50.00, 50.00, NULL, 68, 0, 0),
(70, 73, 4, 2025, 9, '2025-09-30', 50.00, 50.00, NULL, 69, 0, 0),
(71, 75, 4, 2025, 9, '2025-09-30', 50.00, 50.00, NULL, 70, 0, 0),
(72, 76, 4, 2025, 9, '2025-09-30', 50.00, 50.00, NULL, 71, 0, 0),
(73, 77, 4, 2025, 9, '2025-09-30', 50.00, 50.00, NULL, 72, 0, 0),
(74, 78, 4, 2025, 9, '2025-09-30', 50.00, 50.00, NULL, 73, 0, 0),
(75, 79, 4, 2025, 9, '2025-09-30', 50.00, 50.00, NULL, 74, 0, 0),
(76, 81, 4, 2025, 9, '2025-09-30', 50.00, 50.00, NULL, 75, 0, 0),
(77, 82, 4, 2025, 9, '2025-09-30', 50.00, 50.00, NULL, 76, 0, 0),
(78, 83, 4, 2025, 9, '2025-09-30', 50.00, 50.00, NULL, 77, 0, 0),
(79, 84, 4, 2025, 9, '2025-09-30', 50.00, 50.00, NULL, 78, 0, 0),
(80, 85, 4, 2025, 9, '2025-09-30', 50.00, 50.00, NULL, 79, 0, 0),
(81, 86, 4, 2025, 9, '2025-09-30', 50.00, 50.00, NULL, 80, 0, 0),
(82, 87, 4, 2025, 9, '2025-09-30', 50.00, 50.00, NULL, 81, 0, 0),
(83, 88, 4, 2025, 9, '2025-09-30', 50.00, 50.00, NULL, 82, 0, 0),
(84, 89, 4, 2025, 9, '2025-09-30', 50.00, 50.00, NULL, 83, 0, 0),
(85, 90, 4, 2025, 9, '2025-09-30', 50.00, 50.00, NULL, 84, 0, 0),
(86, 91, 4, 2025, 9, '2025-09-30', 50.00, 50.00, NULL, 85, 0, 0),
(87, 92, 4, 2025, 9, '2025-09-30', 50.00, 50.00, NULL, 86, 0, 0),
(88, 93, 4, 2025, 9, '2025-09-30', 50.00, 50.00, NULL, 87, 0, 0),
(89, 95, 4, 2025, 9, '2025-09-30', 50.00, 50.00, NULL, 88, 0, 0),
(90, 96, 4, 2025, 9, '2025-09-30', 50.00, 50.00, NULL, 89, 0, 0),
(91, 97, 4, 2025, 9, '2025-09-30', 50.00, 50.00, NULL, 90, 0, 0),
(92, 98, 4, 2025, 9, '2025-09-30', 50.00, 50.00, NULL, 91, 0, 0),
(93, 99, 4, 2025, 9, '2025-09-30', 50.00, 50.00, NULL, 92, 0, 0),
(94, 100, 4, 2025, 9, '2025-09-30', 50.00, 50.00, NULL, 93, 0, 0),
(95, 101, 4, 2025, 9, '2025-09-30', 50.00, 50.00, NULL, 94, 0, 0),
(96, 102, 4, 2025, 9, '2025-09-30', 50.00, 50.00, NULL, 95, 0, 0),
(97, 103, 4, 2025, 9, '2025-09-30', 50.00, 50.00, NULL, 96, 0, 0),
(98, 104, 4, 2025, 9, '2025-09-30', 50.00, 50.00, NULL, 97, 0, 0),
(99, 105, 4, 2025, 9, '2025-09-30', 50.00, 50.00, NULL, 98, 0, 0),
(100, 106, 4, 2025, 9, '2025-09-30', 50.00, 50.00, NULL, 99, 0, 0),
(101, 107, 4, 2025, 9, '2025-09-30', 50.00, 50.00, NULL, 100, 0, 0),
(102, 108, 4, 2025, 9, '2025-09-30', 50.00, 50.00, NULL, 101, 0, 0),
(103, 109, 4, 2025, 9, '2025-09-30', 50.00, 50.00, NULL, 102, 0, 0),
(104, 110, 4, 2025, 9, '2025-09-30', 50.00, 50.00, NULL, 103, 0, 0),
(105, 111, 4, 2025, 9, '2025-09-30', 50.00, 50.00, NULL, 104, 0, 0),
(106, 112, 4, 2025, 9, '2025-09-30', 50.00, 50.00, NULL, 105, 0, 0),
(107, 113, 4, 2025, 9, '2025-09-30', 50.00, 50.00, NULL, 106, 0, 0),
(108, 114, 4, 2025, 9, '2025-09-30', 50.00, 50.00, NULL, 107, 0, 0),
(109, 115, 4, 2025, 9, '2025-09-30', 50.00, 50.00, NULL, 108, 0, 0),
(110, 116, 4, 2025, 9, '2025-09-30', 50.00, 50.00, NULL, 109, 0, 0),
(111, 117, 4, 2025, 9, '2025-09-30', 50.00, 50.00, NULL, 110, 0, 0),
(112, 118, 4, 2025, 9, '2025-09-30', 50.00, 50.00, NULL, 111, 0, 0),
(113, 119, 4, 2025, 9, '2025-09-30', 50.00, 50.00, NULL, 112, 0, 0),
(114, 120, 4, 2025, 9, '2025-09-30', 50.00, 50.00, NULL, 113, 0, 0),
(115, 121, 4, 2025, 9, '2025-09-30', 50.00, 50.00, NULL, 114, 0, 0),
(116, 122, 4, 2025, 9, '2025-09-30', 50.00, 50.00, NULL, 115, 0, 0),
(117, 123, 4, 2025, 9, '2025-09-30', 50.00, 50.00, NULL, 116, 0, 0),
(118, 124, 4, 2025, 9, '2025-09-30', 50.00, 50.00, NULL, 117, 0, 0),
(119, 125, 4, 2025, 9, '2025-09-30', 50.00, 50.00, NULL, 118, 0, 0),
(120, 126, 4, 2025, 9, '2025-09-30', 50.00, 50.00, NULL, 119, 0, 0),
(121, 127, 4, 2025, 9, '2025-09-30', 50.00, 50.00, NULL, 120, 0, 0),
(122, 128, 4, 2025, 9, '2025-09-30', 50.00, 50.00, NULL, 121, 0, 0),
(123, 129, 4, 2025, 9, '2025-09-30', 50.00, 50.00, NULL, 122, 0, 0),
(124, 130, 4, 2025, 9, '2025-09-30', 50.00, 50.00, NULL, 123, 0, 0),
(125, 131, 4, 2025, 9, '2025-09-30', 50.00, 50.00, NULL, 124, 0, 0),
(126, 132, 4, 2025, 9, '2025-09-30', 50.00, 50.00, NULL, 125, 0, 0),
(127, 133, 4, 2025, 9, '2025-09-30', 50.00, 50.00, NULL, 126, 0, 0),
(128, 134, 4, 2025, 9, '2025-09-30', 50.00, 50.00, NULL, 127, 0, 0),
(129, 135, 4, 2025, 9, '2025-09-30', 50.00, 50.00, NULL, 128, 0, 0),
(130, 137, 4, 2025, 9, '2025-09-30', 50.00, 50.00, NULL, 129, 0, 0),
(131, 139, 4, 2025, 9, '2025-09-30', 50.00, 50.00, NULL, 130, 0, 0),
(132, 140, 4, 2025, 9, '2025-09-30', 50.00, 50.00, NULL, 131, 0, 0),
(133, 141, 4, 2025, 9, '2025-09-30', 50.00, 50.00, NULL, 132, 0, 0),
(134, 142, 4, 2025, 9, '2025-09-30', 50.00, 50.00, NULL, 133, 0, 0),
(135, 143, 4, 2025, 9, '2025-09-30', 50.00, 50.00, NULL, 134, 0, 0),
(136, 144, 4, 2025, 9, '2025-09-30', 50.00, 50.00, NULL, 135, 0, 0),
(137, 145, 4, 2025, 9, '2025-09-30', 50.00, 50.00, NULL, 136, 0, 0),
(138, 146, 4, 2025, 9, '2025-09-30', 50.00, 50.00, NULL, 137, 0, 0),
(139, 147, 4, 2025, 9, '2025-09-30', 50.00, 50.00, NULL, 138, 0, 0),
(140, 148, 4, 2025, 9, '2025-09-30', 50.00, 50.00, NULL, 139, 0, 0),
(141, 149, 4, 2025, 9, '2025-09-30', 50.00, 50.00, NULL, 140, 0, 0),
(142, 150, 4, 2025, 9, '2025-09-30', 50.00, 50.00, NULL, 141, 0, 0),
(143, 151, 4, 2025, 9, '2025-09-30', 50.00, 50.00, NULL, 142, 0, 0),
(144, 152, 4, 2025, 9, '2025-09-30', 50.00, 50.00, NULL, 143, 0, 0),
(145, 153, 4, 2025, 9, '2025-09-30', 50.00, 50.00, NULL, 144, 0, 0),
(146, 154, 4, 2025, 9, '2025-09-30', 50.00, 50.00, NULL, 145, 0, 0),
(147, 155, 4, 2025, 9, '2025-09-30', 50.00, 50.00, NULL, 146, 0, 0),
(148, 156, 4, 2025, 9, '2025-09-30', 50.00, 50.00, NULL, 147, 0, 0),
(149, 157, 4, 2025, 9, '2025-09-30', 50.00, 50.00, NULL, 149, 0, 0),
(150, 158, 4, 2025, 9, '2025-09-30', 50.00, 50.00, NULL, 150, 0, 0),
(151, 159, 4, 2025, 9, '2025-09-30', 50.00, 50.00, NULL, 151, 0, 0),
(152, 160, 4, 2025, 9, '2025-09-30', 50.00, 50.00, NULL, 152, 0, 0),
(153, 161, 4, 2025, 9, '2025-09-30', 50.00, 50.00, NULL, 153, 0, 0),
(154, 162, 4, 2025, 9, '2025-09-30', 50.00, 50.00, NULL, 154, 0, 0),
(155, 163, 5, 2025, 9, '2025-09-30', 30.00, 30.00, NULL, 155, 0, 0),
(156, 164, 5, 2025, 9, '2025-09-30', 30.00, 30.00, NULL, 156, 0, 0),
(157, 165, 5, 2025, 9, '2025-09-30', 30.00, 30.00, NULL, 157, 0, 0);

-- --------------------------------------------------------

--
-- Estructura de tabla para la tabla `correlativos`
--

CREATE TABLE `correlativos` (
  `id_correlativo` int(11) NOT NULL,
  `correlativo_b` int(11) NOT NULL,
  `correlativo_f` int(11) NOT NULL,
  `correlativo_in` int(11) NOT NULL,
  `correlativo_out` int(11) NOT NULL,
  `correlativo_nc` int(11) NOT NULL,
  `correlativo_nd` int(11) NOT NULL,
  `correlativo_venta` int(11) NOT NULL
) ENGINE=InnoDB DEFAULT CHARSET=utf8mb3 COLLATE=utf8mb3_spanish_ci;

--
-- Volcado de datos para la tabla `correlativos`
--

INSERT INTO `correlativos` (`id_correlativo`, `correlativo_b`, `correlativo_f`, `correlativo_in`, `correlativo_out`, `correlativo_nc`, `correlativo_nd`, `correlativo_venta`) VALUES
(1, 6, 3, 100081, 100166, 2, 1, 100048);

-- --------------------------------------------------------

--
-- Estructura de tabla para la tabla `egresos`
--

CREATE TABLE `egresos` (
  `id_egreso` int(11) NOT NULL,
  `id_usuario` int(11) NOT NULL,
  `egreso_descripcion` varchar(500) NOT NULL,
  `egreso_monto` float(10,2) NOT NULL,
  `egreso_estado` tinyint(1) NOT NULL,
  `egreso_fecha_registro` datetime NOT NULL
) ENGINE=InnoDB DEFAULT CHARSET=utf8mb3 COLLATE=utf8mb3_spanish_ci;

-- --------------------------------------------------------

--
-- Estructura de tabla para la tabla `empresa`
--

CREATE TABLE `empresa` (
  `id_empresa` int(11) NOT NULL,
  `empresa_razon_social` varchar(200) NOT NULL,
  `empresa_nombrecomercial` varchar(250) NOT NULL,
  `empresa_descripcion` varchar(200) DEFAULT NULL,
  `empresa_ruc` varchar(20) NOT NULL,
  `empresa_domiciliofiscal` varchar(200) DEFAULT NULL,
  `empresa_pais` varchar(30) DEFAULT NULL,
  `empresa_departamento` varchar(30) DEFAULT NULL,
  `empresa_provincia` varchar(50) DEFAULT NULL,
  `empresa_distrito` varchar(50) DEFAULT NULL,
  `empresa_ubigeo` varchar(20) DEFAULT NULL,
  `empresa_telefono1` varchar(20) DEFAULT NULL,
  `empresa_telefono2` varchar(20) DEFAULT NULL,
  `empresa_celular1` varchar(20) DEFAULT NULL,
  `empresa_celular2` varchar(20) DEFAULT NULL,
  `empresa_foto` varchar(250) DEFAULT NULL,
  `empresa_correo` varchar(150) DEFAULT NULL,
  `empresa_usuario_sol` varchar(50) NOT NULL,
  `empresa_clave_sol` varchar(50) NOT NULL,
  `empresa_fechayhora` datetime NOT NULL DEFAULT current_timestamp(),
  `empresa_estado` tinyint(4) NOT NULL DEFAULT 1
) ENGINE=InnoDB DEFAULT CHARSET=utf8mb3 COLLATE=utf8mb3_unicode_ci;

--
-- Volcado de datos para la tabla `empresa`
--

INSERT INTO `empresa` (`id_empresa`, `empresa_razon_social`, `empresa_nombrecomercial`, `empresa_descripcion`, `empresa_ruc`, `empresa_domiciliofiscal`, `empresa_pais`, `empresa_departamento`, `empresa_provincia`, `empresa_distrito`, `empresa_ubigeo`, `empresa_telefono1`, `empresa_telefono2`, `empresa_celular1`, `empresa_celular2`, `empresa_foto`, `empresa_correo`, `empresa_usuario_sol`, `empresa_clave_sol`, `empresa_fechayhora`, `empresa_estado`) VALUES
(1, 'CAMARA DE COMERCIO IND Y TURIS DE LORETO', 'CAMARA DE COMERCIO INDUSTRIA Y TURISMO DE LORETO', NULL, '20162270134', 'CAL.HUALLAGA NRO. 311 (TERCER PISO) LORETO - MAYNAS - IQUITOS', 'PE', 'LORETO', 'MAYNAS', 'IQUITOS', '160101', NULL, NULL, '', NULL, NULL, NULL, 'CCLBUFEO', 'CCLBufeo1', '2022-01-27 17:16:47', 1);

-- --------------------------------------------------------

--
-- Estructura de tabla para la tabla `envio_resumen`
--

CREATE TABLE `envio_resumen` (
  `id_envio_resumen` int(11) NOT NULL,
  `id_empresa` int(11) NOT NULL DEFAULT 1,
  `envio_resumen_fecha` date NOT NULL,
  `envio_resumen_serie` varchar(20) NOT NULL,
  `envio_resumen_correlativo` varchar(20) NOT NULL,
  `envio_resumen_nombreXML` varchar(200) DEFAULT NULL,
  `envio_resumen_nombreCDR` varchar(200) DEFAULT NULL,
  `envio_resumen_estado` tinyint(4) NOT NULL DEFAULT 0,
  `envio_resumen_estadosunat` varchar(2000) DEFAULT NULL,
  `envio_resumen_estadosunat_consulta` varchar(2000) DEFAULT NULL,
  `envio_resumen_ticket` varchar(100) NOT NULL,
  `envio_sunat_datetime` datetime NOT NULL DEFAULT current_timestamp()
) ENGINE=InnoDB DEFAULT CHARSET=latin1 COLLATE=latin1_swedish_ci;

-- --------------------------------------------------------

--
-- Estructura de tabla para la tabla `envio_resumen_detalle`
--

CREATE TABLE `envio_resumen_detalle` (
  `id_envio_resumen_detalle` int(11) NOT NULL,
  `id_envio_resumen` int(11) NOT NULL,
  `id_venta` int(11) NOT NULL,
  `envio_resumen_detalle_condicion` tinyint(4) NOT NULL COMMENT '1-Creacion, 2-Actualizacion, 3-Baja'
) ENGINE=InnoDB DEFAULT CHARSET=latin1 COLLATE=latin1_swedish_ci;

-- --------------------------------------------------------

--
-- Estructura de tabla para la tabla `grupos`
--

CREATE TABLE `grupos` (
  `id_grupo` int(11) NOT NULL,
  `grupo_nombre` varchar(20) NOT NULL,
  `grupo_icono` varchar(100) NOT NULL,
  `grupo_orden` int(11) NOT NULL,
  `grupo_mostrar` int(11) NOT NULL,
  `grupo_estado` int(11) NOT NULL
) ENGINE=InnoDB DEFAULT CHARSET=utf8mb4 COLLATE=utf8mb4_unicode_ci;

--
-- Volcado de datos para la tabla `grupos`
--

INSERT INTO `grupos` (`id_grupo`, `grupo_nombre`, `grupo_icono`, `grupo_orden`, `grupo_mostrar`, `grupo_estado`) VALUES
(1, 'Configuración', 'fa-solid fa-gear', 1, 1, 1),
(2, 'Generales', 'fa fa-tasks', 3, 1, 1),
(3, 'Asociados', 'fa fa-users', 3, 1, 1),
(4, 'Facturacion', 'fa fa-bolt', 5, 1, 1),
(5, 'Atenciones', 'fa fa-book', 6, 1, 1),
(6, 'Reporte', 'fa fa-retweet', 7, 1, 1);

-- --------------------------------------------------------

--
-- Estructura de tabla para la tabla `igv`
--

CREATE TABLE `igv` (
  `id_igv` int(11) NOT NULL,
  `igv_codigo` varchar(50) NOT NULL,
  `igv_codigoafectacion` varchar(10) NOT NULL DEFAULT '10',
  `igv_descripcion` varchar(100) NOT NULL,
  `igv_codigoInternacional` varchar(50) NOT NULL,
  `igv_nombre` varchar(50) NOT NULL,
  `igv_tipodeafectacion` varchar(100) NOT NULL,
  `igv_tipo_json` tinyint(4) NOT NULL,
  `igv_estado` tinyint(4) NOT NULL DEFAULT 1
) ENGINE=InnoDB DEFAULT CHARSET=utf8mb3 COLLATE=utf8mb3_spanish_ci;

--
-- Volcado de datos para la tabla `igv`
--

INSERT INTO `igv` (`id_igv`, `igv_codigo`, `igv_codigoafectacion`, `igv_descripcion`, `igv_codigoInternacional`, `igv_nombre`, `igv_tipodeafectacion`, `igv_tipo_json`, `igv_estado`) VALUES
(1, '1000', '10', 'IGV Impuesto General a las Ventas', 'VAT', 'IGV', 'Gravado - Operación Onerosa', 1, 1),
(2, '9998', '30', 'Inafecta', 'FRE', 'INA', 'Inafecto - Operación Onerosa', 9, 1),
(3, '9997', '20', 'Exonerado', 'VAT', 'EXO', 'Exonerado - Operación Onerosa', 8, 1),
(4, '9996', '11', 'Gratuito', 'FRE', 'GRA', '[Gratuita] Gravado - Retiro por premio', 2, 1),
(5, '9996', '12', 'Gratuito', 'FRE', 'GRA', '[Gratuita] Gravado - Retiro por donación', 3, 1),
(6, '9996', '13', 'Gratuito', 'FRE', 'GRA', '[Gratuita] Gravado - Retiro', 4, 1),
(7, '9996', '14', 'Gratuito', 'FRE', 'GRA', '[Gratuita] Gravado - Retiro por publicidad', 5, 1),
(8, '9996', '15', 'Gratuito', 'FRE', 'GRA', '[Gratuita] Gravado - Bonificaciones', 6, 1),
(9, '9996', '16', 'Gratuito', 'FRE', 'GRA', '[Gratuita] Gravado - Retiro por entrega a trabajadores', 7, 1),
(10, '1016', '17', 'Impuesto a la Venta Arroz Pilado', 'VAT', 'IVAP', 'Gravado - IVAP', 17, 1),
(11, '9996', '21', 'Gratuita', 'FRE', 'GRA', '[Gratuita] Exonerado - Transferencia gratuita', 0, 0),
(12, '9996', '31', 'Gratuito', 'FRE', 'GRA', '[Gratuita] Inafecta - Retiro por Bonificación', 10, 1),
(13, '9996', '32', 'Gratuito', 'FRE', 'GRA', '[Gratuita] Inafecto - Retiro', 11, 1),
(14, '9996', '33', 'Gratuito', 'FRE', 'GRA', '[Gratuita] Inafecto - Retiro por Muestras Médicas', 12, 1),
(15, '9996', '34', 'Gratuito', 'FRE', 'GRA', '[Gratuita] Inafecto - Retiro por Convenio Colectivo', 13, 1),
(16, '9996', '35', 'Gratuito', 'FRE', 'GRA', '[Gratuita] Inafecto - Retiro por premio', 14, 1),
(17, '9996', '36', 'Gratuito', 'FRE', 'GRA', '[Gratuita] Inafecto - Retiro por publicidad', 15, 1),
(18, '9996', '37', 'Gratuito', 'FRE', 'GRA', '[Gratuita] Inafecto - Transferencia gratuita', 0, 0),
(19, '9995', '40', 'Exportación', 'FRE', 'EXP', 'Exportación de Bienes o Servicios', 16, 1),
(20, '9996', '17', 'Gratuito', 'FRE', 'GRA', '[Gratuita] Gravado - IVAP', 101, 1);

-- --------------------------------------------------------

--
-- Estructura de tabla para la tabla `medida`
--

CREATE TABLE `medida` (
  `id_medida` int(11) NOT NULL,
  `medida_codigo_unidad` varchar(100) NOT NULL,
  `medida_nombre` varchar(200) DEFAULT NULL,
  `medida_activo` int(11) NOT NULL
) ENGINE=InnoDB DEFAULT CHARSET=utf8mb3 COLLATE=utf8mb3_spanish_ci;

--
-- Volcado de datos para la tabla `medida`
--

INSERT INTO `medida` (`id_medida`, `medida_codigo_unidad`, `medida_nombre`, `medida_activo`) VALUES
(1, '4A', 'BOBINAS                                           ', 0),
(2, 'BJ', 'BALDE                                             ', 0),
(3, 'BLL', 'BARRILES                                          ', 0),
(4, 'BG', 'BOLSA                                             ', 1),
(5, 'BO', 'BOTELLAS                                          ', 1),
(6, 'BX', 'CAJA                                              ', 1),
(7, 'CT', 'CARTONES                                          ', 0),
(8, 'CMK', 'CENTIMETRO CUADRADO                               ', 0),
(9, 'CMQ', 'CENTIMETRO CUBICO                                 ', 0),
(10, 'CMT', 'CENTIMETRO LINEAL                                 ', 0),
(11, 'CEN', 'CIENTO DE UNIDADES                                ', 0),
(12, 'CY', 'CILINDRO                                          ', 0),
(13, 'CJ', 'CONOS                                             ', 1),
(14, 'DZN', 'DOCENA                                            ', 0),
(15, 'DZP', 'DOCENA POR 10**6                                  ', 0),
(16, 'BE', 'FARDO                                             ', 0),
(17, 'GLI', 'GALON INGLES (4,545956L)', 0),
(18, 'GRM', 'GRAMO                                             ', 0),
(19, 'GRO', 'GRUESA                                            ', 0),
(20, 'HLT', 'HECTOLITRO                                        ', 0),
(21, 'LEF', 'HOJA                                              ', 0),
(22, 'SET', 'JUEGO                                             ', 0),
(23, 'KGM', 'KILOGRAMO                                         ', 0),
(24, 'KTM', 'KILOMETRO                                         ', 0),
(25, 'KWH', 'KILOVATIO HORA                                    ', 0),
(26, 'KT', 'KIT                                               ', 0),
(27, 'CA', 'LATAS                                             ', 0),
(28, 'LBR', 'LIBRAS                                            ', 0),
(29, 'LTR', 'LITRO                                             ', 1),
(30, 'MWH', 'MEGAWATT HORA                                     ', 0),
(31, 'MTR', 'METRO                                             ', 1),
(32, 'MTK', 'METRO CUADRADO                                    ', 0),
(33, 'MTQ', 'METRO CUBICO                                      ', 0),
(34, 'MGM', 'MILIGRAMOS                                        ', 0),
(35, 'MLT', 'MILILITRO                                         ', 0),
(36, 'MMT', 'MILIMETRO                                         ', 0),
(37, 'MMK', 'MILIMETRO CUADRADO                                ', 0),
(38, 'MMQ', 'MILIMETRO CUBICO                                  ', 0),
(39, 'MLL', 'MILLARES                                          ', 0),
(40, 'UM', 'MILLON DE UNIDADES                                ', 0),
(41, 'ONZ', 'ONZAS                                             ', 0),
(42, 'PF', 'PALETAS                                           ', 0),
(43, 'PK', 'PAQUETE                                           ', 0),
(44, 'PR', 'PAR                                               ', 0),
(45, 'FOT', 'PIES                                              ', 0),
(46, 'FTK', 'PIES CUADRADOS                                    ', 0),
(47, 'FTQ', 'PIES CUBICOS                                      ', 0),
(48, 'C62', 'PIEZAS                                            ', 0),
(49, 'PG', 'PLACAS                                            ', 0),
(50, 'ST', 'PLIEGO                                            ', 0),
(51, 'INH', 'PULGADAS                                          ', 0),
(52, 'RM', 'RESMA                                             ', 0),
(53, 'DR', 'TAMBOR                                            ', 0),
(54, 'STN', 'TONELADA CORTA                                    ', 0),
(55, 'LTN', 'TONELADA LARGA                                    ', 0),
(56, 'TNE', 'TONELADAS                                         ', 0),
(57, 'TU', 'TUBOS                                             ', 0),
(58, 'NIU', 'UNIDAD (BIENES)                                   ', 1),
(59, 'ZZ', 'UNIDAD (SERVICIOS) ', 1),
(60, 'GLL', 'US GALON (3,7843 L)', 0),
(61, 'YRD', 'YARDA                                             ', 0),
(62, 'YDK', 'YARDA CUADRADA                                    ', 0);

-- --------------------------------------------------------

--
-- Estructura de tabla para la tabla `menus`
--

CREATE TABLE `menus` (
  `id_menu` int(11) NOT NULL,
  `id_grupo` int(11) NOT NULL,
  `menu_nombre` varchar(20) NOT NULL,
  `menu_controlador` varchar(20) NOT NULL,
  `menu_icono` varchar(30) NOT NULL,
  `menu_orden` int(11) NOT NULL,
  `menu_mostrar` tinyint(1) NOT NULL,
  `menu_estado` tinyint(1) NOT NULL
) ENGINE=InnoDB DEFAULT CHARSET=utf8mb3 COLLATE=utf8mb3_unicode_ci;

--
-- Volcado de datos para la tabla `menus`
--

INSERT INTO `menus` (`id_menu`, `id_grupo`, `menu_nombre`, `menu_controlador`, `menu_icono`, `menu_orden`, `menu_mostrar`, `menu_estado`) VALUES
(1, 1, 'Login', 'Login', '-', 0, 0, 1),
(2, 1, 'Panel de Inicio', 'Admin', 'fa fa-dashboard', 1, 0, 1),
(3, 1, 'Gestión de Menu', 'Menu', 'fa fa-desktop', 2, 1, 1),
(4, 1, 'Roles de Usuario', 'Rol', 'fa fa-user-secret', 4, 1, 1),
(5, 1, 'Usuarios', 'Usuario', 'fa fa-user', 5, 1, 1),
(6, 1, 'Datos Personales', 'Datos', 'fa fa-', 0, 0, 1),
(7, 2, 'Servicios', 'Servicios', 'fa fa-star', 1, 1, 1),
(8, 2, 'Categorias', 'Categorias', 'fa fa-tags', 2, 1, 1),
(9, 3, 'Socios', 'Socios', 'fa fa-user-plus', 1, 1, 1),
(10, 4, 'Ventas', 'Ventas', 'fa fa-external-link-square', 1, 1, 1),
(11, 4, 'Gestión de Cobranza', 'Cobranza', 'fa fa-laptop', 5, 1, 1),
(12, 3, 'Clientes', 'Clientes', 'fa fa-users', 2, 1, 1),
(13, 2, 'Beneficios', 'Beneficios', 'fa fa-code-fork', 2, 1, 1),
(14, 5, 'Gestion Horario', 'Atencion', 'fa fa-book', 1, 1, 1),
(15, 5, 'Eventos', 'Evento', 'fa fa-bullhorn', 2, 1, 1),
(16, 6, 'Ver Reporte', 'Reporte', 'fa fa-bullhorn', 1, 1, 1);

-- --------------------------------------------------------

--
-- Estructura de tabla para la tabla `monedas`
--

CREATE TABLE `monedas` (
  `id_moneda` int(11) NOT NULL,
  `moneda` varchar(50) NOT NULL,
  `abreviado` varchar(10) NOT NULL,
  `abrstandar` varchar(10) NOT NULL,
  `simbolo` varchar(3) NOT NULL,
  `activo` char(1) NOT NULL
) ENGINE=InnoDB DEFAULT CHARSET=utf8mb3 COLLATE=utf8mb3_spanish_ci;

--
-- Volcado de datos para la tabla `monedas`
--

INSERT INTO `monedas` (`id_moneda`, `moneda`, `abreviado`, `abrstandar`, `simbolo`, `activo`) VALUES
(1, 'soles', 'sol', 'PEN', 'S/', '1'),
(2, 'dólares', 'dol', 'USD', '$', '1'),
(3, 'euros', 'eur', 'EUR', 'E', '1');

-- --------------------------------------------------------

--
-- Estructura de tabla para la tabla `opciones`
--

CREATE TABLE `opciones` (
  `id_opcion` int(11) NOT NULL,
  `id_menu` int(11) NOT NULL,
  `opcion_nombre` varchar(30) NOT NULL,
  `opcion_funcion` varchar(35) NOT NULL,
  `opcion_icono` char(20) DEFAULT NULL,
  `opcion_mostrar` tinyint(1) NOT NULL,
  `opcion_orden` int(11) NOT NULL,
  `opcion_estado` tinyint(1) NOT NULL
) ENGINE=InnoDB DEFAULT CHARSET=utf8mb3 COLLATE=utf8mb3_unicode_ci;

--
-- Volcado de datos para la tabla `opciones`
--

INSERT INTO `opciones` (`id_opcion`, `id_menu`, `opcion_nombre`, `opcion_funcion`, `opcion_icono`, `opcion_mostrar`, `opcion_orden`, `opcion_estado`) VALUES
(1, 1, 'Inicio de Sesion', 'inicio', '-', 0, 0, 1),
(2, 2, 'Inicio', 'inicio', 'fa fa-play', 1, 1, 1),
(3, 2, 'Cerrar Sesión', 'finalizar_sesion', 'fa fa-sign-out', 0, 1, 1),
(4, 3, 'Gestionar Menús', 'inicio', NULL, 1, 1, 1),
(5, 3, 'Iconos', 'iconos', NULL, 1, 2, 1),
(6, 3, 'Accesos por Rol', 'roles', NULL, 0, 0, 1),
(7, 3, 'Opciones por Menú', 'opciones', NULL, 0, 0, 1),
(8, 3, 'Gestionar Permisos(breve)', 'gestion_permisos', '', 0, 0, 1),
(9, 4, 'Gestionar Roles', 'inicio', '', 1, 1, 1),
(10, 4, 'Accesos por Rol', 'accesos', '', 0, 0, 1),
(11, 3, 'Gestionar Restricciones(breve)', 'gestion_restricciones', '', 0, 0, 1),
(12, 5, 'Gestionar Usuarios', 'inicio', '', 1, 1, 1),
(13, 6, 'Editar Datos', 'editar_datos', '', 0, 0, 1),
(14, 6, 'Editar Usuario', 'editar_usuario', '', 0, 0, 1),
(15, 6, 'Cambiar Contraseña', 'cambiar_contrasenha', '', 0, 0, 1),
(16, 3, 'Agrupaciones', 'agrupaciones', '', 1, 3, 1),
(17, 7, 'Ver Servicios', 'servicios', '', 1, 1, 1),
(18, 8, 'Ver categorías', 'categorias', '', 1, 1, 1),
(19, 9, 'Afiliación', 'afiliacion', '', 1, 1, 1),
(20, 9, 'Listar Socio', 'vista_afiliacion', '', 1, 2, 1),
(21, 9, 'Generar PDF Soc', 'generarpdf', '', 0, 3, 1),
(22, 9, 'detalle socio', 'vista_detalle_afiliacion_socio', '', 0, 3, 1),
(23, 10, 'Realizar Venta', 'vista_realizar_venta', '', 0, 1, 1),
(24, 10, 'tabla_productos_html', 'tabla_productos_html', '', 0, 2, 1),
(25, 10, 'Listar Ventas', 'vista_ver_ventas', '', 1, 3, 1),
(26, 10, 'imprimir_ticket_pdf', 'imprimir_ticket_pdf', '', 0, 4, 1),
(27, 10, 'imprimir_ticket_pdf_A4', 'imprimir_ticket_pdf_a4', '', 0, 5, 1),
(28, 11, 'Generar Cobranza Masiva', 'cobranza', '', 1, 1, 1),
(29, 10, 'Listar Ventas SUNAT', 'vista_ver_ventas_sunat', NULL, 1, 3, 1),
(30, 10, 'Listar Ventas Anuladas', 'vista_ver_ventas_anulados', NULL, 1, 5, 1),
(31, 10, 'Notas', 'vista_realizar_nota', NULL, 0, 6, 1),
(32, 10, 'Detalle Venta', 'vista_detalleventa', NULL, 0, 5, 1),
(33, 12, 'Listar Clientes', 'vista_cliente', NULL, 1, 1, 1),
(34, 13, 'Ver Beneficios', 'vista_beneficios', NULL, 1, 1, 1),
(35, 13, 'detallebeneficio', 'vista_detallebeneficios', NULL, 0, 2, 1),
(36, 13, 'Uso Beneficio', 'vista_usobeneficios', NULL, 0, 2, 1),
(37, 9, 'Detalle Uso Beneficios', 'vista_detalle_beneficiousuo_socio', NULL, 0, 4, 1),
(38, 14, 'Lista de Atenciones', 'vista_listaratenciones', NULL, 1, 1, 1),
(39, 15, 'Listar Eventos', 'vista_listareventos', NULL, 1, 1, 1),
(40, 11, 'Consultar Cobros', 'listar', '', 1, 2, 1),
(41, 16, 'Listar Reportes', 'vista_listarareporte', NULL, 1, 1, 1),
(42, 15, 'AgregarEventos', 'vista_listareventosasist', '', 0, 2, 1);

-- --------------------------------------------------------

--
-- Estructura de tabla para la tabla `pagos`
--

CREATE TABLE `pagos` (
  `id_pago` int(11) NOT NULL,
  `id_cobranza` int(11) DEFAULT NULL,
  `pago_tipo` varchar(150) DEFAULT NULL,
  `pago_comprobante_imagen` varchar(500) DEFAULT NULL,
  `pago_comprobante_comentario` varchar(500) DEFAULT NULL,
  `pago_monto` decimal(10,2) NOT NULL,
  `pago_fecha` date NOT NULL,
  `pago_estado` tinyint(1) NOT NULL
) ENGINE=InnoDB DEFAULT CHARSET=utf8mb4 COLLATE=utf8mb4_unicode_ci;

-- --------------------------------------------------------

--
-- Estructura de tabla para la tabla `permisos`
--

CREATE TABLE `permisos` (
  `id_permiso` int(11) NOT NULL,
  `id_opcion` int(11) NOT NULL,
  `permiso_accion` varchar(30) NOT NULL,
  `permiso_estado` tinyint(1) NOT NULL
) ENGINE=InnoDB DEFAULT CHARSET=utf8mb3 COLLATE=utf8mb3_unicode_ci;

--
-- Volcado de datos para la tabla `permisos`
--

INSERT INTO `permisos` (`id_permiso`, `id_opcion`, `permiso_accion`, `permiso_estado`) VALUES
(1, 1, 'validar_sesion', 1),
(2, 4, 'guardar_menu', 1),
(3, 6, 'configurar_relacion', 1),
(4, 7, 'guardar_opcion', 1),
(5, 7, 'agregar_permiso', 1),
(6, 7, 'eliminar_permiso', 1),
(7, 7, 'configurar_acceso', 1),
(8, 9, 'guardar_rol', 1),
(9, 10, 'gestionar_acceso_rol', 1),
(10, 12, 'guardar_nuevo_usuario', 1),
(11, 12, 'guardar_edicion_usuario', 1),
(12, 12, 'guardar_edicion_persona', 1),
(13, 12, 'restablecer_contrasenha', 1),
(14, 13, 'guardar_datos', 1),
(15, 14, 'guardar_usuario', 1),
(16, 15, 'guardar_contrasenha', 1),
(17, 16, 'guardar_grupo', 1),
(18, 16, 'agregar_permisos_grupo', 1),
(19, 16, 'eliminar_permisos_grupo', 1),
(20, 17, 'guardar_servicio', 1),
(21, 18, 'guardar_categoria', 1),
(22, 19, 'rubro_por_sector', 1),
(23, 19, 'listar_categoria_select', 1),
(26, 20, 'vista_afiliacion', 1),
(27, 19, 'guardar_socio', 1),
(28, 20, 'vista_detalle_afiliacion_socio', 1),
(30, 23, 'vista_realizar_venta', 1),
(31, 23, 'consultar_serie', 1),
(34, 24, 'tabla_productos_html', 1),
(35, 23, 'guardar_venta', 1),
(36, 25, 'vista_ver_ventas', 1),
(37, 23, 'crear_xml_enviar_sunat', 1),
(40, 25, 'imprimir_ticket_pdf_a4', 1),
(41, 26, 'imprimir_ticket_pdf_a4', 1),
(42, 23, 'crear_tiket', 1),
(43, 27, 'imprimir_ticket_pdf_a4', 1),
(44, 20, 'obtener_datos_x_ruc', 1),
(45, 28, 'generar_cobranza', 1),
(46, 25, 'comunicacion_baja', 1),
(47, 17, 'buscar_servicio_nombreycodigo', 1),
(48, 31, 'consultar_serie_nota', 1),
(49, 31, 'tipo_nota_descripcion', 1),
(50, 31, 'tipo_nota_descripcion', 1),
(51, 33, 'obtener_datos_x_numdocumento', 1),
(52, 34, 'vista_beneficios', 1),
(53, 35, 'vista_detallebeneficios', 1),
(54, 35, 'guardar_categoriabeneficio', 1),
(55, 35, 'eliminar_categoriabeneficio', 1),
(56, 34, 'guardar_beneficio', 1),
(57, 34, 'eliminar_beneficio', 1),
(58, 34, 'listar_categoriaben_select', 1),
(59, 36, 'guardar_beneficiouso', 1),
(60, 36, 'eliminar_beneficiouso', 1),
(61, 38, 'vista_listaratenciones', 1),
(62, 38, 'guardar_atencion', 1),
(63, 38, 'eliminar_atencion', 1),
(64, 18, 'listar_categoria_select', 1),
(65, 28, 'actualizar_cobrito', 1),
(66, 39, 'vista_listareventos', 1),
(67, 39, 'guardar_eventoasit', 1),
(68, 39, 'eliminar_eventoasit', 1),
(69, 42, 'vista_listareventosasist', 1),
(70, 39, 'vista_listareventosasit', 1);

-- --------------------------------------------------------

--
-- Estructura de tabla para la tabla `personas`
--

CREATE TABLE `personas` (
  `id_persona` int(11) NOT NULL,
  `persona_nombre` varchar(100) NOT NULL,
  `persona_apellido_paterno` varchar(30) NOT NULL,
  `persona_apellido_materno` varchar(30) DEFAULT NULL,
  `persona_nacimiento` date DEFAULT NULL,
  `persona_telefono` char(15) DEFAULT NULL,
  `persona_creacion` datetime NOT NULL,
  `persona_modificacion` datetime NOT NULL,
  `person_codigo` varchar(40) NOT NULL
) ENGINE=InnoDB DEFAULT CHARSET=utf8mb3 COLLATE=utf8mb3_unicode_ci;

--
-- Volcado de datos para la tabla `personas`
--

INSERT INTO `personas` (`id_persona`, `persona_nombre`, `persona_apellido_paterno`, `persona_apellido_materno`, `persona_nacimiento`, `persona_telefono`, `persona_creacion`, `persona_modificacion`, `person_codigo`) VALUES
(1, 'César José', 'Ruiz', NULL, NULL, NULL, '2020-09-17 00:00:00', '2020-09-17 00:00:00', '010101010101'),
(2, 'Carlos', 'Melendez', 'Bernuy', '1996-06-14', '965874123', '2020-10-27 18:29:10', '2020-10-27 18:29:10', '1603841350.1786');

-- --------------------------------------------------------

--
-- Estructura de tabla para la tabla `restricciones`
--

CREATE TABLE `restricciones` (
  `id_restriccion` int(11) NOT NULL,
  `id_rol` int(11) NOT NULL,
  `id_opcion` int(11) NOT NULL
) ENGINE=InnoDB DEFAULT CHARSET=utf8mb3 COLLATE=utf8mb3_unicode_ci;

-- --------------------------------------------------------

--
-- Estructura de tabla para la tabla `roles`
--

CREATE TABLE `roles` (
  `id_rol` int(11) NOT NULL,
  `rol_nombre` char(20) NOT NULL,
  `rol_descripcion` varchar(100) NOT NULL,
  `rol_estado` tinyint(1) NOT NULL
) ENGINE=InnoDB DEFAULT CHARSET=utf8mb3 COLLATE=utf8mb3_unicode_ci;

--
-- Volcado de datos para la tabla `roles`
--

INSERT INTO `roles` (`id_rol`, `rol_nombre`, `rol_descripcion`, `rol_estado`) VALUES
(1, 'Libre', 'Accesos sin inicio de sesión', 1),
(2, 'SuperAdmin', 'Tiene acceso a la gestión total del sistema', 1),
(3, 'Admin', 'Gestión del sistema', 1),
(4, 'Vigilancia', 'Encargado de registrar la asistencia', 1);

-- --------------------------------------------------------

--
-- Estructura de tabla para la tabla `roles_grupos`
--

CREATE TABLE `roles_grupos` (
  `id_rol_grupo` int(11) NOT NULL,
  `id_rol` int(11) NOT NULL,
  `id_grupo` int(11) NOT NULL
) ENGINE=InnoDB DEFAULT CHARSET=utf8mb4 COLLATE=utf8mb4_unicode_ci;

--
-- Volcado de datos para la tabla `roles_grupos`
--

INSERT INTO `roles_grupos` (`id_rol_grupo`, `id_rol`, `id_grupo`) VALUES
(1, 2, 1),
(2, 2, 2),
(5, 2, 3),
(7, 2, 4),
(9, 2, 5),
(11, 2, 6),
(3, 3, 1),
(4, 3, 2),
(6, 3, 3),
(8, 3, 4),
(10, 3, 5),
(13, 4, 5);

-- --------------------------------------------------------

--
-- Estructura de tabla para la tabla `roles_menus`
--

CREATE TABLE `roles_menus` (
  `id_rol_menu` int(11) NOT NULL,
  `id_rol` int(11) NOT NULL,
  `id_menu` int(11) NOT NULL
) ENGINE=InnoDB DEFAULT CHARSET=utf8mb3 COLLATE=utf8mb3_unicode_ci;

--
-- Volcado de datos para la tabla `roles_menus`
--

INSERT INTO `roles_menus` (`id_rol_menu`, `id_rol`, `id_menu`) VALUES
(1, 1, 1),
(2, 2, 2),
(3, 2, 3),
(4, 2, 4),
(5, 2, 5),
(6, 3, 2),
(7, 3, 5),
(8, 2, 6),
(9, 3, 6),
(10, 2, 7),
(11, 3, 7),
(12, 2, 8),
(13, 3, 8),
(14, 2, 9),
(15, 3, 9),
(16, 2, 10),
(17, 3, 10),
(19, 2, 11),
(20, 3, 11),
(22, 2, 13),
(23, 3, 13),
(24, 4, 13),
(25, 2, 14),
(26, 3, 14),
(27, 4, 14),
(28, 2, 15),
(29, 3, 15),
(30, 2, 16),
(31, 3, 16);

-- --------------------------------------------------------

--
-- Estructura de tabla para la tabla `rubros`
--

CREATE TABLE `rubros` (
  `id_rubro` int(11) NOT NULL,
  `id_sector` int(11) NOT NULL,
  `rubro_nombre` varchar(150) NOT NULL
) ENGINE=InnoDB DEFAULT CHARSET=latin1 COLLATE=latin1_swedish_ci;

--
-- Volcado de datos para la tabla `rubros`
--

INSERT INTO `rubros` (`id_rubro`, `id_sector`, `rubro_nombre`) VALUES
(1, 1, 'Venta de ropa y calzado'),
(2, 1, 'Supermercado / Minimarket'),
(3, 1, 'Venta de repuestos'),
(4, 1, 'Comercio electrónico'),
(5, 2, 'Servicios contables'),
(6, 2, 'Consultoría empresarial'),
(7, 2, 'Publicidad y marketing'),
(8, 2, 'Servicios legales'),
(9, 3, 'Fabricación de alimentos'),
(10, 3, 'Fabricación de muebles'),
(11, 3, 'Textil y confecciones'),
(12, 3, 'Imprentas y gráfica'),
(13, 4, 'Agricultura orgánica'),
(14, 4, 'Pesca artesanal'),
(15, 4, 'Agroindustria'),
(16, 4, 'Ganadería'),
(17, 5, 'Minería metálica'),
(18, 5, 'Minería no metálica'),
(19, 6, 'Obras civiles'),
(20, 6, 'Acabados y remodelaciones'),
(21, 6, 'Venta de materiales de construcción'),
(22, 7, 'Entidades financieras'),
(23, 7, 'Cooperativas de ahorro'),
(24, 7, 'Corredores de seguros'),
(25, 8, 'Institución educativa'),
(26, 8, 'Centro de capacitación'),
(27, 8, 'Educación online'),
(28, 9, 'Clínica médica'),
(29, 9, 'Consultorio dental'),
(30, 9, 'Farmacia'),
(31, 10, 'Desarrollo de software'),
(32, 10, 'Servicios de soporte TI'),
(33, 10, 'Venta de equipos tecnológicos'),
(34, 11, 'Transporte de carga'),
(35, 11, 'Courier'),
(36, 11, 'Transporte de personal'),
(37, 12, 'Restaurante'),
(38, 12, 'Agencia de viajes'),
(39, 12, 'Hotel / Hospedaje'),
(40, 13, 'Municipalidades'),
(41, 13, 'Organismos públicos'),
(42, 13, 'Organizaciones sin fines de lucro');

-- --------------------------------------------------------

--
-- Estructura de tabla para la tabla `sectores`
--

CREATE TABLE `sectores` (
  `id_sector` int(11) NOT NULL,
  `sector_nombre` varchar(100) NOT NULL
) ENGINE=InnoDB DEFAULT CHARSET=latin1 COLLATE=latin1_swedish_ci;

--
-- Volcado de datos para la tabla `sectores`
--

INSERT INTO `sectores` (`id_sector`, `sector_nombre`) VALUES
(1, 'Comercio'),
(2, 'Servicios'),
(3, 'Industria'),
(4, 'Agricultura y Pesca'),
(5, 'Minería'),
(6, 'Construcción'),
(7, 'Finanzas y Seguros'),
(8, 'Educación'),
(9, 'Salud'),
(10, 'Tecnología'),
(11, 'Transporte y Logística'),
(12, 'Turismo y Gastronomía'),
(13, 'Gobierno y ONG');

-- --------------------------------------------------------

--
-- Estructura de tabla para la tabla `serie`
--

CREATE TABLE `serie` (
  `id_serie` int(11) NOT NULL,
  `nombrecomp` varchar(100) DEFAULT NULL,
  `tipocomp` char(2) DEFAULT NULL,
  `serie` varchar(8) DEFAULT NULL,
  `correlativo` int(11) DEFAULT NULL,
  `estado` tinyint(4) NOT NULL DEFAULT 1
) ENGINE=MyISAM DEFAULT CHARSET=latin1 COLLATE=latin1_swedish_ci ROW_FORMAT=FIXED;

--
-- Volcado de datos para la tabla `serie`
--

INSERT INTO `serie` (`id_serie`, `nombrecomp`, `tipocomp`, `serie`, `correlativo`, `estado`) VALUES
(1, 'Factura', '01', 'FA01', 157, 1),
(2, NULL, '01', 'F003', 0, 0),
(3, 'Boleta', '03', 'BL01', 0, 1),
(5, NULL, '07', 'FFN1', 2, 1),
(6, NULL, '07', 'BBN1', 0, 1),
(7, NULL, '08', 'FD01', 0, 1),
(8, NULL, '08', 'BD01', 0, 1),
(9, NULL, 'RC', '20240913', 0, 1),
(10, NULL, 'RA', '20250905', 26, 1),
(4, NULL, '03', 'B003', 0, 0);

-- --------------------------------------------------------

--
-- Estructura de tabla para la tabla `servicios`
--

CREATE TABLE `servicios` (
  `id_servicio` int(11) NOT NULL,
  `id_servicios_categoria` int(11) NOT NULL,
  `servicio_tipoafectacion` int(11) DEFAULT NULL,
  `servicio_idmedida` int(11) DEFAULT NULL,
  `servicio_nombre` varchar(100) NOT NULL,
  `servicio_descripcion` varchar(500) NOT NULL,
  `servicio_precio_normal` decimal(10,2) NOT NULL,
  `servicio_precio_socio` decimal(10,2) NOT NULL,
  `servicio_estado` tinyint(1) NOT NULL,
  `servicio_usuario` int(11) NOT NULL,
  `servicio_datetime` datetime NOT NULL
) ENGINE=InnoDB DEFAULT CHARSET=latin1 COLLATE=latin1_swedish_ci;

--
-- Volcado de datos para la tabla `servicios`
--

INSERT INTO `servicios` (`id_servicio`, `id_servicios_categoria`, `servicio_tipoafectacion`, `servicio_idmedida`, `servicio_nombre`, `servicio_descripcion`, `servicio_precio_normal`, `servicio_precio_socio`, `servicio_estado`, `servicio_usuario`, `servicio_datetime`) VALUES
(1, 3, 2, 59, 'CUOTA ORDINARIA', 'CUOTA ORDINARIA', 30.00, 30.00, 1, 1, '2025-08-05 11:43:35');

-- --------------------------------------------------------

--
-- Estructura de tabla para la tabla `servicios_categoria`
--

CREATE TABLE `servicios_categoria` (
  `id_servicio_categoria` int(11) NOT NULL,
  `servicio_categoria_nombre` varchar(200) NOT NULL,
  `servicio_categoria_estado` tinyint(1) NOT NULL,
  `servicio_categoria_datetime` datetime NOT NULL
) ENGINE=InnoDB DEFAULT CHARSET=latin1 COLLATE=latin1_swedish_ci;

--
-- Volcado de datos para la tabla `servicios_categoria`
--

INSERT INTO `servicios_categoria` (`id_servicio_categoria`, `servicio_categoria_nombre`, `servicio_categoria_estado`, `servicio_categoria_datetime`) VALUES
(2, 'ALQUILER', 1, '2025-08-05 00:00:00'),
(3, 'CUOTAS ORDINARIAS', 1, '2025-09-02 21:01:26');

-- --------------------------------------------------------

--
-- Estructura de tabla para la tabla `socio`
--

CREATE TABLE `socio` (
  `id_socio` int(11) NOT NULL,
  `socio_id_cliente` int(11) DEFAULT NULL,
  `socio_nombre_comercial` varchar(500) DEFAULT NULL,
  `socio_departamento` varchar(50) DEFAULT NULL,
  `socio_provincia` varchar(50) DEFAULT NULL,
  `socio_distrito` varchar(50) DEFAULT NULL,
  `socio_sector` int(11) DEFAULT NULL,
  `socio_rubro` int(11) DEFAULT NULL,
  `socio_fecha_fundacion` datetime DEFAULT NULL,
  `socio_descripcion_actividad` varchar(500) DEFAULT NULL,
  `socio_pagina_web` varchar(800) DEFAULT NULL,
  `socio_nombre_ejecutivo` varchar(500) DEFAULT NULL,
  `socio_cargo_ejecutivo` varchar(500) DEFAULT NULL,
  `socio_ornomastico` varchar(500) DEFAULT NULL,
  `socio_email_ejecutivo` varchar(500) DEFAULT NULL,
  `socio_id_categoria` int(11) DEFAULT NULL,
  `socio_tipo_pago` varchar(500) DEFAULT NULL,
  `socio_rutalogo` varchar(500) DEFAULT NULL,
  `socio_estado` int(11) DEFAULT 1,
  `socio_estado_facturacion` tinyint(1) NOT NULL DEFAULT 1,
  `socio_creacion` datetime DEFAULT NULL
) ENGINE=InnoDB DEFAULT CHARSET=utf8mb4 COLLATE=utf8mb4_unicode_ci;

--
-- Volcado de datos para la tabla `socio`
--

INSERT INTO `socio` (`id_socio`, `socio_id_cliente`, `socio_nombre_comercial`, `socio_departamento`, `socio_provincia`, `socio_distrito`, `socio_sector`, `socio_rubro`, `socio_fecha_fundacion`, `socio_descripcion_actividad`, `socio_pagina_web`, `socio_nombre_ejecutivo`, `socio_cargo_ejecutivo`, `socio_ornomastico`, `socio_email_ejecutivo`, `socio_id_categoria`, `socio_tipo_pago`, `socio_rutalogo`, `socio_estado`, `socio_estado_facturacion`, `socio_creacion`) VALUES
(1, 1, 'ORVISA S.A', 'LORETO', 'MAYNAS', 'PUNCHANA', NULL, NULL, NULL, NULL, NULL, NULL, NULL, NULL, NULL, 1, 'transferencia', NULL, 1, 0, '2025-09-03 10:18:33'),
(2, 2, 'HONDA SELVA DEL PERÚ S.A', 'LORETO', 'MAYNAS', 'SAN JUAN BAUTISTA', NULL, NULL, NULL, NULL, NULL, NULL, NULL, NULL, NULL, 1, 'transferencia', NULL, 1, 0, '2025-09-03 10:18:33'),
(3, 3, 'CAJA MUNICIPAL DE AHORRO Y CRÉDITO DE MAYNAS S.A', 'LORETO', 'MAYNAS', 'IQUITOS', NULL, NULL, NULL, NULL, NULL, NULL, NULL, NULL, NULL, 1, 'transferencia', NULL, 1, 1, '2025-09-03 10:18:33'),
(4, 4, 'ELECTRO ORIENTE S.A', 'LORETO', 'MAYNAS', 'IQUITOS', NULL, NULL, NULL, NULL, NULL, NULL, NULL, NULL, NULL, 1, 'transferencia', NULL, 1, 1, '2025-09-03 10:18:33'),
(5, 5, 'SAGA FALABELLA ORIENTE S.A.', 'UCAYALI', 'CORONEL PORTILLO', 'YARINACOCHA', NULL, NULL, NULL, NULL, NULL, NULL, NULL, NULL, NULL, 1, 'transferencia', NULL, 1, 0, '2025-09-03 10:18:33'),
(6, 6, 'BRUNNER BIENESTAR ECOLOGICO S.A.C', 'UCAYALI', 'CORONEL PORTILLO', 'CAMPOVERDE', NULL, NULL, NULL, NULL, NULL, NULL, NULL, NULL, NULL, 1, 'transferencia', NULL, 1, 1, '2025-09-03 10:18:33'),
(7, 7, 'PETROTAL PERU SRL', 'LIMA', 'LIMA', 'SAN ISIDRO', NULL, NULL, NULL, NULL, NULL, NULL, NULL, NULL, NULL, 1, 'transferencia', NULL, 1, 1, '2025-09-03 10:18:33'),
(8, 8, 'DISTRIBUIDORA CUMMINS PERÚ S.A', 'CALLAO', 'CALLAO', 'CALLAO', NULL, NULL, NULL, NULL, NULL, NULL, NULL, NULL, NULL, 2, 'transferencia', NULL, 1, 1, '2025-09-03 10:18:33'),
(9, 9, 'B Y V COMERCIALIZADORA SRL', 'LORETO', 'MAYNAS', 'IQUITOS', NULL, NULL, NULL, NULL, NULL, NULL, NULL, NULL, NULL, 2, 'transferencia', NULL, 1, 1, '2025-09-03 10:18:33'),
(10, 10, 'BANCO DE CRÉDITO DEL PERÚ', 'LIMA', 'LIMA', 'LA MOLINA', NULL, NULL, NULL, NULL, NULL, NULL, NULL, NULL, NULL, 2, 'transferencia', NULL, 1, 1, '2025-09-03 10:18:33'),
(11, 11, 'BANCO CENTRAL DE RESERVA DEL PERÚ', 'LIMA', 'LIMA', 'LIMA', NULL, NULL, NULL, NULL, NULL, NULL, NULL, NULL, NULL, 2, 'transferencia', NULL, 1, 1, '2025-09-03 10:18:33'),
(12, 12, 'CSM CORPORACIÓN ORIENTE S.A.C', 'LORETO', 'MAYNAS', 'IQUITOS', NULL, NULL, NULL, NULL, NULL, NULL, NULL, NULL, NULL, 2, 'transferencia', NULL, 1, 1, '2025-09-03 10:18:33'),
(13, 13, 'ARCA CONTINENTAL SELVA PERÚ', 'LORETO', 'MAYNAS', 'IQUITOS', NULL, NULL, NULL, NULL, NULL, NULL, NULL, NULL, NULL, 2, 'transferencia', NULL, 1, 1, '2025-09-03 10:18:33'),
(14, 14, 'ESTUDIO CONTABLE HM ESPINOZA S.C.R.L.', 'LORETO', 'MAYNAS', 'IQUITOS', NULL, NULL, NULL, NULL, NULL, NULL, NULL, NULL, NULL, 2, 'transferencia', NULL, 1, 1, '2025-09-03 10:18:33'),
(15, 15, 'HOTEL PLAZA S.A', 'LORETO', 'MAYNAS', 'IQUITOS', NULL, NULL, NULL, NULL, NULL, NULL, NULL, NULL, NULL, 2, 'transferencia', NULL, 1, 1, '2025-09-03 10:18:33'),
(16, 16, 'INVERSIONES MILENIUM S.A.C', 'LORETO', 'MAYNAS', 'IQUITOS', NULL, NULL, NULL, NULL, NULL, NULL, NULL, NULL, NULL, 2, 'transferencia', NULL, 1, 1, '2025-09-03 10:18:33'),
(17, 17, 'LA POSITIVA SEGUROS Y REASEGUROS', 'LIMA', 'LIMA', 'SAN ISIDRO', NULL, NULL, NULL, NULL, NULL, NULL, NULL, NULL, NULL, 2, 'transferencia', NULL, 1, 1, '2025-09-03 10:18:33'),
(18, 18, 'PETROLEOS DEL PERU - PETROPERU S.A', 'LIMA', 'LIMA', 'SAN ISIDRO', NULL, NULL, NULL, NULL, NULL, NULL, NULL, NULL, NULL, 2, 'transferencia', NULL, 1, 1, '2025-09-03 10:18:33'),
(19, 19, 'SOCOPUR S.A.C.', 'UCAYALI', 'CORONEL PORTILLO', 'CALLERIA', NULL, NULL, NULL, NULL, NULL, NULL, NULL, NULL, NULL, 2, 'transferencia', NULL, 1, 1, '2025-09-03 10:18:33'),
(20, 20, 'SR DE LOS MILAGROS CARGO EIRL', 'CALLAO', 'CALLAO', 'CALLAO', NULL, NULL, NULL, NULL, NULL, NULL, NULL, NULL, NULL, 2, 'transferencia', NULL, 1, 1, '2025-09-03 10:18:33'),
(21, 21, 'TRIPLAY MARTIN SAC', 'LORETO', 'MAYNAS', 'PUNCHANA', NULL, NULL, NULL, NULL, NULL, NULL, NULL, NULL, NULL, 2, 'transferencia', NULL, 1, 1, '2025-09-03 10:18:33'),
(22, 22, 'MALL AVENTURA S.A', 'LIMA', 'LIMA', 'SANTA ANITA', NULL, NULL, NULL, NULL, NULL, NULL, NULL, NULL, NULL, 2, 'transferencia', NULL, 1, 1, '2025-09-03 10:18:33'),
(23, 23, 'UNIVERSAL IMPORT SAC', 'UCAYALI', 'CORONEL PORTILLO', 'CALLERIA', NULL, NULL, NULL, NULL, NULL, NULL, NULL, NULL, NULL, 2, 'transferencia', NULL, 1, 1, '2025-09-03 10:18:33'),
(24, 24, 'EMPRESA NACIONAL DE PUERTOS S.A', 'CALLAO', 'CALLAO', 'CALLAO', NULL, NULL, NULL, NULL, NULL, NULL, NULL, NULL, NULL, 2, 'transferencia', NULL, 1, 1, '2025-09-03 10:18:33'),
(25, 25, 'BBVA BANCO CONTINENTAL', 'LIMA', 'LIMA', 'SAN ISIDRO', NULL, NULL, NULL, NULL, NULL, NULL, NULL, NULL, NULL, 2, 'transferencia', NULL, 1, 1, '2025-09-03 10:18:33'),
(26, 26, 'COMERCIAL DENISAM S.R.L', 'UCAYALI', 'CORONEL PORTILLO', 'CALLERIA', NULL, NULL, NULL, NULL, NULL, NULL, NULL, NULL, NULL, 2, 'transferencia', NULL, 1, 1, '2025-09-03 10:18:33'),
(27, 27, 'UNIVERSIDAD CESAR VALLEJO S.A.C.', 'LA LIBERTAD', 'TRUJILLO', 'VICTOR LARCO HERRERA', NULL, NULL, NULL, NULL, NULL, NULL, NULL, NULL, NULL, 2, 'transferencia', NULL, 1, 1, '2025-09-03 10:18:33'),
(28, 28, 'FOOD SERVICE E.I.R.L.', 'LORETO', 'MAYNAS', 'IQUITOS', NULL, NULL, NULL, NULL, NULL, NULL, NULL, NULL, NULL, 3, 'transferencia', NULL, 1, 1, '2025-09-03 10:18:33'),
(29, 29, 'GABY S.A.', 'LORETO', 'MAYNAS', 'PUNCHANA', NULL, NULL, NULL, NULL, NULL, NULL, NULL, NULL, NULL, 3, 'transferencia', NULL, 1, 1, '2025-09-03 10:18:33'),
(30, 30, 'S.E.N.A.T.I. ZONAL LORETO', 'LIMA', 'LIMA', 'INDEPENDENCIA', NULL, NULL, NULL, NULL, NULL, NULL, NULL, NULL, NULL, 3, 'transferencia', NULL, 1, 1, '2025-09-03 10:18:33'),
(31, 31, 'GLP AMAZÓNICO S.A.C.', 'LORETO', 'MAYNAS', 'IQUITOS', NULL, NULL, NULL, NULL, NULL, NULL, NULL, NULL, NULL, 3, 'transferencia', NULL, 1, 1, '2025-09-03 10:18:33'),
(32, 32, 'JM GIGANTOGRAFÍA EIRL', 'LORETO', 'MAYNAS', 'IQUITOS', NULL, NULL, NULL, NULL, NULL, NULL, NULL, NULL, NULL, 3, 'transferencia', NULL, 1, 1, '2025-09-03 10:18:33'),
(33, 33, 'RESTAURANT TURISTICO TAYTA E.I.R.L.', 'LORETO', 'MAYNAS', 'IQUITOS', NULL, NULL, NULL, NULL, NULL, NULL, NULL, NULL, NULL, 3, 'transferencia', NULL, 1, 1, '2025-09-03 10:18:33'),
(34, 34, 'SAMIRIA JUNGLE HOTEL EIRL', 'LORETO', 'MAYNAS', 'IQUITOS', NULL, NULL, NULL, NULL, NULL, NULL, NULL, NULL, NULL, 3, 'transferencia', NULL, 1, 1, '2025-09-03 10:18:33'),
(35, 35, 'ASTILLERO HENRY EIRL', 'LORETO', 'MAYNAS', 'PUNCHANA', NULL, NULL, NULL, NULL, NULL, NULL, NULL, NULL, NULL, 3, 'transferencia', NULL, 1, 1, '2025-09-03 10:18:33'),
(36, 36, 'ESTACIÓN LYRA EIRL', 'LORETO', 'MAYNAS', 'IQUITOS', NULL, NULL, NULL, NULL, NULL, NULL, NULL, NULL, NULL, 3, 'transferencia', NULL, 1, 1, '2025-09-03 10:18:33'),
(37, 37, 'SERVICIOS MEDICOS GENERALES SAN JUAN SRL', 'LORETO', 'MAYNAS', 'IQUITOS', NULL, NULL, NULL, NULL, NULL, NULL, NULL, NULL, NULL, 3, 'transferencia', NULL, 1, 1, '2025-09-03 10:18:33'),
(38, 38, 'CHA CHA CHA SAC', 'LORETO', 'MAYNAS', 'IQUITOS', NULL, NULL, NULL, NULL, NULL, NULL, NULL, NULL, NULL, 3, 'transferencia', NULL, 1, 1, '2025-09-03 10:18:33'),
(39, 39, 'BOTICA MEDISEL EIRL TDA', 'LORETO', 'MAYNAS', 'IQUITOS', NULL, NULL, NULL, NULL, NULL, NULL, NULL, NULL, NULL, 3, 'transferencia', NULL, 1, 1, '2025-09-03 10:18:33'),
(40, 40, 'CABLE VISIÓN SAC', 'LORETO', 'MAYNAS', 'IQUITOS', NULL, NULL, NULL, NULL, NULL, NULL, NULL, NULL, NULL, 3, 'transferencia', NULL, 1, 1, '2025-09-03 10:18:33'),
(41, 41, 'COMERCIAL FOX ORIENTE EIRL', 'LORETO', 'MAYNAS', 'BELEN', NULL, NULL, NULL, NULL, NULL, NULL, NULL, NULL, NULL, 3, 'transferencia', NULL, 1, 1, '2025-09-03 10:18:33'),
(42, 42, 'EXPLORACIONES AMAZÓNICAS S.A', 'LORETO', 'MAYNAS', 'IQUITOS', NULL, NULL, NULL, NULL, NULL, NULL, NULL, NULL, NULL, 3, 'transferencia', NULL, 1, 1, '2025-09-03 10:18:33'),
(43, 43, 'MOTOMAQ S.A.C.', 'LORETO', 'MAYNAS', 'PUNCHANA', NULL, NULL, NULL, NULL, NULL, NULL, NULL, NULL, NULL, 3, 'transferencia', NULL, 1, 1, '2025-09-03 10:18:33'),
(44, 44, 'REPRESENTACIONES VARGAS S.A', 'UCAYALI', 'CORONEL PORTILLO', 'CALLERIA', NULL, NULL, NULL, NULL, NULL, NULL, NULL, NULL, NULL, 3, 'transferencia', NULL, 1, 1, '2025-09-03 10:18:33'),
(45, 45, 'GLOBAL FIBER PERU SAC', 'LIMA', 'LIMA', 'MIRAFLORES', NULL, NULL, NULL, NULL, NULL, NULL, NULL, NULL, NULL, 3, 'transferencia', NULL, 1, 1, '2025-09-03 10:18:33'),
(46, 46, 'ASOCIACIÓN PASTORAL DE SERVICIOS MÉDICOS ASISTENCIAL CLINICA ADVENTISTA ANA STAHL DE LA IGLESIA ADVENTISTA DEL SEPTIMO DÍA', 'LORETO', 'MAYNAS', 'IQUITOS', NULL, NULL, NULL, NULL, NULL, NULL, NULL, NULL, NULL, 3, 'transferencia', NULL, 1, 1, '2025-09-03 10:18:33'),
(47, 47, 'COMERCIAL IQUITOS S.A.', 'LORETO', 'MAYNAS', 'IQUITOS', NULL, NULL, NULL, NULL, NULL, NULL, NULL, NULL, NULL, 3, 'transferencia', NULL, 1, 1, '2025-09-03 10:18:33'),
(48, 48, 'TURISMO SANTA ISABEL S.R.LTDA', 'LORETO', 'MAYNAS', 'IQUITOS', NULL, NULL, NULL, NULL, NULL, NULL, NULL, NULL, NULL, 3, 'transferencia', NULL, 1, 1, '2025-09-03 10:18:33'),
(49, 49, 'TRANSPORTE FLUVIAL JV E.I.R.L.', 'LORETO', 'MAYNAS', 'PUNCHANA', NULL, NULL, NULL, NULL, NULL, NULL, NULL, NULL, NULL, 3, 'transferencia', NULL, 1, 1, '2025-09-03 10:18:33'),
(50, 50, 'IMPRENTA GRAFICA AMAZONAS SAC', 'LORETO', 'MAYNAS', 'IQUITOS', NULL, NULL, NULL, NULL, NULL, NULL, NULL, NULL, NULL, 3, 'transferencia', NULL, 1, 1, '2025-09-03 10:18:33'),
(51, 51, 'EMBAJADA EMPRESARIAL S.A.', 'LIMA', 'LIMA', 'LURIGANCHO', NULL, NULL, NULL, NULL, NULL, NULL, NULL, NULL, NULL, 3, 'transferencia', NULL, 1, 1, '2025-09-03 10:18:33'),
(52, 52, 'ISTRA SAC', 'LORETO', 'MAYNAS', 'IQUITOS', NULL, NULL, NULL, NULL, NULL, NULL, NULL, NULL, NULL, 3, 'transferencia', NULL, 1, 1, '2025-09-03 10:18:33'),
(53, 53, 'IMARCUX SAC', 'LIMA', 'LIMA', 'SAN MIGUEL', NULL, NULL, NULL, NULL, NULL, NULL, NULL, NULL, NULL, 3, 'transferencia', NULL, 1, 1, '2025-09-03 10:18:33'),
(54, 54, 'CENTRO ESPECIALIZADO EMASALUD SAC', 'LORETO', 'MAYNAS', 'PUNCHANA', NULL, NULL, NULL, NULL, NULL, NULL, NULL, NULL, NULL, 3, 'transferencia', NULL, 1, 1, '2025-09-03 10:18:33'),
(55, 55, 'STAR UP S.A.C.', 'LIMA', 'LIMA', 'MIRAFLORES', NULL, NULL, NULL, NULL, NULL, NULL, NULL, NULL, NULL, 3, 'transferencia', NULL, 1, 1, '2025-09-03 10:18:33'),
(56, 56, 'CORAL Y ASOCIADOS ABOGADOS SAC', 'LIMA', 'LIMA', 'SAN BORJA', NULL, NULL, NULL, NULL, NULL, NULL, NULL, NULL, NULL, 3, 'transferencia', NULL, 1, 1, '2025-09-03 10:18:33'),
(57, 57, 'BANCO INTERAMERICANO DE FINANZAS - BANBIF', 'LIMA', 'LIMA', 'SAN ISIDRO', NULL, NULL, NULL, NULL, NULL, NULL, NULL, NULL, NULL, 3, 'transferencia', NULL, 1, 1, '2025-09-03 10:18:33'),
(58, 58, 'CORPORACIÓN GARCIA S.A', 'LORETO', 'MAYNAS', 'BELEN', NULL, NULL, NULL, NULL, NULL, NULL, NULL, NULL, NULL, 3, 'transferencia', NULL, 1, 1, '2025-09-03 10:18:33'),
(59, 59, 'GRIFO FLOTANTE ISLANDIA III E.I.R.L.', 'LORETO', 'MAYNAS', 'IQUITOS', NULL, NULL, NULL, NULL, NULL, NULL, NULL, NULL, NULL, 3, 'transferencia', NULL, 1, 0, '2025-09-03 10:18:33'),
(60, 60, 'EMPRESA HOTELERA LA CASONA E.I.R.L.', 'LORETO', 'MAYNAS', 'IQUITOS', NULL, NULL, NULL, NULL, NULL, NULL, NULL, NULL, NULL, 3, 'transferencia', NULL, 1, 0, '2025-09-03 10:18:33'),
(61, 61, 'INVERSIONES E INMOBILIARIA MONTENEGRO S.A.C', 'LORETO', 'MAYNAS', 'IQUITOS', NULL, NULL, NULL, NULL, NULL, NULL, NULL, NULL, NULL, 3, 'transferencia', NULL, 1, 0, '2025-09-03 10:18:33'),
(62, 62, 'BCH INDUSTRIAL', 'LORETO', 'MAYNAS', 'PUNCHANA', NULL, NULL, NULL, NULL, NULL, NULL, NULL, NULL, NULL, 3, 'transferencia', NULL, 1, 0, '2025-09-03 10:18:33'),
(63, 63, 'GRUPO PANDA INVERSIONES DEL ORIENTE SAC', 'LORETO', 'MAYNAS', 'IQUITOS', NULL, NULL, NULL, NULL, NULL, NULL, NULL, NULL, NULL, 3, 'transferencia', NULL, 1, 1, '2025-09-03 10:18:33'),
(64, 64, 'AMAZON INVERSIONES & TURISMO EIRL', 'LORETO', 'MAYNAS', 'IQUITOS', NULL, NULL, NULL, NULL, NULL, NULL, NULL, NULL, NULL, 3, 'transferencia', NULL, 1, 1, '2025-09-03 10:18:33'),
(65, 65, 'REPRESENTACIONES TIQUE EIRL', 'LORETO', 'MAYNAS', 'IQUITOS', NULL, NULL, NULL, NULL, NULL, NULL, NULL, NULL, NULL, 3, 'transferencia', NULL, 1, 1, '2025-09-03 10:18:33'),
(66, 66, 'TERRA CONSTRUCCIONES ORIENTE S.A.C.', 'LORETO', 'MAYNAS', 'IQUITOS', NULL, NULL, NULL, NULL, NULL, NULL, NULL, NULL, NULL, 3, 'transferencia', NULL, 1, 1, '2025-09-03 10:18:33'),
(67, 67, 'THE AMAZON OXYGEN S.A.C', 'LORETO', 'MAYNAS', 'PUNCHANA', NULL, NULL, NULL, NULL, NULL, NULL, NULL, NULL, NULL, 4, 'transferencia', NULL, 1, 1, '2025-09-03 10:18:33'),
(68, 68, 'AUSAC INVERSIONES EIRL', '', '', '', NULL, NULL, NULL, NULL, NULL, NULL, NULL, NULL, NULL, 4, 'transferencia', NULL, 1, 1, '2025-09-03 10:18:33'),
(69, 69, 'MULTISERVICIOS PANPERU E.I.R.L.', 'LORETO', 'MAYNAS', 'IQUITOS', NULL, NULL, NULL, NULL, NULL, NULL, NULL, NULL, NULL, 4, 'transferencia', NULL, 1, 1, '2025-09-03 10:18:33'),
(70, 70, 'ADVANCE LOGISTIC E.I.R.L.', 'LORETO', 'MAYNAS', 'IQUITOS', NULL, NULL, NULL, NULL, NULL, NULL, NULL, NULL, NULL, 4, 'transferencia', NULL, 1, 1, '2025-09-03 10:18:33'),
(71, 71, 'MAXIMILIANA GLORIA MATTA MUÑOZ', '-', '-', '-', NULL, NULL, NULL, NULL, NULL, NULL, NULL, NULL, NULL, 4, 'transferencia', NULL, 1, 1, '2025-09-03 10:18:33'),
(72, 72, 'AVATAR AMAZON CAMP S.A.C', 'LORETO', 'MAYNAS', 'IQUITOS', NULL, NULL, NULL, NULL, NULL, NULL, NULL, NULL, NULL, 4, 'transferencia', NULL, 1, 1, '2025-09-03 10:18:33'),
(73, 73, 'IAC SOLUCIONES E.I.R.L', 'LORETO', 'MAYNAS', 'IQUITOS', NULL, NULL, NULL, NULL, NULL, NULL, NULL, NULL, NULL, 4, 'transferencia', NULL, 1, 1, '2025-09-03 10:18:33'),
(74, 74, 'INVERSIONES FINANCIERAS SELVA S.R.L', 'LORETO', 'MAYNAS', 'IQUITOS', NULL, NULL, NULL, NULL, NULL, NULL, NULL, NULL, NULL, 4, 'transferencia', NULL, 1, 0, '2025-09-03 10:18:33'),
(75, 75, 'MIGUEL VASQUEZ RUIZ S.A.C', 'LORETO', 'MAYNAS', 'PUNCHANA', NULL, NULL, NULL, NULL, NULL, NULL, NULL, NULL, NULL, 4, 'transferencia', NULL, 1, 1, '2025-09-03 10:18:33'),
(76, 76, 'CONSORCIO FLUVIAL DEL AMAZONAS', 'LORETO', 'MAYNAS', 'IQUITOS', NULL, NULL, NULL, NULL, NULL, NULL, NULL, NULL, NULL, 4, 'transferencia', NULL, 1, 1, '2025-09-03 10:18:33'),
(77, 77, 'DON POLLO LORETO S.A.C', 'LORETO', 'MAYNAS', 'SAN JUAN BAUTISTA', NULL, NULL, NULL, NULL, NULL, NULL, NULL, NULL, NULL, 4, 'transferencia', NULL, 1, 1, '2025-09-03 10:18:33'),
(78, 78, 'GESTION SSOMA M & Q EIRL', 'LORETO', 'MAYNAS', 'IQUITOS', NULL, NULL, NULL, NULL, NULL, NULL, NULL, NULL, NULL, 4, 'transferencia', NULL, 1, 1, '2025-09-03 10:18:33'),
(79, 79, 'PEQUEÑOS GUSTITOS S.R.L', 'LORETO', 'MAYNAS', 'IQUITOS', NULL, NULL, NULL, NULL, NULL, NULL, NULL, NULL, NULL, 4, 'transferencia', NULL, 1, 1, '2025-09-03 10:18:33'),
(80, 80, 'RESTAURANT PEÑA TURISTICA EL SOMBRERO DE PAJA EIRL', 'LORETO', 'MAYNAS', 'SAN JUAN BAUTISTA', NULL, NULL, NULL, NULL, NULL, NULL, NULL, NULL, NULL, 4, 'transferencia', NULL, 1, 0, '2025-09-03 10:18:33'),
(81, 81, 'COORPORACIÓN GARRÉ S.A.C', 'LORETO', 'MAYNAS', 'BELEN', NULL, NULL, NULL, NULL, NULL, NULL, NULL, NULL, NULL, 4, 'transferencia', NULL, 1, 1, '2025-09-03 10:18:33'),
(82, 82, 'MARCELO DISTRIBUCIONES EIRL', 'LORETO', 'MAYNAS', 'IQUITOS', NULL, NULL, NULL, NULL, NULL, NULL, NULL, NULL, NULL, 4, 'transferencia', NULL, 1, 1, '2025-09-03 10:18:33'),
(83, 83, 'JUNGLE TOURS & TRAVELS E.I.R.L', 'LORETO', 'MAYNAS', 'IQUITOS', NULL, NULL, NULL, NULL, NULL, NULL, NULL, NULL, NULL, 4, 'transferencia', NULL, 1, 1, '2025-09-03 10:18:33'),
(84, 84, 'INVERSIONES LA OROZA SRL', 'LORETO', 'MAYNAS', 'IQUITOS', NULL, NULL, NULL, NULL, NULL, NULL, NULL, NULL, NULL, 4, 'transferencia', NULL, 1, 1, '2025-09-03 10:18:33'),
(85, 85, 'LEONARDO ZUTA PADILLA - TIENDAS LEONARDO', '-', '-', '-', NULL, NULL, NULL, NULL, NULL, NULL, NULL, NULL, NULL, 4, 'transferencia', NULL, 1, 1, '2025-09-03 10:18:33'),
(86, 86, 'CUTTIN LANGUAGE CENTER', '-', '-', '-', NULL, NULL, NULL, NULL, NULL, NULL, NULL, NULL, NULL, 4, 'transferencia', NULL, 1, 1, '2025-09-03 10:18:33'),
(87, 87, 'PREVENCIÓN VIGILANCIA Y SEGURIDAD DEL OREINTE SAC', 'LORETO', 'MAYNAS', 'BELEN', NULL, NULL, NULL, NULL, NULL, NULL, NULL, NULL, NULL, 4, 'transferencia', NULL, 1, 1, '2025-09-03 10:18:33'),
(88, 88, 'CENTRO DE CAPACITACIONES FINANCIERAS Y COMERCIAL DEL PERU S.A.C.', 'LORETO', 'MAYNAS', 'IQUITOS', NULL, NULL, NULL, NULL, NULL, NULL, NULL, NULL, NULL, 4, 'transferencia', NULL, 1, 1, '2025-09-03 10:18:33'),
(89, 89, 'ARI\'S SAC', 'LORETO', 'MAYNAS', 'IQUITOS', NULL, NULL, NULL, NULL, NULL, NULL, NULL, NULL, NULL, 4, 'transferencia', NULL, 1, 1, '2025-09-03 10:18:33'),
(90, 90, 'COMERCIAL EL CAIRO E.I.R.L.', 'LORETO', 'MAYNAS', 'IQUITOS', NULL, NULL, NULL, NULL, NULL, NULL, NULL, NULL, NULL, 4, 'transferencia', NULL, 1, 1, '2025-09-03 10:18:33'),
(91, 91, 'COOPERATIVA DE SERVICIOS EDUCATIVOS CESAR VALLEJO', 'LORETO', 'MAYNAS', 'IQUITOS', NULL, NULL, NULL, NULL, NULL, NULL, NULL, NULL, NULL, 4, 'transferencia', NULL, 1, 1, '2025-09-03 10:18:33'),
(92, 92, 'SERVICIOS GENERALES FILOMENO SRL', 'LORETO', 'MAYNAS', 'IQUITOS', NULL, NULL, NULL, NULL, NULL, NULL, NULL, NULL, NULL, 4, 'transferencia', NULL, 1, 1, '2025-09-03 10:18:33'),
(93, 93, 'INGENIERIA MANTENIMIENTO & CONSTRUCCIONES S.A.C.', 'LORETO', 'MAYNAS', 'PUNCHANA', NULL, NULL, NULL, NULL, NULL, NULL, NULL, NULL, NULL, 4, 'transferencia', NULL, 1, 1, '2025-09-03 10:18:33'),
(94, 94, 'SUMINISTROS Y SERVICIOS ELECTRICOS SELVA S.R.L', 'LORETO', 'MAYNAS', 'BELEN', NULL, NULL, NULL, NULL, NULL, NULL, NULL, NULL, NULL, 4, 'transferencia', NULL, 1, 0, '2025-09-03 10:18:33'),
(95, 95, 'SUMINISTROS DEL ORIENTE S.R.L', 'SAN MARTIN', 'SAN MARTIN', 'TARAPOTO', NULL, NULL, NULL, NULL, NULL, NULL, NULL, NULL, NULL, 4, 'transferencia', NULL, 1, 1, '2025-09-03 10:18:33'),
(96, 96, 'SERVICIOS EXCELENTES E.I.R.L.', 'LORETO', 'MAYNAS', 'IQUITOS', NULL, NULL, NULL, NULL, NULL, NULL, NULL, NULL, NULL, 4, 'transferencia', NULL, 1, 1, '2025-09-03 10:18:33'),
(97, 97, 'RADIO LORETO S.A.C.', 'LORETO', 'MAYNAS', 'IQUITOS', NULL, NULL, NULL, NULL, NULL, NULL, NULL, NULL, NULL, 4, 'transferencia', NULL, 1, 1, '2025-09-03 10:18:33'),
(98, 98, 'ZAFIRO 5 S.A.C.', 'LORETO', 'MAYNAS', 'IQUITOS', NULL, NULL, NULL, NULL, NULL, NULL, NULL, NULL, NULL, 4, 'transferencia', NULL, 1, 1, '2025-09-03 10:18:33'),
(99, 99, 'TRANSBER IQUITOS S.A.', 'LORETO', 'MAYNAS', 'IQUITOS', NULL, NULL, NULL, NULL, NULL, NULL, NULL, NULL, NULL, 4, 'transferencia', NULL, 1, 1, '2025-09-03 10:18:33'),
(100, 100, 'TELESISTEMAS IQUITOS E.I.R.L.', 'LORETO', 'MAYNAS', 'IQUITOS', NULL, NULL, NULL, NULL, NULL, NULL, NULL, NULL, NULL, 4, 'transferencia', NULL, 1, 1, '2025-09-03 10:18:33'),
(101, 101, 'CONSORCIO DE SERVICIOS FUNERARIOS S.A.C', 'LORETO', 'MAYNAS', 'IQUITOS', NULL, NULL, NULL, NULL, NULL, NULL, NULL, NULL, NULL, 4, 'transferencia', NULL, 1, 1, '2025-09-03 10:18:33'),
(102, 102, 'JUGUERIA TUTTI FRUTTI EIRL', 'LORETO', 'MAYNAS', 'IQUITOS', NULL, NULL, NULL, NULL, NULL, NULL, NULL, NULL, NULL, 4, 'transferencia', NULL, 1, 1, '2025-09-03 10:18:33'),
(103, 103, 'K L IMPORT EXPORT PERU S.A.C', 'LORETO', 'MAYNAS', 'IQUITOS', NULL, NULL, NULL, NULL, NULL, NULL, NULL, NULL, NULL, 4, 'transferencia', NULL, 1, 1, '2025-09-03 10:18:33'),
(104, 104, 'INVERSIONES PEGASO S.R.L.', 'LORETO', 'MAYNAS', 'IQUITOS', NULL, NULL, NULL, NULL, NULL, NULL, NULL, NULL, NULL, 4, 'transferencia', NULL, 1, 1, '2025-09-03 10:18:33'),
(105, 105, 'D\'TODO FERRETERA S.A.C.', 'LORETO', 'MAYNAS', 'IQUITOS', NULL, NULL, NULL, NULL, NULL, NULL, NULL, NULL, NULL, 4, 'transferencia', NULL, 1, 1, '2025-09-03 10:18:33'),
(106, 106, 'A & E TOURS TAHUAYO LODGE E.I.R.L.', 'LORETO', 'MAYNAS', 'IQUITOS', NULL, NULL, NULL, NULL, NULL, NULL, NULL, NULL, NULL, 4, 'transferencia', NULL, 1, 1, '2025-09-03 10:18:33'),
(107, 107, 'EL MUNDO DE LA FANTASIA S.R.L.', 'LORETO', 'MAYNAS', 'IQUITOS', NULL, NULL, NULL, NULL, NULL, NULL, NULL, NULL, NULL, 4, 'transferencia', NULL, 1, 1, '2025-09-03 10:18:33'),
(108, 108, 'CONSULTORES VETERINARIOS Y AGRICOLAS S.R.L.', 'LORETO', 'MAYNAS', 'IQUITOS', NULL, NULL, NULL, NULL, NULL, NULL, NULL, NULL, NULL, 4, 'transferencia', NULL, 1, 1, '2025-09-03 10:18:33'),
(109, 109, 'CREAZIONI S.A.', 'LORETO', 'MAYNAS', 'IQUITOS', NULL, NULL, NULL, NULL, NULL, NULL, NULL, NULL, NULL, 4, 'transferencia', NULL, 1, 1, '2025-09-03 10:18:33'),
(110, 110, 'LORETO ESTUDIO CONTABLE SAC', 'LORETO', 'MAYNAS', 'IQUITOS', NULL, NULL, NULL, NULL, NULL, NULL, NULL, NULL, NULL, 4, 'transferencia', NULL, 1, 1, '2025-09-03 10:18:33'),
(111, 111, 'DISTRIBUIDORA KARINA MARGOT E.I.R.L.', 'LORETO', 'MAYNAS', 'IQUITOS', NULL, NULL, NULL, NULL, NULL, NULL, NULL, NULL, NULL, 4, 'transferencia', NULL, 1, 1, '2025-09-03 10:18:33'),
(112, 112, 'PILY\'S CLOTHES AND BAGS', 'LORETO', 'MAYNAS', 'IQUITOS', NULL, NULL, NULL, NULL, NULL, NULL, NULL, NULL, NULL, 4, 'transferencia', NULL, 1, 1, '2025-09-03 10:18:33'),
(113, 113, 'GESTION EDUCATIVA PARA EL DESARROLLO DE COMPETITIVIDAD Y CAPACIDAD PROFESIONAL', 'LORETO', 'MAYNAS', 'IQUITOS', NULL, NULL, NULL, NULL, NULL, NULL, NULL, NULL, NULL, 4, 'transferencia', NULL, 1, 1, '2025-09-03 10:18:33'),
(114, 114, 'STUDIO 69 E.I.R.L.', 'LORETO', 'MAYNAS', 'IQUITOS', NULL, NULL, NULL, NULL, NULL, NULL, NULL, NULL, NULL, 4, 'transferencia', NULL, 1, 1, '2025-09-03 10:18:33'),
(115, 115, 'AMAZON FOREVER', 'LORETO', 'MAYNAS', 'SAN JUAN BAUTISTA', NULL, NULL, NULL, NULL, NULL, NULL, NULL, NULL, NULL, 4, 'transferencia', NULL, 1, 1, '2025-09-03 10:18:33'),
(116, 116, 'NEGOCIOS Y REPRESENTACIONES PERÚ EIRL', 'LORETO', 'MAYNAS', 'SAN JUAN BAUTISTA', NULL, NULL, NULL, NULL, NULL, NULL, NULL, NULL, NULL, 4, 'transferencia', NULL, 1, 1, '2025-09-03 10:18:33'),
(117, 117, 'BUFEO INNOVACIÓN TECNOLÓGICA', 'LORETO', 'MAYNAS', 'IQUITOS', NULL, NULL, NULL, NULL, NULL, NULL, NULL, NULL, NULL, 4, 'transferencia', NULL, 1, 1, '2025-09-03 10:18:33'),
(118, 118, 'PINEDO REÁTEGUI ROMMEL MARINO', '-', '-', '-', NULL, NULL, NULL, NULL, NULL, NULL, NULL, NULL, NULL, 4, 'transferencia', NULL, 1, 1, '2025-09-03 10:18:33'),
(119, 119, 'CHUPETES Y HELADOS SHAMBO S.A.C.', 'LORETO', 'MAYNAS', 'IQUITOS', NULL, NULL, NULL, NULL, NULL, NULL, NULL, NULL, NULL, 4, 'transferencia', NULL, 1, 1, '2025-09-03 10:18:33'),
(120, 120, 'ALMACEN DE PINTURAS LA MARINA E.I.R.L.', 'LORETO', 'MAYNAS', 'PUNCHANA', NULL, NULL, NULL, NULL, NULL, NULL, NULL, NULL, NULL, 4, 'transferencia', NULL, 1, 1, '2025-09-03 10:18:33'),
(121, 121, 'ROGER WALTER AGUILAR VASQUEZ', '-', '-', '-', NULL, NULL, NULL, NULL, NULL, NULL, NULL, NULL, NULL, 4, 'transferencia', NULL, 1, 1, '2025-09-03 10:18:33'),
(122, 122, 'MERA PANDURO FERNANDO EDISLAO', '-', '-', '-', NULL, NULL, NULL, NULL, NULL, NULL, NULL, NULL, NULL, 4, 'transferencia', NULL, 1, 1, '2025-09-03 10:18:33'),
(123, 123, 'AGROPECUARIA LA CHACRA SRL', 'LORETO', 'MAYNAS', 'IQUITOS', NULL, NULL, NULL, NULL, NULL, NULL, NULL, NULL, NULL, 4, 'transferencia', NULL, 1, 1, '2025-09-03 10:18:33'),
(124, 124, 'GALLARDO Y ZAMORA CORREDORES DE SEGUROS Y ASOCIADOS S.A.', 'LAMBAYEQUE', 'CHICLAYO', 'CHICLAYO', NULL, NULL, NULL, NULL, NULL, NULL, NULL, NULL, NULL, 4, 'transferencia', NULL, 1, 1, '2025-09-03 10:18:33'),
(125, 125, 'POWER VILLACORTA ROBERTO CARLOS', '-', '-', '-', NULL, NULL, NULL, NULL, NULL, NULL, NULL, NULL, NULL, 4, 'transferencia', NULL, 1, 1, '2025-09-03 10:18:33'),
(126, 126, 'CLUB DEPORTIVO LORETANAS DE ORO', 'LORETO', 'MAYNAS', 'IQUITOS', NULL, NULL, NULL, NULL, NULL, NULL, NULL, NULL, NULL, 4, 'transferencia', NULL, 1, 1, '2025-09-03 10:18:33'),
(127, 127, 'CARMEN RAQUEL NUÑEZ RENGIFO', '-', '-', '-', NULL, NULL, NULL, NULL, NULL, NULL, NULL, NULL, NULL, 4, 'transferencia', NULL, 1, 1, '2025-09-03 10:18:33'),
(128, 128, 'THE PERUVIAN SOCIAL INCUBATOR SAC', 'LIMA', 'LIMA', 'PUEBLO LIBRE', NULL, NULL, NULL, NULL, NULL, NULL, NULL, NULL, NULL, 4, 'transferencia', NULL, 1, 1, '2025-09-03 10:18:33'),
(129, 129, 'OXIGENO DEL ORIENTE AMAZONICO SAC', 'LORETO', 'MAYNAS', 'PUNCHANA', NULL, NULL, NULL, NULL, NULL, NULL, NULL, NULL, NULL, 4, 'transferencia', NULL, 1, 1, '2025-09-03 10:18:33'),
(130, 130, 'THE YELLOW ROSE OF TEXAS EIRL', 'LORETO', 'MAYNAS', 'IQUITOS', NULL, NULL, NULL, NULL, NULL, NULL, NULL, NULL, NULL, 4, 'transferencia', NULL, 1, 1, '2025-09-03 10:18:33'),
(131, 131, 'INSTITUTO SUPERIOR TECNOLÓGICO EMILIO ROMERO PADILLA EIRL', 'LORETO', 'MAYNAS', 'IQUITOS', NULL, NULL, NULL, NULL, NULL, NULL, NULL, NULL, NULL, 4, 'transferencia', NULL, 1, 1, '2025-09-03 10:18:33'),
(132, 132, 'OPTICA OPTILENTES', '-', '-', '-', NULL, NULL, NULL, NULL, NULL, NULL, NULL, NULL, NULL, 4, 'transferencia', NULL, 1, 1, '2025-09-03 10:18:33'),
(133, 133, 'REPRESENTACIONES MARYMOTOR´S EIRL', 'LORETO', 'MAYNAS', 'IQUITOS', NULL, NULL, NULL, NULL, NULL, NULL, NULL, NULL, NULL, 4, 'transferencia', NULL, 1, 1, '2025-09-03 10:18:33'),
(134, 134, 'CLÍNICA VETERINARIA COMCENTER JUÁREZ EIRL', 'LORETO', 'MAYNAS', 'IQUITOS', NULL, NULL, NULL, NULL, NULL, NULL, NULL, NULL, NULL, 4, 'transferencia', NULL, 1, 1, '2025-09-03 10:18:33'),
(135, 135, 'INVERSIONES MÉDICAS CELIS Y MARIN EIRL (CEL MAR)', 'LIMA', 'LIMA', 'ATE', NULL, NULL, NULL, NULL, NULL, NULL, NULL, NULL, NULL, 4, 'transferencia', NULL, 1, 1, '2025-09-03 10:18:33'),
(136, 136, 'PABLO MARTÍN CASUSO CHÁVEZ', '-', '-', '-', NULL, NULL, NULL, NULL, NULL, NULL, NULL, NULL, NULL, 4, 'transferencia', NULL, 1, 0, '2025-09-03 10:18:33'),
(137, 137, 'JUAN ANTONIO LA TORRE LÓPEZ', '-', '-', '-', NULL, NULL, NULL, NULL, NULL, NULL, NULL, NULL, NULL, 4, 'transferencia', NULL, 1, 1, '2025-09-03 10:18:33'),
(138, 138, 'DENIS LINARES CAMBERO', '-', '-', '-', NULL, NULL, NULL, NULL, NULL, NULL, NULL, NULL, NULL, 4, 'transferencia', NULL, 1, 0, '2025-09-03 10:18:33'),
(139, 139, 'AMAZON GARDEN ECOLODGE BOUTIQUE (SANTA MARILYN EIRL)', 'LORETO', 'MAYNAS', 'IQUITOS', NULL, NULL, NULL, NULL, NULL, NULL, NULL, NULL, NULL, 4, 'transferencia', NULL, 1, 1, '2025-09-03 10:18:33'),
(140, 140, 'INVERSIONES GENERALES LA MARINA SRL', '', '', '', NULL, NULL, NULL, NULL, NULL, NULL, NULL, NULL, NULL, 4, 'transferencia', NULL, 1, 1, '2025-09-03 10:18:33'),
(141, 141, 'MARIANO VIEIRA BOCANEGRA', '-', '-', '-', NULL, NULL, NULL, NULL, NULL, NULL, NULL, NULL, NULL, 4, 'transferencia', NULL, 1, 1, '2025-09-03 10:18:33'),
(142, 142, 'ELSA SATO AREVALO', '-', '-', '-', NULL, NULL, NULL, NULL, NULL, NULL, NULL, NULL, NULL, 4, 'transferencia', NULL, 1, 1, '2025-09-03 10:18:33'),
(143, 143, 'BOTICA Y PERFUMERIA MARY EIRL', 'LORETO', 'MAYNAS', 'SAN JUAN BAUTISTA', NULL, NULL, NULL, NULL, NULL, NULL, NULL, NULL, NULL, 4, 'transferencia', NULL, 1, 1, '2025-09-03 10:18:33'),
(144, 144, 'MARÍA DE JESÚS RENGIFO RAMÍREZ/HOSPEDAJE COYZA', '-', '-', '-', NULL, NULL, NULL, NULL, NULL, NULL, NULL, NULL, NULL, 4, 'transferencia', NULL, 1, 1, '2025-09-03 10:18:33'),
(145, 145, 'GUERRA ALVAN ARIANA BLANCA', '-', '-', '-', NULL, NULL, NULL, NULL, NULL, NULL, NULL, NULL, NULL, 4, 'transferencia', NULL, 1, 1, '2025-09-03 10:18:33'),
(146, 146, 'LUIS FRANCISCO SANCHEZ ZAMORA', '-', '-', '-', NULL, NULL, NULL, NULL, NULL, NULL, NULL, NULL, NULL, 4, 'transferencia', NULL, 1, 1, '2025-09-03 10:18:33'),
(147, 147, 'MV SERVICIOS INTEGRALES SRL', 'LORETO', 'MAYNAS', 'IQUITOS', NULL, NULL, NULL, NULL, NULL, NULL, NULL, NULL, NULL, 4, 'transferencia', NULL, 1, 1, '2025-09-03 10:18:33'),
(148, 148, 'ORGANIZACIÓN NO GUBERNAMENTAL VOZ Y ACCIÓN CIUDADANA', 'LORETO', 'MAYNAS', 'SAN JUAN BAUTISTA', NULL, NULL, NULL, NULL, NULL, NULL, NULL, NULL, NULL, 4, 'transferencia', NULL, 1, 1, '2025-09-03 10:18:33'),
(149, 149, 'GIAN PIERRE AREVALO RIVADENEYRA', '-', '-', '-', NULL, NULL, NULL, NULL, NULL, NULL, NULL, NULL, NULL, 4, 'transferencia', NULL, 1, 1, '2025-09-03 10:18:33'),
(150, 150, 'DELEITES DE LA AMAZONIA LA MISHQUINA E.I.R.L.', 'LORETO', 'MAYNAS', 'IQUITOS', NULL, NULL, NULL, NULL, NULL, NULL, NULL, NULL, NULL, 4, 'transferencia', NULL, 1, 1, '2025-09-03 10:18:33'),
(151, 151, 'LUPUNA FOOD S.A.C.', 'LORETO', 'MAYNAS', 'IQUITOS', NULL, NULL, NULL, NULL, NULL, NULL, NULL, NULL, NULL, 4, 'transferencia', NULL, 1, 1, '2025-09-03 10:18:33'),
(152, 152, 'SERVICIOS Y CONSULTORIA EN HIDROCARBUROS E INVERSIONES S.A.C.', 'LORETO', 'MAYNAS', 'PUNCHANA', NULL, NULL, NULL, NULL, NULL, NULL, NULL, NULL, NULL, 4, 'transferencia', NULL, 1, 1, '2025-09-03 10:18:33'),
(153, 153, 'SERVICIO DE CAPACITACION E INSTRUCCION REYES', 'LORETO', 'MAYNAS', 'IQUITOS', NULL, NULL, NULL, NULL, NULL, NULL, NULL, NULL, NULL, 4, 'transferencia', NULL, 1, 1, '2025-09-03 10:18:33'),
(154, 154, 'QA CERTIFICATION SERVICES LATAM S.A.C.', 'LIMA', 'LIMA', 'MIRAFLORES', NULL, NULL, NULL, NULL, NULL, NULL, NULL, NULL, NULL, 4, 'transferencia', NULL, 1, 1, '2025-09-03 10:18:33'),
(155, 155, 'AMAZON TROPICALS FISH FARM AQUARIUM S.R.L.', 'LORETO', 'MAYNAS', 'SAN JUAN BAUTISTA', NULL, NULL, NULL, NULL, NULL, NULL, NULL, NULL, NULL, 4, 'transferencia', NULL, 1, 1, '2025-09-03 10:18:33'),
(156, 156, 'AMAZON SECURITY PERU S.R.L.', 'SAN MARTIN', 'SAN MARTIN', 'TARAPOTO', NULL, NULL, NULL, NULL, NULL, NULL, NULL, NULL, NULL, 4, 'transferencia', NULL, 1, 1, '2025-09-03 10:18:33'),
(157, 157, 'INVERSIONES Y SERVICIOS TURISTICOS PANAMA S.A.C.', 'LORETO', 'MAYNAS', 'IQUITOS', NULL, NULL, NULL, NULL, NULL, NULL, NULL, NULL, NULL, 4, 'transferencia', NULL, 1, 1, '2025-09-04 16:48:27'),
(158, 158, 'ACUA CORP S.A.C.', 'LORETO', 'MAYNAS', 'SAN JUAN BAUTISTA', NULL, NULL, NULL, NULL, NULL, NULL, NULL, NULL, NULL, 4, 'transferencia', NULL, 1, 1, '2025-09-04 16:48:27'),
(159, 159, 'INVERSIONES RIO AMAZONAS S.A.C.', 'LORETO', 'MAYNAS', 'IQUITOS', NULL, NULL, NULL, NULL, NULL, NULL, NULL, NULL, NULL, 4, 'transferencia', NULL, 1, 1, '2025-09-04 16:48:27'),
(160, 160, 'MONTAÑEZ PASTOR LUISELL NADIR', '----', '----', '----', NULL, NULL, NULL, NULL, NULL, NULL, NULL, NULL, NULL, 4, 'transferencia', NULL, 1, 1, '2025-09-04 16:48:27'),
(161, 161, 'AGRO INDUSTRIAS Y SERVICIOS NAUTA E.I.R.L.', 'LORETO', 'MAYNAS', 'SAN JUAN BAUTISTA', NULL, NULL, NULL, NULL, NULL, NULL, NULL, NULL, NULL, 4, 'transferencia', NULL, 1, 1, '2025-09-04 16:48:27'),
(162, 162, 'OPTICA & NOVEDADES LI EMPRESA INDIVIDUAL DE RESPONSABILIDAD LIMITADA', 'LORETO', 'MAYNAS', 'IQUITOS', NULL, NULL, NULL, NULL, NULL, NULL, NULL, NULL, NULL, 4, 'transferencia', NULL, 1, 1, '2025-09-04 16:48:27'),
(163, 163, 'DE MI ABUELA SUS SECRETITOS SAC', 'LORETO', 'MAYNAS', 'SAN JUAN BAUTISTA', NULL, NULL, NULL, NULL, NULL, NULL, NULL, NULL, NULL, 5, 'transferencia', NULL, 1, 1, '2025-09-04 16:48:27'),
(164, 164, 'ESTELA DEL PILAR CABRERA GUERRERO', '----', '----', '----', NULL, NULL, NULL, NULL, NULL, NULL, NULL, NULL, NULL, 5, 'transferencia', NULL, 1, 1, '2025-09-04 16:48:27'),
(165, 165, 'SOLSOL SALDAÑA WENSESLAO', '----', '----', '----', NULL, NULL, NULL, NULL, NULL, NULL, NULL, NULL, NULL, 5, 'transferencia', NULL, 1, 1, '2025-09-04 16:48:27');

-- --------------------------------------------------------

--
-- Estructura de tabla para la tabla `socio_actividad`
--

CREATE TABLE `socio_actividad` (
  `id_socio_actividad` int(11) NOT NULL,
  `socio_actividad_id_socio` int(11) DEFAULT NULL,
  `socio_actividad_id_actividad` int(11) DEFAULT NULL,
  `socio_actividad_creacion` datetime DEFAULT NULL
) ENGINE=InnoDB DEFAULT CHARSET=utf8mb4 COLLATE=utf8mb4_unicode_ci;

--
-- Volcado de datos para la tabla `socio_actividad`
--

INSERT INTO `socio_actividad` (`id_socio_actividad`, `socio_actividad_id_socio`, `socio_actividad_id_actividad`, `socio_actividad_creacion`) VALUES
(1, 1, 1, '2025-08-19 17:00:15'),
(2, 1, 2, '2025-08-19 17:00:15'),
(3, 1, 4, '2025-08-19 17:00:15'),
(4, 2, 2, '2025-08-21 13:01:56'),
(5, 1, 3, '2025-08-21 13:01:56'),
(6, 1, 5, '2025-08-21 13:01:56');

-- --------------------------------------------------------

--
-- Estructura de tabla para la tabla `socio_beneficioacumulado`
--

CREATE TABLE `socio_beneficioacumulado` (
  `id_sociobeneficioacumulado` int(11) NOT NULL,
  `sociobeneficioacumulado_idsocio` int(11) DEFAULT NULL,
  `sociobeneficioacumulado_idbeneficio` int(11) DEFAULT NULL,
  `sociobeneficioacumulado_cant` int(11) DEFAULT NULL,
  `sociobeneficioacumulado_estado` tinyint(4) DEFAULT 1,
  `sociobeneficioacumulado_fecha` datetime DEFAULT NULL
) ENGINE=InnoDB DEFAULT CHARSET=utf8mb4 COLLATE=utf8mb4_unicode_ci;

-- --------------------------------------------------------

--
-- Estructura de tabla para la tabla `socio_documentos`
--

CREATE TABLE `socio_documentos` (
  `idsociodocumento` int(11) NOT NULL,
  `sociodocumento_tipodocsocio` int(11) DEFAULT NULL,
  `sociodocumento_idsocio` int(11) DEFAULT NULL,
  `sociodocumento_nombrearchivo` varchar(500) DEFAULT NULL,
  `sociodocumento_rutaarchivo` varchar(500) DEFAULT NULL,
  `sociodocumento_estado` tinyint(4) DEFAULT 1,
  `sociodocumento_fecha` datetime DEFAULT NULL
) ENGINE=InnoDB DEFAULT CHARSET=utf8mb4 COLLATE=utf8mb4_unicode_ci;

-- --------------------------------------------------------

--
-- Estructura de tabla para la tabla `tipobenificios`
--

CREATE TABLE `tipobenificios` (
  `id_tipobeneficio` int(11) NOT NULL,
  `tipobenificios_nombre` varchar(50) DEFAULT NULL,
  `tipobenificios_estado` tinyint(4) DEFAULT 1,
  `tipobenificios_fecha` datetime DEFAULT NULL
) ENGINE=InnoDB DEFAULT CHARSET=utf8mb4 COLLATE=utf8mb4_unicode_ci;

--
-- Volcado de datos para la tabla `tipobenificios`
--

INSERT INTO `tipobenificios` (`id_tipobeneficio`, `tipobenificios_nombre`, `tipobenificios_estado`, `tipobenificios_fecha`) VALUES
(1, 'PAUTAS', 1, NULL),
(2, 'HORAS', 1, NULL),
(3, 'ESPACIOS', 1, NULL),
(4, 'CONTACTOS', 1, NULL),
(5, 'CONSULTAS', 1, NULL),
(6, 'CUPOS POR EMPRESA', 1, NULL),
(7, 'CERTIFICACIONES', 1, NULL),
(8, 'CUPOS', 1, NULL);

-- --------------------------------------------------------

--
-- Estructura de tabla para la tabla `tipo_afectacion`
--

CREATE TABLE `tipo_afectacion` (
  `id_tipo_afectacion` int(11) NOT NULL,
  `codigo` char(2) NOT NULL,
  `descripcion` varchar(50) DEFAULT NULL,
  `codigo_afectacion` char(4) DEFAULT NULL,
  `nombre_afectacion` char(3) DEFAULT NULL,
  `tipo_afectacion` char(3) DEFAULT NULL
) ENGINE=InnoDB DEFAULT CHARSET=latin1 COLLATE=latin1_swedish_ci ROW_FORMAT=DYNAMIC;

--
-- Volcado de datos para la tabla `tipo_afectacion`
--

INSERT INTO `tipo_afectacion` (`id_tipo_afectacion`, `codigo`, `descripcion`, `codigo_afectacion`, `nombre_afectacion`, `tipo_afectacion`) VALUES
(1, '10', 'OP. GRAVADAS', '1000', 'IGV', 'VAT'),
(2, '20', 'OP. EXONERADAS', '9997', 'EXO', 'VAT'),
(3, '30', 'OP. INAFECTAS', '9998', 'INA', 'FRE'),
(4, '21', 'OP. GRATUITAS', '9996', 'GRA', 'FRE');

-- --------------------------------------------------------

--
-- Estructura de tabla para la tabla `tipo_documentos`
--

CREATE TABLE `tipo_documentos` (
  `id_tipodocumento` int(11) NOT NULL,
  `tipodocumento_codigo` varchar(50) NOT NULL,
  `tipodocumento_identidad` varchar(100) NOT NULL,
  `tipodocumento_abreviado` varchar(10) DEFAULT NULL,
  `tipodocumento_estado` tinyint(4) NOT NULL DEFAULT 1
) ENGINE=InnoDB DEFAULT CHARSET=utf8mb3 COLLATE=utf8mb3_spanish_ci;

--
-- Volcado de datos para la tabla `tipo_documentos`
--

INSERT INTO `tipo_documentos` (`id_tipodocumento`, `tipodocumento_codigo`, `tipodocumento_identidad`, `tipodocumento_abreviado`, `tipodocumento_estado`) VALUES
(1, '0', 'DOC.TRIB.NO.DOM.SIN.RUC', '-', 1),
(2, '1', 'Documento Nacional de Identidad', 'DNI', 1),
(3, '4', 'Carnet de extranjería', 'Carnet', 0),
(4, '6', 'Registro Unico de Contributentes', 'RUC', 1),
(5, '7', 'Pasaporte', 'Pasaporte', 0),
(6, 'A', 'Cédula Diplomática de identidad', 'Cédula', 0),
(7, 'B', 'DOC.IDENT.PAIS.RESIDENCIA-NO.D', '-', 0);

-- --------------------------------------------------------

--
-- Estructura de tabla para la tabla `tipo_documento_socio`
--

CREATE TABLE `tipo_documento_socio` (
  `idtipodocumentosocio` int(11) NOT NULL,
  `tipodocumentosocio` varchar(500) DEFAULT NULL,
  `tipodocumentosocio_estado` tinyint(4) DEFAULT 1
) ENGINE=InnoDB DEFAULT CHARSET=utf8mb4 COLLATE=utf8mb4_unicode_ci;

--
-- Volcado de datos para la tabla `tipo_documento_socio`
--

INSERT INTO `tipo_documento_socio` (`idtipodocumentosocio`, `tipodocumentosocio`, `tipodocumentosocio_estado`) VALUES
(1, 'Ficha Ruc', 1),
(2, 'Copia Dni', 1),
(3, 'Ficha Incripcion Firmada', 1),
(4, 'Vigencia Poder', 1),
(5, 'Copia de la partida registral de la empresa.', 1),
(6, 'Reporte de terceros Sunat.', 1),
(7, 'Comprobante de pago por derecho de afiliación.', 1);

-- --------------------------------------------------------

--
-- Estructura de tabla para la tabla `tipo_ncreditos`
--

CREATE TABLE `tipo_ncreditos` (
  `id` int(11) NOT NULL,
  `codigo` varchar(50) NOT NULL,
  `tipo_nota_descripcion` varchar(250) NOT NULL,
  `estado` tinyint(4) NOT NULL
) ENGINE=InnoDB DEFAULT CHARSET=utf8mb3 COLLATE=utf8mb3_spanish_ci;

--
-- Volcado de datos para la tabla `tipo_ncreditos`
--

INSERT INTO `tipo_ncreditos` (`id`, `codigo`, `tipo_nota_descripcion`, `estado`) VALUES
(1, '01', 'Anulación de la operacion', 0),
(2, '02', 'Anulación por error en el RUC', 0),
(3, '03', 'Corrección por error en la descripcion', 0),
(4, '04', 'Descuento Global', 0),
(5, '05', 'Descuento por ítem', 0),
(6, '06', 'Devolución total', 0),
(7, '07', 'Devolución por ítem', 0),
(8, '08', 'Bonificación', 0),
(9, '09', 'Disminición en el valor', 0),
(10, '10', 'Otros conceptos', 0),
(11, '11', 'Ajustes de operaciones de exportacion', 0),
(12, '12', 'Ajustes afectos al IVAP', 0),
(13, '13', 'Corrección del monto neto pendiente de pago y/o la(s) fechas(s) de vencimiento del pago \r\núnico o de las cuotas y/o los montos correspondientes a cada', 1);

-- --------------------------------------------------------

--
-- Estructura de tabla para la tabla `tipo_ndebitos`
--

CREATE TABLE `tipo_ndebitos` (
  `id` int(11) NOT NULL,
  `codigo` varchar(20) DEFAULT NULL,
  `tipo_nota_descripcion` varchar(100) DEFAULT NULL,
  `estado` tinyint(4) NOT NULL DEFAULT 0
) ENGINE=InnoDB DEFAULT CHARSET=utf8mb3 COLLATE=utf8mb3_spanish_ci;

--
-- Volcado de datos para la tabla `tipo_ndebitos`
--

INSERT INTO `tipo_ndebitos` (`id`, `codigo`, `tipo_nota_descripcion`, `estado`) VALUES
(1, '01', 'Intereses por mora', 0),
(2, '02', 'Aumento en el valor', 0),
(3, '03', 'Penalidades / Otros conceptos', 0),
(4, '10', 'Ajustes de operaciones de exportación', 0),
(5, '11', 'Ajustes afectos al IVAP', 0);

-- --------------------------------------------------------

--
-- Estructura de tabla para la tabla `tipo_pago`
--

CREATE TABLE `tipo_pago` (
  `id_tipo_pago` int(11) NOT NULL,
  `tipo_pago_nombre` varchar(100) NOT NULL,
  `tipo_pago_estado` tinyint(4) NOT NULL DEFAULT 1
) ENGINE=InnoDB DEFAULT CHARSET=latin1 COLLATE=latin1_swedish_ci;

--
-- Volcado de datos para la tabla `tipo_pago`
--

INSERT INTO `tipo_pago` (`id_tipo_pago`, `tipo_pago_nombre`, `tipo_pago_estado`) VALUES
(1, 'TARJETA', 1),
(2, 'TRANSFERENCIA', 1),
(3, 'EFECTIVO', 1),
(4, 'PAGO A PLAZO', 0),
(5, 'CUOTAS', 0),
(6, 'YAPE / PLIN', 1);

-- --------------------------------------------------------

--
-- Estructura de tabla para la tabla `tipo_persona`
--

CREATE TABLE `tipo_persona` (
  `id_tipopersona` int(11) NOT NULL,
  `tipopersona_nombre` varchar(100) DEFAULT NULL,
  `tipopersona_estado` tinyint(4) DEFAULT 1
) ENGINE=InnoDB DEFAULT CHARSET=utf8mb4 COLLATE=utf8mb4_general_ci;

--
-- Volcado de datos para la tabla `tipo_persona`
--

INSERT INTO `tipo_persona` (`id_tipopersona`, `tipopersona_nombre`, `tipopersona_estado`) VALUES
(1, 'PERSONA NATURAL', 1),
(2, 'PERSONA JURIDICA', 1);

-- --------------------------------------------------------

--
-- Estructura de tabla para la tabla `usuarios`
--

CREATE TABLE `usuarios` (
  `id_usuario` int(11) NOT NULL,
  `id_persona` int(11) NOT NULL,
  `id_rol` int(11) NOT NULL,
  `usuario_nickname` varchar(16) NOT NULL,
  `usuario_contrasenha` varchar(70) NOT NULL,
  `usuario_email` varchar(60) NOT NULL,
  `usuario_imagen` varchar(40) NOT NULL,
  `usuario_estado` tinyint(1) NOT NULL,
  `usuario_creacion` datetime NOT NULL,
  `usuario_ultimo_login` datetime NOT NULL,
  `usuario_ultima_modificacion` datetime NOT NULL
) ENGINE=InnoDB DEFAULT CHARSET=utf8mb3 COLLATE=utf8mb3_unicode_ci;

--
-- Volcado de datos para la tabla `usuarios`
--

INSERT INTO `usuarios` (`id_usuario`, `id_persona`, `id_rol`, `usuario_nickname`, `usuario_contrasenha`, `usuario_email`, `usuario_imagen`, `usuario_estado`, `usuario_creacion`, `usuario_ultimo_login`, `usuario_ultima_modificacion`) VALUES
(1, 1, 2, 'superadmin', '$2y$10$oPOOOgTUr4zIh511ATm/q.vzsAmxP.e2.vzyEbRn/1pzyWz2oXj0a', 'cesarjose@bufeotec.com', 'media/usuarios/usuario.jpg', 1, '2020-09-17 00:00:00', '2025-09-25 22:31:18', '2020-09-17 00:00:00'),
(2, 2, 3, 'admin', '$2y$10$oPOOOgTUr4zIh511ATm/q.vzsAmxP.e2.vzyEbRn/1pzyWz2oXj0a', 'carlos@gmail.com', 'media/usuarios/usuario.jpg', 1, '2020-10-27 18:29:10', '2025-09-23 12:50:37', '2020-10-27 18:29:10');

-- --------------------------------------------------------

--
-- Estructura de tabla para la tabla `ventas`
--

CREATE TABLE `ventas` (
  `id_venta` int(11) NOT NULL,
  `id_empresa` int(11) NOT NULL DEFAULT 1,
  `id_usuario` int(11) NOT NULL,
  `id_cliente` int(11) NOT NULL,
  `id_tipo_pago` int(11) NOT NULL DEFAULT 3,
  `id_moneda` int(11) NOT NULL DEFAULT 1,
  `venta_condicion_resumen` tinyint(4) NOT NULL DEFAULT 1 COMMENT '1-Registro, 2-Actualizar, 3-baja',
  `venta_tipo_envio` tinyint(4) NOT NULL DEFAULT 0 COMMENT '1-directo, 2-resumen diario',
  `venta_direccion` varchar(200) DEFAULT NULL,
  `venta_tipo` varchar(10) NOT NULL,
  `venta_serie` varchar(10) DEFAULT NULL,
  `venta_correlativo` varchar(60) NOT NULL,
  `venta_descuento_global` decimal(10,2) NOT NULL DEFAULT 0.00,
  `venta_totalgratuita` decimal(10,2) NOT NULL DEFAULT 0.00,
  `venta_totalexonerada` decimal(10,2) NOT NULL DEFAULT 0.00,
  `venta_totalinafecta` decimal(10,2) NOT NULL DEFAULT 0.00,
  `venta_totalgravada` decimal(10,2) NOT NULL DEFAULT 0.00,
  `venta_totaligv` decimal(10,2) NOT NULL DEFAULT 0.00,
  `venta_incluye_igv` tinyint(4) NOT NULL DEFAULT 1,
  `venta_totaldescuento` decimal(10,2) NOT NULL DEFAULT 0.00,
  `venta_icbper` decimal(10,2) NOT NULL DEFAULT 0.00,
  `venta_total` decimal(10,2) NOT NULL DEFAULT 0.00,
  `venta_pago_cliente` decimal(10,2) NOT NULL DEFAULT 0.00,
  `venta_vuelto` decimal(10,2) NOT NULL DEFAULT 0.00,
  `venta_fecha` datetime NOT NULL,
  `venta_observacion` varchar(500) DEFAULT NULL,
  `venta_forma_pago` varchar(50) DEFAULT 'CONTADO',
  `tipo_documento_modificar` varchar(10) DEFAULT NULL,
  `serie_modificar` varchar(20) DEFAULT NULL,
  `correlativo_modificar` varchar(50) DEFAULT NULL,
  `venta_codigo_motivo_nota` varchar(10) DEFAULT NULL,
  `venta_estado_sunat` tinyint(4) NOT NULL DEFAULT 0,
  `venta_fecha_envio` datetime DEFAULT NULL,
  `venta_rutaXML` varchar(200) DEFAULT NULL,
  `venta_rutaCDR` varchar(200) DEFAULT NULL,
  `venta_respuesta_sunat` varchar(2000) DEFAULT NULL,
  `venta_fecha_de_baja` date DEFAULT NULL,
  `anulado_sunat` tinyint(4) NOT NULL DEFAULT 0,
  `venta_cancelar` tinyint(1) NOT NULL DEFAULT 1
) ENGINE=InnoDB DEFAULT CHARSET=utf8mb3 COLLATE=utf8mb3_unicode_ci;

--
-- Volcado de datos para la tabla `ventas`
--

INSERT INTO `ventas` (`id_venta`, `id_empresa`, `id_usuario`, `id_cliente`, `id_tipo_pago`, `id_moneda`, `venta_condicion_resumen`, `venta_tipo_envio`, `venta_direccion`, `venta_tipo`, `venta_serie`, `venta_correlativo`, `venta_descuento_global`, `venta_totalgratuita`, `venta_totalexonerada`, `venta_totalinafecta`, `venta_totalgravada`, `venta_totaligv`, `venta_incluye_igv`, `venta_totaldescuento`, `venta_icbper`, `venta_total`, `venta_pago_cliente`, `venta_vuelto`, `venta_fecha`, `venta_observacion`, `venta_forma_pago`, `tipo_documento_modificar`, `serie_modificar`, `correlativo_modificar`, `venta_codigo_motivo_nota`, `venta_estado_sunat`, `venta_fecha_envio`, `venta_rutaXML`, `venta_rutaCDR`, `venta_respuesta_sunat`, `venta_fecha_de_baja`, `anulado_sunat`, `venta_cancelar`) VALUES
(1, 1, 1, 1, 2, 1, 0, 1, NULL, '01', 'FA01', '1', 0.00, 0.00, 500.00, 0.00, 0.00, 0.00, 1, 0.00, 0.00, 500.00, 0.00, 0.00, '2025-09-03 17:01:34', NULL, 'CONTADO', '4', NULL, NULL, NULL, 1, '2025-09-05 17:29:12', 'libs/ApiFacturacion/xml/20162270134-01-FA01-1.XML', NULL, 'La Factura numero FA01-1, ha sido aceptado', NULL, 1, 0),
(2, 1, 1, 2, 2, 1, 0, 1, NULL, '01', 'FA01', '2', 0.00, 0.00, 500.00, 0.00, 0.00, 0.00, 1, 0.00, 0.00, 500.00, 0.00, 0.00, '2025-09-03 17:01:34', NULL, 'CONTADO', '4', NULL, NULL, NULL, 1, NULL, 'libs/ApiFacturacion/xml/20162270134-01-FA01-2.XML', NULL, 'La Factura numero FA01-2, ha sido aceptado', NULL, 1, 0),
(3, 1, 1, 3, 2, 1, 0, 1, NULL, '01', 'FA01', '3', 0.00, 0.00, 500.00, 0.00, 0.00, 0.00, 1, 0.00, 0.00, 500.00, 0.00, 0.00, '2025-09-03 17:01:34', NULL, 'CONTADO', '4', NULL, NULL, NULL, 1, '2025-09-04 12:56:12', 'libs/ApiFacturacion/xml/20162270134-01-FA01-3.XML', 'libs/ApiFacturacion/cdr/R-20162270134-01-FA01-3.XML', 'La Factura numero FA01-3, ha sido aceptado', NULL, 0, 1),
(4, 1, 1, 4, 2, 1, 0, 1, NULL, '01', 'FA01', '4', 0.00, 0.00, 500.00, 0.00, 0.00, 0.00, 1, 0.00, 0.00, 500.00, 0.00, 0.00, '2025-09-03 17:01:34', NULL, 'CONTADO', '4', NULL, NULL, NULL, 1, '2025-09-04 12:57:05', 'libs/ApiFacturacion/xml/20162270134-01-FA01-4.XML', 'libs/ApiFacturacion/cdr/R-20162270134-01-FA01-4.XML', 'La Factura numero FA01-4, ha sido aceptado', NULL, 0, 1),
(5, 1, 1, 5, 2, 1, 0, 1, NULL, '01', 'FA01', '5', 0.00, 0.00, 500.00, 0.00, 0.00, 0.00, 1, 0.00, 0.00, 500.00, 0.00, 0.00, '2025-09-03 17:01:34', NULL, 'CONTADO', '4', NULL, NULL, NULL, 1, NULL, 'libs/ApiFacturacion/xml/20162270134-01-FA01-5.XML', NULL, 'La Factura numero FA01-5, ha sido aceptado', NULL, 1, 0),
(6, 1, 1, 6, 2, 1, 0, 1, NULL, '01', 'FA01', '6', 0.00, 0.00, 500.00, 0.00, 0.00, 0.00, 1, 0.00, 0.00, 500.00, 0.00, 0.00, '2025-09-03 17:01:34', NULL, 'CONTADO', '4', NULL, NULL, NULL, 1, '2025-09-04 13:04:56', 'libs/ApiFacturacion/xml/20162270134-01-FA01-6.XML', 'libs/ApiFacturacion/cdr/R-20162270134-01-FA01-6.XML', 'La Factura numero FA01-6, ha sido aceptado', NULL, 0, 1),
(7, 1, 1, 7, 2, 1, 0, 1, NULL, '01', 'FA01', '7', 0.00, 0.00, 500.00, 0.00, 0.00, 0.00, 1, 0.00, 0.00, 500.00, 0.00, 0.00, '2025-09-03 17:01:34', NULL, 'CONTADO', '4', NULL, NULL, NULL, 1, '2025-09-04 12:59:22', 'libs/ApiFacturacion/xml/20162270134-01-FA01-7.XML', 'libs/ApiFacturacion/cdr/R-20162270134-01-FA01-7.XML', 'La Factura numero FA01-7, ha sido aceptado', NULL, 0, 1),
(8, 1, 1, 8, 2, 1, 0, 1, NULL, '01', 'FA01', '8', 0.00, 0.00, 200.00, 0.00, 0.00, 0.00, 1, 0.00, 0.00, 200.00, 0.00, 0.00, '2025-09-03 17:01:49', NULL, 'CONTADO', '4', NULL, NULL, NULL, 1, '2025-09-04 13:15:53', 'libs/ApiFacturacion/xml/20162270134-01-FA01-8.XML', 'libs/ApiFacturacion/cdr/R-20162270134-01-FA01-8.XML', 'La Factura numero FA01-8, ha sido aceptado', NULL, 0, 1),
(9, 1, 1, 9, 2, 1, 0, 1, NULL, '01', 'FA01', '9', 0.00, 0.00, 200.00, 0.00, 0.00, 0.00, 1, 0.00, 0.00, 200.00, 0.00, 0.00, '2025-09-03 17:01:49', NULL, 'CONTADO', '4', NULL, NULL, NULL, 1, '2025-09-04 13:16:15', 'libs/ApiFacturacion/xml/20162270134-01-FA01-9.XML', 'libs/ApiFacturacion/cdr/R-20162270134-01-FA01-9.XML', 'La Factura numero FA01-9, ha sido aceptado', NULL, 0, 1),
(10, 1, 1, 10, 2, 1, 0, 1, NULL, '01', 'FA01', '10', 0.00, 0.00, 200.00, 0.00, 0.00, 0.00, 1, 0.00, 0.00, 200.00, 0.00, 0.00, '2025-09-03 17:01:49', NULL, 'CONTADO', '4', NULL, NULL, NULL, 1, '2025-09-04 13:17:34', 'libs/ApiFacturacion/xml/20162270134-01-FA01-10.XML', 'libs/ApiFacturacion/cdr/R-20162270134-01-FA01-10.XML', 'La Factura numero FA01-10, ha sido aceptado', NULL, 0, 1),
(11, 1, 1, 11, 2, 1, 0, 1, NULL, '01', 'FA01', '11', 0.00, 0.00, 200.00, 0.00, 0.00, 0.00, 1, 0.00, 0.00, 200.00, 0.00, 0.00, '2025-09-03 17:01:49', NULL, 'CONTADO', '4', NULL, NULL, NULL, 1, '2025-09-04 13:18:45', 'libs/ApiFacturacion/xml/20162270134-01-FA01-11.XML', 'libs/ApiFacturacion/cdr/R-20162270134-01-FA01-11.XML', 'La Factura numero FA01-11, ha sido aceptado', NULL, 0, 1),
(12, 1, 1, 12, 2, 1, 0, 1, NULL, '01', 'FA01', '12', 0.00, 0.00, 200.00, 0.00, 0.00, 0.00, 1, 0.00, 0.00, 200.00, 0.00, 0.00, '2025-09-03 17:01:49', NULL, 'CONTADO', '4', NULL, NULL, NULL, 1, '2025-09-04 13:18:59', 'libs/ApiFacturacion/xml/20162270134-01-FA01-12.XML', 'libs/ApiFacturacion/cdr/R-20162270134-01-FA01-12.XML', 'La Factura numero FA01-12, ha sido aceptado', NULL, 0, 1),
(13, 1, 1, 13, 2, 1, 0, 1, NULL, '01', 'FA01', '13', 0.00, 0.00, 200.00, 0.00, 0.00, 0.00, 1, 0.00, 0.00, 200.00, 0.00, 0.00, '2025-09-03 17:01:49', NULL, 'CONTADO', '4', NULL, NULL, NULL, 1, '2025-09-04 15:51:48', 'libs/ApiFacturacion/xml/20162270134-01-FA01-13.XML', 'libs/ApiFacturacion/cdr/R-20162270134-01-FA01-13.XML', 'La Factura numero FA01-13, ha sido aceptado', NULL, 0, 1),
(14, 1, 1, 14, 2, 1, 0, 1, NULL, '01', 'FA01', '14', 0.00, 0.00, 200.00, 0.00, 0.00, 0.00, 1, 0.00, 0.00, 200.00, 0.00, 0.00, '2025-09-03 17:01:49', NULL, 'CONTADO', '4', NULL, NULL, NULL, 1, '2025-09-04 13:19:08', 'libs/ApiFacturacion/xml/20162270134-01-FA01-14.XML', 'libs/ApiFacturacion/cdr/R-20162270134-01-FA01-14.XML', 'La Factura numero FA01-14, ha sido aceptado', NULL, 0, 1),
(15, 1, 1, 15, 2, 1, 0, 1, NULL, '01', 'FA01', '15', 0.00, 0.00, 200.00, 0.00, 0.00, 0.00, 1, 0.00, 0.00, 200.00, 0.00, 0.00, '2025-09-03 17:01:49', NULL, 'CONTADO', '4', NULL, NULL, NULL, 1, '2025-09-04 13:19:17', 'libs/ApiFacturacion/xml/20162270134-01-FA01-15.XML', 'libs/ApiFacturacion/cdr/R-20162270134-01-FA01-15.XML', 'La Factura numero FA01-15, ha sido aceptado', NULL, 0, 1),
(16, 1, 1, 16, 2, 1, 0, 1, NULL, '01', 'FA01', '16', 0.00, 0.00, 200.00, 0.00, 0.00, 0.00, 1, 0.00, 0.00, 200.00, 0.00, 0.00, '2025-09-03 17:01:49', NULL, 'CONTADO', '4', NULL, NULL, NULL, 1, '2025-09-05 17:31:04', 'libs/ApiFacturacion/xml/20162270134-01-FA01-16.XML', 'libs/ApiFacturacion/cdr/R-20162270134-01-FA01-16.XML', 'La Factura numero FA01-16, ha sido aceptado', NULL, 1, 0),
(17, 1, 1, 17, 2, 1, 0, 1, NULL, '01', 'FA01', '17', 0.00, 0.00, 200.00, 0.00, 0.00, 0.00, 1, 0.00, 0.00, 200.00, 0.00, 0.00, '2025-09-03 17:01:49', NULL, 'CONTADO', '4', NULL, NULL, NULL, 1, '2025-09-05 17:32:20', 'libs/ApiFacturacion/xml/20162270134-01-FA01-17.XML', 'libs/ApiFacturacion/cdr/R-20162270134-01-FA01-17.XML', 'La Factura numero FA01-17, ha sido aceptado', NULL, 1, 0),
(18, 1, 1, 18, 2, 1, 0, 1, NULL, '01', 'FA01', '18', 0.00, 0.00, 200.00, 0.00, 0.00, 0.00, 1, 0.00, 0.00, 200.00, 0.00, 0.00, '2025-09-03 17:01:49', NULL, 'CONTADO', '4', NULL, NULL, NULL, 1, '2025-09-04 13:20:13', 'libs/ApiFacturacion/xml/20162270134-01-FA01-18.XML', 'libs/ApiFacturacion/cdr/R-20162270134-01-FA01-18.XML', 'La Factura numero FA01-18, ha sido aceptado', NULL, 0, 1),
(19, 1, 1, 19, 2, 1, 0, 1, NULL, '01', 'FA01', '19', 0.00, 0.00, 200.00, 0.00, 0.00, 0.00, 1, 0.00, 0.00, 200.00, 0.00, 0.00, '2025-09-03 17:01:49', NULL, 'CONTADO', '4', NULL, NULL, NULL, 1, '2025-09-04 13:20:29', 'libs/ApiFacturacion/xml/20162270134-01-FA01-19.XML', 'libs/ApiFacturacion/cdr/R-20162270134-01-FA01-19.XML', 'La Factura numero FA01-19, ha sido aceptado', NULL, 0, 1),
(20, 1, 1, 20, 2, 1, 0, 1, NULL, '01', 'FA01', '20', 0.00, 0.00, 200.00, 0.00, 0.00, 0.00, 1, 0.00, 0.00, 200.00, 0.00, 0.00, '2025-09-03 17:01:49', NULL, 'CONTADO', '4', NULL, NULL, NULL, 1, '2025-09-04 13:20:43', 'libs/ApiFacturacion/xml/20162270134-01-FA01-20.XML', 'libs/ApiFacturacion/cdr/R-20162270134-01-FA01-20.XML', 'La Factura numero FA01-20, ha sido aceptado', NULL, 0, 1),
(21, 1, 1, 21, 2, 1, 0, 1, NULL, '01', 'FA01', '21', 0.00, 0.00, 200.00, 0.00, 0.00, 0.00, 1, 0.00, 0.00, 200.00, 0.00, 0.00, '2025-09-03 17:01:49', NULL, 'CONTADO', '4', NULL, NULL, NULL, 1, '2025-09-04 13:21:19', 'libs/ApiFacturacion/xml/20162270134-01-FA01-21.XML', 'libs/ApiFacturacion/cdr/R-20162270134-01-FA01-21.XML', 'La Factura numero FA01-21, ha sido aceptado', NULL, 0, 1),
(22, 1, 1, 22, 2, 1, 0, 1, NULL, '01', 'FA01', '22', 0.00, 0.00, 200.00, 0.00, 0.00, 0.00, 1, 0.00, 0.00, 200.00, 0.00, 0.00, '2025-09-03 17:01:49', NULL, 'CONTADO', '4', NULL, NULL, NULL, 1, '2025-09-05 17:32:45', 'libs/ApiFacturacion/xml/20162270134-01-FA01-22.XML', 'libs/ApiFacturacion/cdr/R-20162270134-01-FA01-22.XML', 'La Factura numero FA01-22, ha sido aceptado', NULL, 1, 0),
(23, 1, 1, 23, 2, 1, 0, 1, NULL, '01', 'FA01', '23', 0.00, 0.00, 200.00, 0.00, 0.00, 0.00, 1, 0.00, 0.00, 200.00, 0.00, 0.00, '2025-09-03 17:01:49', NULL, 'CONTADO', '4', NULL, NULL, NULL, 1, '2025-09-05 17:33:12', 'libs/ApiFacturacion/xml/20162270134-01-FA01-23.XML', 'libs/ApiFacturacion/cdr/R-20162270134-01-FA01-23.XML', 'La Factura numero FA01-23, ha sido aceptado', NULL, 1, 0),
(24, 1, 1, 24, 2, 1, 0, 1, NULL, '01', 'FA01', '24', 0.00, 0.00, 200.00, 0.00, 0.00, 0.00, 1, 0.00, 0.00, 200.00, 0.00, 0.00, '2025-09-03 17:01:49', NULL, 'CONTADO', '4', NULL, NULL, NULL, 1, '2025-09-04 13:21:38', 'libs/ApiFacturacion/xml/20162270134-01-FA01-24.XML', 'libs/ApiFacturacion/cdr/R-20162270134-01-FA01-24.XML', 'La Factura numero FA01-24, ha sido aceptado', NULL, 0, 1),
(25, 1, 1, 25, 2, 1, 0, 1, NULL, '01', 'FA01', '25', 0.00, 0.00, 200.00, 0.00, 0.00, 0.00, 1, 0.00, 0.00, 200.00, 0.00, 0.00, '2025-09-03 17:01:49', NULL, 'CONTADO', '4', NULL, NULL, NULL, 1, '2025-09-05 17:33:39', 'libs/ApiFacturacion/xml/20162270134-01-FA01-25.XML', 'libs/ApiFacturacion/cdr/R-20162270134-01-FA01-25.XML', 'La Factura numero FA01-25, ha sido aceptado', NULL, 1, 0),
(26, 1, 1, 26, 2, 1, 0, 1, NULL, '01', 'FA01', '26', 0.00, 0.00, 200.00, 0.00, 0.00, 0.00, 1, 0.00, 0.00, 200.00, 0.00, 0.00, '2025-09-03 17:01:49', NULL, 'CONTADO', '4', NULL, NULL, NULL, 1, '2025-09-04 13:21:57', 'libs/ApiFacturacion/xml/20162270134-01-FA01-26.XML', 'libs/ApiFacturacion/cdr/R-20162270134-01-FA01-26.XML', 'La Factura numero FA01-26, ha sido aceptado', NULL, 0, 1),
(27, 1, 1, 27, 2, 1, 0, 1, NULL, '01', 'FA01', '27', 0.00, 0.00, 200.00, 0.00, 0.00, 0.00, 1, 0.00, 0.00, 200.00, 0.00, 0.00, '2025-09-03 17:01:49', NULL, 'CONTADO', '4', NULL, NULL, NULL, 1, '2025-09-05 17:34:09', 'libs/ApiFacturacion/xml/20162270134-01-FA01-27.XML', 'libs/ApiFacturacion/cdr/R-20162270134-01-FA01-27.XML', 'La Factura numero FA01-27, ha sido aceptado', NULL, 1, 0),
(28, 1, 1, 28, 2, 1, 0, 1, NULL, '01', 'FA01', '28', 0.00, 0.00, 100.00, 0.00, 0.00, 0.00, 1, 0.00, 0.00, 100.00, 0.00, 0.00, '2025-09-03 17:02:21', NULL, 'CONTADO', '4', NULL, NULL, NULL, 1, '2025-09-04 13:23:16', 'libs/ApiFacturacion/xml/20162270134-01-FA01-28.XML', 'libs/ApiFacturacion/cdr/R-20162270134-01-FA01-28.XML', 'La Factura numero FA01-28, ha sido aceptado', NULL, 0, 1),
(29, 1, 1, 29, 2, 1, 0, 1, NULL, '01', 'FA01', '29', 0.00, 0.00, 100.00, 0.00, 0.00, 0.00, 1, 0.00, 0.00, 100.00, 0.00, 0.00, '2025-09-03 17:02:21', NULL, 'CONTADO', '4', NULL, NULL, NULL, 1, '2025-09-04 13:23:26', 'libs/ApiFacturacion/xml/20162270134-01-FA01-29.XML', 'libs/ApiFacturacion/cdr/R-20162270134-01-FA01-29.XML', 'La Factura numero FA01-29, ha sido aceptado', NULL, 0, 1),
(30, 1, 1, 30, 2, 1, 0, 1, NULL, '01', 'FA01', '30', 0.00, 0.00, 100.00, 0.00, 0.00, 0.00, 1, 0.00, 0.00, 100.00, 0.00, 0.00, '2025-09-03 17:02:21', NULL, 'CONTADO', '4', NULL, NULL, NULL, 1, '2025-09-05 17:34:39', 'libs/ApiFacturacion/xml/20162270134-01-FA01-30.XML', 'libs/ApiFacturacion/cdr/R-20162270134-01-FA01-30.XML', 'La Factura numero FA01-30, ha sido aceptado', NULL, 1, 0),
(31, 1, 1, 31, 2, 1, 0, 1, NULL, '01', 'FA01', '31', 0.00, 0.00, 100.00, 0.00, 0.00, 0.00, 1, 0.00, 0.00, 100.00, 0.00, 0.00, '2025-09-03 17:02:21', NULL, 'CONTADO', '4', NULL, NULL, NULL, 1, '2025-09-04 13:23:43', 'libs/ApiFacturacion/xml/20162270134-01-FA01-31.XML', 'libs/ApiFacturacion/cdr/R-20162270134-01-FA01-31.XML', 'La Factura numero FA01-31, ha sido aceptado', NULL, 0, 1),
(32, 1, 1, 32, 2, 1, 0, 1, NULL, '01', 'FA01', '32', 0.00, 0.00, 100.00, 0.00, 0.00, 0.00, 1, 0.00, 0.00, 100.00, 0.00, 0.00, '2025-09-03 17:02:21', NULL, 'CONTADO', '4', NULL, NULL, NULL, 1, '2025-09-04 13:23:56', 'libs/ApiFacturacion/xml/20162270134-01-FA01-32.XML', 'libs/ApiFacturacion/cdr/R-20162270134-01-FA01-32.XML', 'La Factura numero FA01-32, ha sido aceptado', NULL, 0, 1),
(33, 1, 1, 33, 2, 1, 0, 1, NULL, '01', 'FA01', '33', 0.00, 0.00, 100.00, 0.00, 0.00, 0.00, 1, 0.00, 0.00, 100.00, 0.00, 0.00, '2025-09-03 17:02:21', NULL, 'CONTADO', '4', NULL, NULL, NULL, 1, '2025-09-04 13:24:08', 'libs/ApiFacturacion/xml/20162270134-01-FA01-33.XML', 'libs/ApiFacturacion/cdr/R-20162270134-01-FA01-33.XML', 'La Factura numero FA01-33, ha sido aceptado', NULL, 0, 1),
(34, 1, 1, 34, 2, 1, 0, 1, NULL, '01', 'FA01', '34', 0.00, 0.00, 100.00, 0.00, 0.00, 0.00, 1, 0.00, 0.00, 100.00, 0.00, 0.00, '2025-09-03 17:02:21', NULL, 'CONTADO', '4', NULL, NULL, NULL, 1, '2025-09-04 13:24:33', 'libs/ApiFacturacion/xml/20162270134-01-FA01-34.XML', 'libs/ApiFacturacion/cdr/R-20162270134-01-FA01-34.XML', 'La Factura numero FA01-34, ha sido aceptado', NULL, 0, 1),
(35, 1, 1, 35, 2, 1, 0, 1, NULL, '01', 'FA01', '35', 0.00, 0.00, 100.00, 0.00, 0.00, 0.00, 1, 0.00, 0.00, 100.00, 0.00, 0.00, '2025-09-03 17:02:21', NULL, 'CONTADO', '4', NULL, NULL, NULL, 1, '2025-09-04 13:24:44', 'libs/ApiFacturacion/xml/20162270134-01-FA01-35.XML', 'libs/ApiFacturacion/cdr/R-20162270134-01-FA01-35.XML', 'La Factura numero FA01-35, ha sido aceptado', NULL, 0, 1),
(36, 1, 1, 36, 2, 1, 0, 1, NULL, '01', 'FA01', '36', 0.00, 0.00, 100.00, 0.00, 0.00, 0.00, 1, 0.00, 0.00, 100.00, 0.00, 0.00, '2025-09-03 17:02:21', NULL, 'CONTADO', '4', NULL, NULL, NULL, 1, '2025-09-04 13:24:54', 'libs/ApiFacturacion/xml/20162270134-01-FA01-36.XML', 'libs/ApiFacturacion/cdr/R-20162270134-01-FA01-36.XML', 'La Factura numero FA01-36, ha sido aceptado', NULL, 0, 1),
(37, 1, 1, 37, 2, 1, 0, 1, NULL, '01', 'FA01', '37', 0.00, 0.00, 100.00, 0.00, 0.00, 0.00, 1, 0.00, 0.00, 100.00, 0.00, 0.00, '2025-09-03 17:02:21', NULL, 'CONTADO', '4', NULL, NULL, NULL, 1, '2025-09-04 13:25:05', 'libs/ApiFacturacion/xml/20162270134-01-FA01-37.XML', 'libs/ApiFacturacion/cdr/R-20162270134-01-FA01-37.XML', 'La Factura numero FA01-37, ha sido aceptado', NULL, 0, 1),
(38, 1, 1, 38, 2, 1, 0, 1, NULL, '01', 'FA01', '38', 0.00, 0.00, 100.00, 0.00, 0.00, 0.00, 1, 0.00, 0.00, 100.00, 0.00, 0.00, '2025-09-03 17:02:21', NULL, 'CONTADO', '4', NULL, NULL, NULL, 1, '2025-09-04 13:25:16', 'libs/ApiFacturacion/xml/20162270134-01-FA01-38.XML', 'libs/ApiFacturacion/cdr/R-20162270134-01-FA01-38.XML', 'La Factura numero FA01-38, ha sido aceptado', NULL, 0, 1),
(39, 1, 1, 39, 2, 1, 0, 1, NULL, '01', 'FA01', '39', 0.00, 0.00, 100.00, 0.00, 0.00, 0.00, 1, 0.00, 0.00, 100.00, 0.00, 0.00, '2025-09-03 17:02:21', NULL, 'CONTADO', '4', NULL, NULL, NULL, 1, '2025-09-05 17:23:13', 'libs/ApiFacturacion/xml/20162270134-01-FA01-39.XML', 'libs/ApiFacturacion/cdr/R-20162270134-01-FA01-39.XML', 'La Factura numero FA01-39, ha sido aceptado', NULL, 1, 0),
(40, 1, 1, 40, 2, 1, 0, 1, NULL, '01', 'FA01', '40', 0.00, 0.00, 100.00, 0.00, 0.00, 0.00, 1, 0.00, 0.00, 100.00, 0.00, 0.00, '2025-09-03 17:02:21', NULL, 'CONTADO', '4', NULL, NULL, NULL, 1, '2025-09-04 13:25:39', 'libs/ApiFacturacion/xml/20162270134-01-FA01-40.XML', 'libs/ApiFacturacion/cdr/R-20162270134-01-FA01-40.XML', 'La Factura numero FA01-40, ha sido aceptado', NULL, 1, 0),
(41, 1, 1, 41, 2, 1, 0, 1, NULL, '01', 'FA01', '41', 0.00, 0.00, 100.00, 0.00, 0.00, 0.00, 1, 0.00, 0.00, 100.00, 0.00, 0.00, '2025-09-03 17:02:21', NULL, 'CONTADO', '4', NULL, NULL, NULL, 1, '2025-09-04 13:25:51', 'libs/ApiFacturacion/xml/20162270134-01-FA01-41.XML', 'libs/ApiFacturacion/cdr/R-20162270134-01-FA01-41.XML', 'La Factura numero FA01-41, ha sido aceptado', NULL, 0, 1),
(42, 1, 1, 42, 2, 1, 0, 1, NULL, '01', 'FA01', '42', 0.00, 0.00, 100.00, 0.00, 0.00, 0.00, 1, 0.00, 0.00, 100.00, 0.00, 0.00, '2025-09-03 17:02:21', NULL, 'CONTADO', '4', NULL, NULL, NULL, 1, '2025-09-05 17:35:10', 'libs/ApiFacturacion/xml/20162270134-01-FA01-42.XML', 'libs/ApiFacturacion/cdr/R-20162270134-01-FA01-42.XML', 'La Factura numero FA01-42, ha sido aceptado', NULL, 1, 0),
(43, 1, 1, 43, 2, 1, 0, 1, NULL, '01', 'FA01', '43', 0.00, 0.00, 100.00, 0.00, 0.00, 0.00, 1, 0.00, 0.00, 100.00, 0.00, 0.00, '2025-09-03 17:02:21', NULL, 'CONTADO', '4', NULL, NULL, NULL, 1, '2025-09-05 17:35:34', 'libs/ApiFacturacion/xml/20162270134-01-FA01-43.XML', 'libs/ApiFacturacion/cdr/R-20162270134-01-FA01-43.XML', 'La Factura numero FA01-43, ha sido aceptado', NULL, 1, 0),
(44, 1, 1, 44, 2, 1, 0, 1, NULL, '01', 'FA01', '44', 0.00, 0.00, 100.00, 0.00, 0.00, 0.00, 1, 0.00, 0.00, 100.00, 0.00, 0.00, '2025-09-03 17:02:21', NULL, 'CONTADO', '4', NULL, NULL, NULL, 1, '2025-09-04 13:28:17', 'libs/ApiFacturacion/xml/20162270134-01-FA01-44.XML', 'libs/ApiFacturacion/cdr/R-20162270134-01-FA01-44.XML', 'La Factura numero FA01-44, ha sido aceptado', NULL, 0, 1),
(45, 1, 1, 45, 2, 1, 0, 1, NULL, '01', 'FA01', '45', 0.00, 0.00, 100.00, 0.00, 0.00, 0.00, 1, 0.00, 0.00, 100.00, 0.00, 0.00, '2025-09-03 17:02:21', NULL, 'CONTADO', '4', NULL, NULL, NULL, 1, '2025-09-04 13:28:29', 'libs/ApiFacturacion/xml/20162270134-01-FA01-45.XML', 'libs/ApiFacturacion/cdr/R-20162270134-01-FA01-45.XML', 'La Factura numero FA01-45, ha sido aceptado', NULL, 0, 1),
(46, 1, 1, 46, 2, 1, 0, 1, NULL, '01', 'FA01', '46', 0.00, 0.00, 100.00, 0.00, 0.00, 0.00, 1, 0.00, 0.00, 100.00, 0.00, 0.00, '2025-09-03 17:02:21', NULL, 'CONTADO', '4', NULL, NULL, NULL, 1, '2025-09-04 13:28:55', 'libs/ApiFacturacion/xml/20162270134-01-FA01-46.XML', 'libs/ApiFacturacion/cdr/R-20162270134-01-FA01-46.XML', 'La Factura numero FA01-46, ha sido aceptado', NULL, 0, 1),
(47, 1, 1, 47, 2, 1, 0, 1, NULL, '01', 'FA01', '47', 0.00, 0.00, 100.00, 0.00, 0.00, 0.00, 1, 0.00, 0.00, 100.00, 0.00, 0.00, '2025-09-03 17:02:21', NULL, 'CONTADO', '4', NULL, NULL, NULL, 1, '2025-09-04 13:29:07', 'libs/ApiFacturacion/xml/20162270134-01-FA01-47.XML', 'libs/ApiFacturacion/cdr/R-20162270134-01-FA01-47.XML', 'La Factura numero FA01-47, ha sido aceptado', NULL, 0, 1),
(48, 1, 1, 48, 2, 1, 0, 1, NULL, '01', 'FA01', '48', 0.00, 0.00, 100.00, 0.00, 0.00, 0.00, 1, 0.00, 0.00, 100.00, 0.00, 0.00, '2025-09-03 17:02:21', NULL, 'CONTADO', '4', NULL, NULL, NULL, 1, '2025-09-04 13:29:28', 'libs/ApiFacturacion/xml/20162270134-01-FA01-48.XML', 'libs/ApiFacturacion/cdr/R-20162270134-01-FA01-48.XML', 'La Factura numero FA01-48, ha sido aceptado', NULL, 0, 1),
(49, 1, 1, 49, 2, 1, 0, 1, NULL, '01', 'FA01', '49', 0.00, 0.00, 100.00, 0.00, 0.00, 0.00, 1, 0.00, 0.00, 100.00, 0.00, 0.00, '2025-09-03 17:02:21', NULL, 'CONTADO', '4', NULL, NULL, NULL, 1, '2025-09-04 13:29:40', 'libs/ApiFacturacion/xml/20162270134-01-FA01-49.XML', 'libs/ApiFacturacion/cdr/R-20162270134-01-FA01-49.XML', 'La Factura numero FA01-49, ha sido aceptado', NULL, 0, 1),
(50, 1, 1, 50, 2, 1, 0, 1, NULL, '01', 'FA01', '50', 0.00, 0.00, 100.00, 0.00, 0.00, 0.00, 1, 0.00, 0.00, 100.00, 0.00, 0.00, '2025-09-03 17:02:21', NULL, 'CONTADO', '4', NULL, NULL, NULL, 1, '2025-09-04 13:29:51', 'libs/ApiFacturacion/xml/20162270134-01-FA01-50.XML', 'libs/ApiFacturacion/cdr/R-20162270134-01-FA01-50.XML', 'La Factura numero FA01-50, ha sido aceptado', NULL, 0, 1),
(51, 1, 1, 51, 2, 1, 0, 1, NULL, '01', 'FA01', '51', 0.00, 0.00, 100.00, 0.00, 0.00, 0.00, 1, 0.00, 0.00, 100.00, 0.00, 0.00, '2025-09-03 17:02:21', NULL, 'CONTADO', '4', NULL, NULL, NULL, 1, '2025-09-05 17:36:01', 'libs/ApiFacturacion/xml/20162270134-01-FA01-51.XML', 'libs/ApiFacturacion/cdr/R-20162270134-01-FA01-51.XML', 'La Factura numero FA01-51, ha sido aceptado', NULL, 1, 0),
(52, 1, 1, 52, 2, 1, 0, 1, NULL, '01', 'FA01', '52', 0.00, 0.00, 100.00, 0.00, 0.00, 0.00, 1, 0.00, 0.00, 100.00, 0.00, 0.00, '2025-09-03 17:02:21', NULL, 'CONTADO', '4', NULL, NULL, NULL, 1, '2025-09-04 13:30:17', 'libs/ApiFacturacion/xml/20162270134-01-FA01-52.XML', 'libs/ApiFacturacion/cdr/R-20162270134-01-FA01-52.XML', 'La Factura numero FA01-52, ha sido aceptado', NULL, 0, 1),
(53, 1, 1, 53, 2, 1, 0, 1, NULL, '01', 'FA01', '53', 0.00, 0.00, 100.00, 0.00, 0.00, 0.00, 1, 0.00, 0.00, 100.00, 0.00, 0.00, '2025-09-03 17:02:21', NULL, 'CONTADO', '4', NULL, NULL, NULL, 1, '2025-09-05 17:36:35', 'libs/ApiFacturacion/xml/20162270134-01-FA01-53.XML', 'libs/ApiFacturacion/cdr/R-20162270134-01-FA01-53.XML', 'La Factura numero FA01-53, ha sido aceptado', NULL, 1, 0),
(54, 1, 1, 54, 2, 1, 0, 1, NULL, '01', 'FA01', '54', 0.00, 0.00, 100.00, 0.00, 0.00, 0.00, 1, 0.00, 0.00, 100.00, 0.00, 0.00, '2025-09-03 17:02:21', NULL, 'CONTADO', '4', NULL, NULL, NULL, 1, '2025-09-04 13:30:32', 'libs/ApiFacturacion/xml/20162270134-01-FA01-54.XML', 'libs/ApiFacturacion/cdr/R-20162270134-01-FA01-54.XML', 'La Factura numero FA01-54, ha sido aceptado', NULL, 0, 1),
(55, 1, 1, 55, 2, 1, 0, 1, NULL, '01', 'FA01', '55', 0.00, 0.00, 100.00, 0.00, 0.00, 0.00, 1, 0.00, 0.00, 100.00, 0.00, 0.00, '2025-09-03 17:02:21', NULL, 'CONTADO', '4', NULL, NULL, NULL, 1, '2025-09-04 13:30:50', 'libs/ApiFacturacion/xml/20162270134-01-FA01-55.XML', 'libs/ApiFacturacion/cdr/R-20162270134-01-FA01-55.XML', 'La Factura numero FA01-55, ha sido aceptado', NULL, 0, 1),
(56, 1, 1, 56, 2, 1, 0, 1, NULL, '01', 'FA01', '56', 0.00, 0.00, 100.00, 0.00, 0.00, 0.00, 1, 0.00, 0.00, 100.00, 0.00, 0.00, '2025-09-03 17:02:21', NULL, 'CONTADO', '4', NULL, NULL, NULL, 1, '2025-09-04 13:31:00', 'libs/ApiFacturacion/xml/20162270134-01-FA01-56.XML', 'libs/ApiFacturacion/cdr/R-20162270134-01-FA01-56.XML', 'La Factura numero FA01-56, ha sido aceptado', NULL, 0, 1),
(57, 1, 1, 57, 2, 1, 0, 1, NULL, '01', 'FA01', '57', 0.00, 0.00, 100.00, 0.00, 0.00, 0.00, 1, 0.00, 0.00, 100.00, 0.00, 0.00, '2025-09-03 17:02:21', NULL, 'CONTADO', '4', NULL, NULL, NULL, 1, '2025-09-05 17:37:13', 'libs/ApiFacturacion/xml/20162270134-01-FA01-57.XML', 'libs/ApiFacturacion/cdr/R-20162270134-01-FA01-57.XML', 'La Factura numero FA01-57, ha sido aceptado', NULL, 1, 0),
(58, 1, 1, 58, 2, 1, 0, 1, NULL, '01', 'FA01', '58', 0.00, 0.00, 100.00, 0.00, 0.00, 0.00, 1, 0.00, 0.00, 100.00, 0.00, 0.00, '2025-09-03 17:02:21', NULL, 'CONTADO', '4', NULL, NULL, NULL, 1, '2025-09-04 13:31:49', 'libs/ApiFacturacion/xml/20162270134-01-FA01-58.XML', 'libs/ApiFacturacion/cdr/R-20162270134-01-FA01-58.XML', 'La Factura numero FA01-58, ha sido aceptado', NULL, 0, 1),
(59, 1, 1, 63, 2, 1, 0, 1, NULL, '01', 'FA01', '59', 0.00, 0.00, 100.00, 0.00, 0.00, 0.00, 1, 0.00, 0.00, 100.00, 0.00, 0.00, '2025-09-03 17:02:21', NULL, 'CONTADO', '4', NULL, NULL, NULL, 1, '2025-09-04 13:32:49', 'libs/ApiFacturacion/xml/20162270134-01-FA01-59.XML', 'libs/ApiFacturacion/cdr/R-20162270134-01-FA01-59.XML', 'La Factura numero FA01-59, ha sido aceptado', NULL, 0, 1),
(60, 1, 1, 64, 2, 1, 0, 1, NULL, '01', 'FA01', '60', 0.00, 0.00, 100.00, 0.00, 0.00, 0.00, 1, 0.00, 0.00, 100.00, 0.00, 0.00, '2025-09-03 17:02:21', NULL, 'CONTADO', '4', NULL, NULL, NULL, 1, '2025-09-04 13:33:02', 'libs/ApiFacturacion/xml/20162270134-01-FA01-60.XML', 'libs/ApiFacturacion/cdr/R-20162270134-01-FA01-60.XML', 'La Factura numero FA01-60, ha sido aceptado', NULL, 0, 1),
(61, 1, 1, 65, 2, 1, 0, 1, NULL, '01', 'FA01', '61', 0.00, 0.00, 100.00, 0.00, 0.00, 0.00, 1, 0.00, 0.00, 100.00, 0.00, 0.00, '2025-09-03 17:02:21', NULL, 'CONTADO', '4', NULL, NULL, NULL, 1, '2025-09-04 13:33:12', 'libs/ApiFacturacion/xml/20162270134-01-FA01-61.XML', 'libs/ApiFacturacion/cdr/R-20162270134-01-FA01-61.XML', 'La Factura numero FA01-61, ha sido aceptado', NULL, 0, 1),
(62, 1, 1, 66, 2, 1, 0, 1, NULL, '01', 'FA01', '62', 0.00, 0.00, 100.00, 0.00, 0.00, 0.00, 1, 0.00, 0.00, 100.00, 0.00, 0.00, '2025-09-03 17:02:21', NULL, 'CONTADO', '4', NULL, NULL, NULL, 1, '2025-09-04 13:33:27', 'libs/ApiFacturacion/xml/20162270134-01-FA01-62.XML', 'libs/ApiFacturacion/cdr/R-20162270134-01-FA01-62.XML', 'La Factura numero FA01-62, ha sido aceptado', NULL, 0, 1),
(63, 1, 1, 67, 2, 1, 0, 1, NULL, '01', 'FA01', '63', 0.00, 0.00, 50.00, 0.00, 0.00, 0.00, 1, 0.00, 0.00, 50.00, 0.00, 0.00, '2025-09-03 17:02:34', NULL, 'CONTADO', '4', NULL, NULL, NULL, 1, '2025-09-04 13:33:37', 'libs/ApiFacturacion/xml/20162270134-01-FA01-63.XML', 'libs/ApiFacturacion/cdr/R-20162270134-01-FA01-63.XML', 'La Factura numero FA01-63, ha sido aceptado', NULL, 0, 1),
(64, 1, 1, 68, 2, 1, 0, 1, NULL, '01', 'FA01', '64', 0.00, 0.00, 50.00, 0.00, 0.00, 0.00, 1, 0.00, 0.00, 50.00, 0.00, 0.00, '2025-09-03 17:02:34', NULL, 'CONTADO', '4', NULL, NULL, NULL, 1, '2025-09-04 13:37:03', 'libs/ApiFacturacion/xml/20162270134-01-FA01-64.XML', 'libs/ApiFacturacion/cdr/R-20162270134-01-FA01-64.XML', 'La Factura numero FA01-64, ha sido aceptado', NULL, 0, 1),
(65, 1, 1, 69, 2, 1, 0, 1, NULL, '01', 'FA01', '65', 0.00, 0.00, 50.00, 0.00, 0.00, 0.00, 1, 0.00, 0.00, 50.00, 0.00, 0.00, '2025-09-03 17:02:34', NULL, 'CONTADO', '4', NULL, NULL, NULL, 1, '2025-09-05 17:37:41', 'libs/ApiFacturacion/xml/20162270134-01-FA01-65.XML', 'libs/ApiFacturacion/cdr/R-20162270134-01-FA01-65.XML', 'La Factura numero FA01-65, ha sido aceptado', NULL, 1, 0),
(66, 1, 1, 70, 2, 1, 0, 1, NULL, '01', 'FA01', '66', 0.00, 0.00, 50.00, 0.00, 0.00, 0.00, 1, 0.00, 0.00, 50.00, 0.00, 0.00, '2025-09-03 17:02:34', NULL, 'CONTADO', '4', NULL, NULL, NULL, 1, '2025-09-04 13:37:55', 'libs/ApiFacturacion/xml/20162270134-01-FA01-66.XML', 'libs/ApiFacturacion/cdr/R-20162270134-01-FA01-66.XML', 'La Factura numero FA01-66, ha sido aceptado', NULL, 0, 1),
(67, 1, 1, 71, 2, 1, 0, 1, NULL, '01', 'FA01', '67', 0.00, 0.00, 50.00, 0.00, 0.00, 0.00, 1, 0.00, 0.00, 50.00, 0.00, 0.00, '2025-09-03 17:02:34', NULL, 'CONTADO', '4', NULL, NULL, NULL, 1, '2025-09-04 13:38:07', 'libs/ApiFacturacion/xml/20162270134-01-FA01-67.XML', 'libs/ApiFacturacion/cdr/R-20162270134-01-FA01-67.XML', 'La Factura numero FA01-67, ha sido aceptado', NULL, 0, 1),
(68, 1, 1, 72, 2, 1, 0, 1, NULL, '01', 'FA01', '68', 0.00, 0.00, 50.00, 0.00, 0.00, 0.00, 1, 0.00, 0.00, 50.00, 0.00, 0.00, '2025-09-03 17:02:34', NULL, 'CONTADO', '4', NULL, NULL, NULL, 1, '2025-09-04 13:38:18', 'libs/ApiFacturacion/xml/20162270134-01-FA01-68.XML', 'libs/ApiFacturacion/cdr/R-20162270134-01-FA01-68.XML', 'La Factura numero FA01-68, ha sido aceptado', NULL, 0, 1),
(69, 1, 1, 73, 2, 1, 0, 1, NULL, '01', 'FA01', '69', 0.00, 0.00, 50.00, 0.00, 0.00, 0.00, 1, 0.00, 0.00, 50.00, 0.00, 0.00, '2025-09-03 17:02:34', NULL, 'CONTADO', '4', NULL, NULL, NULL, 1, '2025-09-04 13:38:29', 'libs/ApiFacturacion/xml/20162270134-01-FA01-69.XML', 'libs/ApiFacturacion/cdr/R-20162270134-01-FA01-69.XML', 'La Factura numero FA01-69, ha sido aceptado', NULL, 0, 1),
(70, 1, 1, 75, 2, 1, 0, 1, NULL, '01', 'FA01', '70', 0.00, 0.00, 50.00, 0.00, 0.00, 0.00, 1, 0.00, 0.00, 50.00, 0.00, 0.00, '2025-09-03 17:02:34', NULL, 'CONTADO', '4', NULL, NULL, NULL, 1, '2025-09-04 13:39:01', 'libs/ApiFacturacion/xml/20162270134-01-FA01-70.XML', 'libs/ApiFacturacion/cdr/R-20162270134-01-FA01-70.XML', 'La Factura numero FA01-70, ha sido aceptado', NULL, 0, 1),
(71, 1, 1, 76, 2, 1, 0, 1, NULL, '01', 'FA01', '71', 0.00, 0.00, 50.00, 0.00, 0.00, 0.00, 1, 0.00, 0.00, 50.00, 0.00, 0.00, '2025-09-03 17:02:34', NULL, 'CONTADO', '4', NULL, NULL, NULL, 1, '2025-09-04 13:39:14', 'libs/ApiFacturacion/xml/20162270134-01-FA01-71.XML', 'libs/ApiFacturacion/cdr/R-20162270134-01-FA01-71.XML', 'La Factura numero FA01-71, ha sido aceptado', NULL, 0, 1),
(72, 1, 1, 77, 2, 1, 0, 1, NULL, '01', 'FA01', '72', 0.00, 0.00, 50.00, 0.00, 0.00, 0.00, 1, 0.00, 0.00, 50.00, 0.00, 0.00, '2025-09-03 17:02:34', NULL, 'CONTADO', '4', NULL, NULL, NULL, 1, '2025-09-04 13:39:32', 'libs/ApiFacturacion/xml/20162270134-01-FA01-72.XML', 'libs/ApiFacturacion/cdr/R-20162270134-01-FA01-72.XML', 'La Factura numero FA01-72, ha sido aceptado', NULL, 0, 1),
(73, 1, 1, 78, 2, 1, 0, 1, NULL, '01', 'FA01', '73', 0.00, 0.00, 50.00, 0.00, 0.00, 0.00, 1, 0.00, 0.00, 50.00, 0.00, 0.00, '2025-09-03 17:02:34', NULL, 'CONTADO', '4', NULL, NULL, NULL, 1, '2025-09-04 13:39:43', 'libs/ApiFacturacion/xml/20162270134-01-FA01-73.XML', 'libs/ApiFacturacion/cdr/R-20162270134-01-FA01-73.XML', 'La Factura numero FA01-73, ha sido aceptado', NULL, 0, 1),
(74, 1, 1, 79, 2, 1, 0, 1, NULL, '01', 'FA01', '74', 0.00, 0.00, 50.00, 0.00, 0.00, 0.00, 1, 0.00, 0.00, 50.00, 0.00, 0.00, '2025-09-03 17:02:34', NULL, 'CONTADO', '4', NULL, NULL, NULL, 1, '2025-09-04 13:39:52', 'libs/ApiFacturacion/xml/20162270134-01-FA01-74.XML', 'libs/ApiFacturacion/cdr/R-20162270134-01-FA01-74.XML', 'La Factura numero FA01-74, ha sido aceptado', NULL, 0, 1),
(75, 1, 1, 81, 2, 1, 0, 1, NULL, '01', 'FA01', '75', 0.00, 0.00, 50.00, 0.00, 0.00, 0.00, 1, 0.00, 0.00, 50.00, 0.00, 0.00, '2025-09-03 17:02:34', NULL, 'CONTADO', '4', NULL, NULL, NULL, 1, '2025-09-04 13:40:09', 'libs/ApiFacturacion/xml/20162270134-01-FA01-75.XML', 'libs/ApiFacturacion/cdr/R-20162270134-01-FA01-75.XML', 'La Factura numero FA01-75, ha sido aceptado', NULL, 0, 1),
(76, 1, 1, 82, 2, 1, 0, 1, NULL, '01', 'FA01', '76', 0.00, 0.00, 50.00, 0.00, 0.00, 0.00, 1, 0.00, 0.00, 50.00, 0.00, 0.00, '2025-09-03 17:02:34', NULL, 'CONTADO', '4', NULL, NULL, NULL, 1, '2025-09-05 17:38:47', 'libs/ApiFacturacion/xml/20162270134-01-FA01-76.XML', 'libs/ApiFacturacion/cdr/R-20162270134-01-FA01-76.XML', 'La Factura numero FA01-76, ha sido aceptado', NULL, 1, 0),
(77, 1, 1, 83, 2, 1, 0, 1, NULL, '01', 'FA01', '77', 0.00, 0.00, 50.00, 0.00, 0.00, 0.00, 1, 0.00, 0.00, 50.00, 0.00, 0.00, '2025-09-03 17:02:35', NULL, 'CONTADO', '4', NULL, NULL, NULL, 1, '2025-09-04 13:40:17', 'libs/ApiFacturacion/xml/20162270134-01-FA01-77.XML', 'libs/ApiFacturacion/cdr/R-20162270134-01-FA01-77.XML', 'La Factura numero FA01-77, ha sido aceptado', NULL, 0, 1),
(78, 1, 1, 84, 2, 1, 0, 1, NULL, '01', 'FA01', '78', 0.00, 0.00, 50.00, 0.00, 0.00, 0.00, 1, 0.00, 0.00, 50.00, 0.00, 0.00, '2025-09-03 17:02:35', NULL, 'CONTADO', '4', NULL, NULL, NULL, 1, '2025-09-04 13:40:32', 'libs/ApiFacturacion/xml/20162270134-01-FA01-78.XML', 'libs/ApiFacturacion/cdr/R-20162270134-01-FA01-78.XML', 'La Factura numero FA01-78, ha sido aceptado', NULL, 0, 1),
(79, 1, 1, 85, 2, 1, 0, 1, NULL, '01', 'FA01', '79', 0.00, 0.00, 50.00, 0.00, 0.00, 0.00, 1, 0.00, 0.00, 50.00, 0.00, 0.00, '2025-09-03 17:02:35', NULL, 'CONTADO', '4', NULL, NULL, NULL, 1, '2025-09-04 13:40:46', 'libs/ApiFacturacion/xml/20162270134-01-FA01-79.XML', 'libs/ApiFacturacion/cdr/R-20162270134-01-FA01-79.XML', 'La Factura numero FA01-79, ha sido aceptado', NULL, 0, 1),
(80, 1, 1, 86, 2, 1, 0, 1, NULL, '01', 'FA01', '80', 0.00, 0.00, 50.00, 0.00, 0.00, 0.00, 1, 0.00, 0.00, 50.00, 0.00, 0.00, '2025-09-03 17:02:35', NULL, 'CONTADO', '4', NULL, NULL, NULL, 1, '2025-09-04 13:40:58', 'libs/ApiFacturacion/xml/20162270134-01-FA01-80.XML', 'libs/ApiFacturacion/cdr/R-20162270134-01-FA01-80.XML', 'La Factura numero FA01-80, ha sido aceptado', NULL, 0, 1),
(81, 1, 1, 87, 2, 1, 0, 1, NULL, '01', 'FA01', '81', 0.00, 0.00, 50.00, 0.00, 0.00, 0.00, 1, 0.00, 0.00, 50.00, 0.00, 0.00, '2025-09-03 17:02:35', NULL, 'CONTADO', '4', NULL, NULL, NULL, 1, '2025-09-04 13:41:09', 'libs/ApiFacturacion/xml/20162270134-01-FA01-81.XML', 'libs/ApiFacturacion/cdr/R-20162270134-01-FA01-81.XML', 'La Factura numero FA01-81, ha sido aceptado', NULL, 0, 1),
(82, 1, 1, 88, 2, 1, 0, 1, NULL, '01', 'FA01', '82', 0.00, 0.00, 50.00, 0.00, 0.00, 0.00, 1, 0.00, 0.00, 50.00, 0.00, 0.00, '2025-09-03 17:02:35', NULL, 'CONTADO', '4', NULL, NULL, NULL, 1, '2025-09-04 13:41:20', 'libs/ApiFacturacion/xml/20162270134-01-FA01-82.XML', 'libs/ApiFacturacion/cdr/R-20162270134-01-FA01-82.XML', 'La Factura numero FA01-82, ha sido aceptado', NULL, 0, 1),
(83, 1, 1, 89, 2, 1, 0, 1, NULL, '01', 'FA01', '83', 0.00, 0.00, 50.00, 0.00, 0.00, 0.00, 1, 0.00, 0.00, 50.00, 0.00, 0.00, '2025-09-03 17:02:35', NULL, 'CONTADO', '4', NULL, NULL, NULL, 1, '2025-09-05 17:39:15', 'libs/ApiFacturacion/xml/20162270134-01-FA01-83.XML', 'libs/ApiFacturacion/cdr/R-20162270134-01-FA01-83.XML', 'La Factura numero FA01-83, ha sido aceptado', NULL, 1, 0),
(84, 1, 1, 90, 2, 1, 0, 1, NULL, '01', 'FA01', '84', 0.00, 0.00, 50.00, 0.00, 0.00, 0.00, 1, 0.00, 0.00, 50.00, 0.00, 0.00, '2025-09-03 17:02:35', NULL, 'CONTADO', '4', NULL, NULL, NULL, 1, '2025-09-04 13:41:28', 'libs/ApiFacturacion/xml/20162270134-01-FA01-84.XML', 'libs/ApiFacturacion/cdr/R-20162270134-01-FA01-84.XML', 'La Factura numero FA01-84, ha sido aceptado', NULL, 0, 1),
(85, 1, 1, 91, 2, 1, 0, 1, NULL, '01', 'FA01', '85', 0.00, 0.00, 50.00, 0.00, 0.00, 0.00, 1, 0.00, 0.00, 50.00, 0.00, 0.00, '2025-09-03 17:02:35', NULL, 'CONTADO', '4', NULL, NULL, NULL, 1, '2025-09-04 13:41:38', 'libs/ApiFacturacion/xml/20162270134-01-FA01-85.XML', 'libs/ApiFacturacion/cdr/R-20162270134-01-FA01-85.XML', 'La Factura numero FA01-85, ha sido aceptado', NULL, 0, 1),
(86, 1, 1, 92, 2, 1, 0, 1, NULL, '01', 'FA01', '86', 0.00, 0.00, 50.00, 0.00, 0.00, 0.00, 1, 0.00, 0.00, 50.00, 0.00, 0.00, '2025-09-03 17:02:35', NULL, 'CONTADO', '4', NULL, NULL, NULL, 1, '2025-09-04 13:41:49', 'libs/ApiFacturacion/xml/20162270134-01-FA01-86.XML', 'libs/ApiFacturacion/cdr/R-20162270134-01-FA01-86.XML', 'La Factura numero FA01-86, ha sido aceptado', NULL, 0, 1),
(87, 1, 1, 93, 2, 1, 0, 1, NULL, '01', 'FA01', '87', 0.00, 0.00, 50.00, 0.00, 0.00, 0.00, 1, 0.00, 0.00, 50.00, 0.00, 0.00, '2025-09-03 17:02:35', NULL, 'CONTADO', '4', NULL, NULL, NULL, 1, '2025-09-04 13:42:00', 'libs/ApiFacturacion/xml/20162270134-01-FA01-87.XML', 'libs/ApiFacturacion/cdr/R-20162270134-01-FA01-87.XML', 'La Factura numero FA01-87, ha sido aceptado', NULL, 0, 1),
(88, 1, 1, 95, 2, 1, 0, 1, NULL, '01', 'FA01', '88', 0.00, 0.00, 50.00, 0.00, 0.00, 0.00, 1, 0.00, 0.00, 50.00, 0.00, 0.00, '2025-09-03 17:02:35', NULL, 'CONTADO', '4', NULL, NULL, NULL, 1, '2025-09-04 13:42:13', 'libs/ApiFacturacion/xml/20162270134-01-FA01-88.XML', 'libs/ApiFacturacion/cdr/R-20162270134-01-FA01-88.XML', 'La Factura numero FA01-88, ha sido aceptado', NULL, 0, 1),
(89, 1, 1, 96, 2, 1, 0, 1, NULL, '01', 'FA01', '89', 0.00, 0.00, 50.00, 0.00, 0.00, 0.00, 1, 0.00, 0.00, 50.00, 0.00, 0.00, '2025-09-03 17:02:35', NULL, 'CONTADO', '4', NULL, NULL, NULL, 1, '2025-09-04 13:42:28', 'libs/ApiFacturacion/xml/20162270134-01-FA01-89.XML', 'libs/ApiFacturacion/cdr/R-20162270134-01-FA01-89.XML', 'La Factura numero FA01-89, ha sido aceptado', NULL, 0, 1),
(90, 1, 1, 97, 2, 1, 0, 1, NULL, '01', 'FA01', '90', 0.00, 0.00, 50.00, 0.00, 0.00, 0.00, 1, 0.00, 0.00, 50.00, 0.00, 0.00, '2025-09-03 17:02:35', NULL, 'CONTADO', '4', NULL, NULL, NULL, 1, '2025-09-04 13:42:37', 'libs/ApiFacturacion/xml/20162270134-01-FA01-90.XML', 'libs/ApiFacturacion/cdr/R-20162270134-01-FA01-90.XML', 'La Factura numero FA01-90, ha sido aceptado', NULL, 0, 1),
(91, 1, 1, 98, 2, 1, 0, 1, NULL, '01', 'FA01', '91', 0.00, 0.00, 50.00, 0.00, 0.00, 0.00, 1, 0.00, 0.00, 50.00, 0.00, 0.00, '2025-09-03 17:02:35', NULL, 'CONTADO', '4', NULL, NULL, NULL, 1, '2025-09-04 13:42:48', 'libs/ApiFacturacion/xml/20162270134-01-FA01-91.XML', 'libs/ApiFacturacion/cdr/R-20162270134-01-FA01-91.XML', 'La Factura numero FA01-91, ha sido aceptado', NULL, 0, 1),
(92, 1, 1, 99, 2, 1, 0, 1, NULL, '01', 'FA01', '92', 0.00, 0.00, 50.00, 0.00, 0.00, 0.00, 1, 0.00, 0.00, 50.00, 0.00, 0.00, '2025-09-03 17:02:35', NULL, 'CONTADO', '4', NULL, NULL, NULL, 1, '2025-09-04 13:42:59', 'libs/ApiFacturacion/xml/20162270134-01-FA01-92.XML', 'libs/ApiFacturacion/cdr/R-20162270134-01-FA01-92.XML', 'La Factura numero FA01-92, ha sido aceptado', NULL, 0, 1),
(93, 1, 1, 100, 2, 1, 0, 1, NULL, '01', 'FA01', '93', 0.00, 0.00, 50.00, 0.00, 0.00, 0.00, 1, 0.00, 0.00, 50.00, 0.00, 0.00, '2025-09-03 17:02:35', NULL, 'CONTADO', '4', NULL, NULL, NULL, 1, '2025-09-04 13:43:08', 'libs/ApiFacturacion/xml/20162270134-01-FA01-93.XML', 'libs/ApiFacturacion/cdr/R-20162270134-01-FA01-93.XML', 'La Factura numero FA01-93, ha sido aceptado', NULL, 0, 1),
(94, 1, 1, 101, 2, 1, 0, 1, NULL, '01', 'FA01', '94', 0.00, 0.00, 50.00, 0.00, 0.00, 0.00, 1, 0.00, 0.00, 50.00, 0.00, 0.00, '2025-09-03 17:02:35', NULL, 'CONTADO', '4', NULL, NULL, NULL, 1, '2025-09-04 13:43:18', 'libs/ApiFacturacion/xml/20162270134-01-FA01-94.XML', 'libs/ApiFacturacion/cdr/R-20162270134-01-FA01-94.XML', 'La Factura numero FA01-94, ha sido aceptado', NULL, 0, 1),
(95, 1, 1, 102, 2, 1, 0, 1, NULL, '01', 'FA01', '95', 0.00, 0.00, 50.00, 0.00, 0.00, 0.00, 1, 0.00, 0.00, 50.00, 0.00, 0.00, '2025-09-03 17:02:35', NULL, 'CONTADO', '4', NULL, NULL, NULL, 1, '2025-09-04 13:43:29', 'libs/ApiFacturacion/xml/20162270134-01-FA01-95.XML', 'libs/ApiFacturacion/cdr/R-20162270134-01-FA01-95.XML', 'La Factura numero FA01-95, ha sido aceptado', NULL, 0, 1),
(96, 1, 1, 103, 2, 1, 0, 1, NULL, '01', 'FA01', '96', 0.00, 0.00, 50.00, 0.00, 0.00, 0.00, 1, 0.00, 0.00, 50.00, 0.00, 0.00, '2025-09-03 17:02:35', NULL, 'CONTADO', '4', NULL, NULL, NULL, 1, '2025-09-04 13:43:39', 'libs/ApiFacturacion/xml/20162270134-01-FA01-96.XML', 'libs/ApiFacturacion/cdr/R-20162270134-01-FA01-96.XML', 'La Factura numero FA01-96, ha sido aceptado', NULL, 0, 1),
(97, 1, 1, 104, 2, 1, 0, 1, NULL, '01', 'FA01', '97', 0.00, 0.00, 50.00, 0.00, 0.00, 0.00, 1, 0.00, 0.00, 50.00, 0.00, 0.00, '2025-09-03 17:02:35', NULL, 'CONTADO', '4', NULL, NULL, NULL, 1, '2025-09-04 13:43:49', 'libs/ApiFacturacion/xml/20162270134-01-FA01-97.XML', 'libs/ApiFacturacion/cdr/R-20162270134-01-FA01-97.XML', 'La Factura numero FA01-97, ha sido aceptado', NULL, 0, 1),
(98, 1, 1, 105, 2, 1, 0, 1, NULL, '01', 'FA01', '98', 0.00, 0.00, 50.00, 0.00, 0.00, 0.00, 1, 0.00, 0.00, 50.00, 0.00, 0.00, '2025-09-03 17:02:35', NULL, 'CONTADO', '4', NULL, NULL, NULL, 1, '2025-09-04 13:43:59', 'libs/ApiFacturacion/xml/20162270134-01-FA01-98.XML', 'libs/ApiFacturacion/cdr/R-20162270134-01-FA01-98.XML', 'La Factura numero FA01-98, ha sido aceptado', NULL, 0, 1),
(99, 1, 1, 106, 2, 1, 0, 1, NULL, '01', 'FA01', '99', 0.00, 0.00, 50.00, 0.00, 0.00, 0.00, 1, 0.00, 0.00, 50.00, 0.00, 0.00, '2025-09-03 17:02:35', NULL, 'CONTADO', '4', NULL, NULL, NULL, 1, '2025-09-04 13:44:09', 'libs/ApiFacturacion/xml/20162270134-01-FA01-99.XML', 'libs/ApiFacturacion/cdr/R-20162270134-01-FA01-99.XML', 'La Factura numero FA01-99, ha sido aceptado', NULL, 0, 1),
(100, 1, 1, 107, 2, 1, 0, 1, NULL, '01', 'FA01', '100', 0.00, 0.00, 50.00, 0.00, 0.00, 0.00, 1, 0.00, 0.00, 50.00, 0.00, 0.00, '2025-09-03 17:02:35', NULL, 'CONTADO', '4', NULL, NULL, NULL, 1, '2025-09-04 13:44:18', 'libs/ApiFacturacion/xml/20162270134-01-FA01-100.XML', 'libs/ApiFacturacion/cdr/R-20162270134-01-FA01-100.XML', 'La Factura numero FA01-100, ha sido aceptado', NULL, 0, 1),
(101, 1, 1, 108, 2, 1, 0, 1, NULL, '01', 'FA01', '101', 0.00, 0.00, 50.00, 0.00, 0.00, 0.00, 1, 0.00, 0.00, 50.00, 0.00, 0.00, '2025-09-03 17:02:35', NULL, 'CONTADO', '4', NULL, NULL, NULL, 1, '2025-09-04 13:44:27', 'libs/ApiFacturacion/xml/20162270134-01-FA01-101.XML', 'libs/ApiFacturacion/cdr/R-20162270134-01-FA01-101.XML', 'La Factura numero FA01-101, ha sido aceptado', NULL, 0, 1),
(102, 1, 1, 109, 2, 1, 0, 1, NULL, '01', 'FA01', '102', 0.00, 0.00, 50.00, 0.00, 0.00, 0.00, 1, 0.00, 0.00, 50.00, 0.00, 0.00, '2025-09-03 17:02:35', NULL, 'CONTADO', '4', NULL, NULL, NULL, 1, '2025-09-04 13:44:37', 'libs/ApiFacturacion/xml/20162270134-01-FA01-102.XML', 'libs/ApiFacturacion/cdr/R-20162270134-01-FA01-102.XML', 'La Factura numero FA01-102, ha sido aceptado', NULL, 0, 1),
(103, 1, 1, 110, 2, 1, 0, 1, NULL, '01', 'FA01', '103', 0.00, 0.00, 50.00, 0.00, 0.00, 0.00, 1, 0.00, 0.00, 50.00, 0.00, 0.00, '2025-09-03 17:02:35', NULL, 'CONTADO', '4', NULL, NULL, NULL, 1, '2025-09-04 15:55:04', 'libs/ApiFacturacion/xml/20162270134-01-FA01-103.XML', 'libs/ApiFacturacion/cdr/R-20162270134-01-FA01-103.XML', 'La Factura numero FA01-103, ha sido aceptado', NULL, 0, 1),
(104, 1, 1, 111, 2, 1, 0, 1, NULL, '01', 'FA01', '104', 0.00, 0.00, 50.00, 0.00, 0.00, 0.00, 1, 0.00, 0.00, 50.00, 0.00, 0.00, '2025-09-03 17:02:35', NULL, 'CONTADO', '4', NULL, NULL, NULL, 1, '2025-09-04 13:44:44', 'libs/ApiFacturacion/xml/20162270134-01-FA01-104.XML', 'libs/ApiFacturacion/cdr/R-20162270134-01-FA01-104.XML', 'La Factura numero FA01-104, ha sido aceptado', NULL, 0, 1),
(105, 1, 1, 112, 2, 1, 0, 1, NULL, '01', 'FA01', '105', 0.00, 0.00, 50.00, 0.00, 0.00, 0.00, 1, 0.00, 0.00, 50.00, 0.00, 0.00, '2025-09-03 17:02:35', NULL, 'CONTADO', '4', NULL, NULL, NULL, 1, '2025-09-04 13:44:54', 'libs/ApiFacturacion/xml/20162270134-01-FA01-105.XML', 'libs/ApiFacturacion/cdr/R-20162270134-01-FA01-105.XML', 'La Factura numero FA01-105, ha sido aceptado', NULL, 0, 1),
(106, 1, 1, 113, 2, 1, 0, 1, NULL, '01', 'FA01', '106', 0.00, 0.00, 50.00, 0.00, 0.00, 0.00, 1, 0.00, 0.00, 50.00, 0.00, 0.00, '2025-09-03 17:02:35', NULL, 'CONTADO', '4', NULL, NULL, NULL, 1, '2025-09-04 13:45:01', 'libs/ApiFacturacion/xml/20162270134-01-FA01-106.XML', 'libs/ApiFacturacion/cdr/R-20162270134-01-FA01-106.XML', 'La Factura numero FA01-106, ha sido aceptado', NULL, 0, 1),
(107, 1, 1, 114, 2, 1, 0, 1, NULL, '01', 'FA01', '107', 0.00, 0.00, 50.00, 0.00, 0.00, 0.00, 1, 0.00, 0.00, 50.00, 0.00, 0.00, '2025-09-03 17:02:35', NULL, 'CONTADO', '4', NULL, NULL, NULL, 1, '2025-09-04 13:45:17', 'libs/ApiFacturacion/xml/20162270134-01-FA01-107.XML', 'libs/ApiFacturacion/cdr/R-20162270134-01-FA01-107.XML', 'La Factura numero FA01-107, ha sido aceptado', NULL, 0, 1),
(108, 1, 1, 115, 2, 1, 0, 1, NULL, '01', 'FA01', '108', 0.00, 0.00, 50.00, 0.00, 0.00, 0.00, 1, 0.00, 0.00, 50.00, 0.00, 0.00, '2025-09-03 17:02:35', NULL, 'CONTADO', '4', NULL, NULL, NULL, 1, '2025-09-04 15:32:04', 'libs/ApiFacturacion/xml/20162270134-01-FA01-108.XML', 'libs/ApiFacturacion/cdr/R-20162270134-01-FA01-108.XML', 'La Factura numero FA01-108, ha sido aceptado', NULL, 0, 1),
(109, 1, 1, 116, 2, 1, 0, 1, NULL, '01', 'FA01', '109', 0.00, 0.00, 50.00, 0.00, 0.00, 0.00, 1, 0.00, 0.00, 50.00, 0.00, 0.00, '2025-09-03 17:02:35', NULL, 'CONTADO', '4', NULL, NULL, NULL, 1, '2025-09-04 15:32:31', 'libs/ApiFacturacion/xml/20162270134-01-FA01-109.XML', 'libs/ApiFacturacion/cdr/R-20162270134-01-FA01-109.XML', 'La Factura numero FA01-109, ha sido aceptado', NULL, 0, 1),
(110, 1, 1, 117, 2, 1, 0, 1, NULL, '01', 'FA01', '110', 0.00, 0.00, 50.00, 0.00, 0.00, 0.00, 1, 0.00, 0.00, 50.00, 0.00, 0.00, '2025-09-03 17:02:35', NULL, 'CONTADO', '4', NULL, NULL, NULL, 1, '2025-09-04 11:35:30', 'libs/ApiFacturacion/xml/20162270134-01-FA01-110.XML', 'libs/ApiFacturacion/cdr/R-20162270134-01-FA01-110.XML', 'La Factura numero FA01-110, ha sido aceptado', NULL, 0, 1),
(111, 1, 1, 118, 2, 1, 0, 1, NULL, '01', 'FA01', '111', 0.00, 0.00, 50.00, 0.00, 0.00, 0.00, 1, 0.00, 0.00, 50.00, 0.00, 0.00, '2025-09-03 17:02:35', NULL, 'CONTADO', '4', NULL, NULL, NULL, 1, '2025-09-04 15:32:47', 'libs/ApiFacturacion/xml/20162270134-01-FA01-111.XML', 'libs/ApiFacturacion/cdr/R-20162270134-01-FA01-111.XML', 'La Factura numero FA01-111, ha sido aceptado', NULL, 0, 1),
(112, 1, 1, 119, 2, 1, 0, 1, NULL, '01', 'FA01', '112', 0.00, 0.00, 50.00, 0.00, 0.00, 0.00, 1, 0.00, 0.00, 50.00, 0.00, 0.00, '2025-09-03 17:02:35', NULL, 'CONTADO', '4', NULL, NULL, NULL, 1, '2025-09-04 15:32:56', 'libs/ApiFacturacion/xml/20162270134-01-FA01-112.XML', 'libs/ApiFacturacion/cdr/R-20162270134-01-FA01-112.XML', 'La Factura numero FA01-112, ha sido aceptado', NULL, 0, 1),
(113, 1, 1, 120, 2, 1, 0, 1, NULL, '01', 'FA01', '113', 0.00, 0.00, 50.00, 0.00, 0.00, 0.00, 1, 0.00, 0.00, 50.00, 0.00, 0.00, '2025-09-03 17:02:35', NULL, 'CONTADO', '4', NULL, NULL, NULL, 1, '2025-09-04 15:33:07', 'libs/ApiFacturacion/xml/20162270134-01-FA01-113.XML', 'libs/ApiFacturacion/cdr/R-20162270134-01-FA01-113.XML', 'La Factura numero FA01-113, ha sido aceptado', NULL, 0, 1),
(114, 1, 1, 121, 2, 1, 0, 1, NULL, '01', 'FA01', '114', 0.00, 0.00, 50.00, 0.00, 0.00, 0.00, 1, 0.00, 0.00, 50.00, 0.00, 0.00, '2025-09-03 17:02:35', NULL, 'CONTADO', '4', NULL, NULL, NULL, 1, '2025-09-04 15:33:18', 'libs/ApiFacturacion/xml/20162270134-01-FA01-114.XML', 'libs/ApiFacturacion/cdr/R-20162270134-01-FA01-114.XML', 'La Factura numero FA01-114, ha sido aceptado', NULL, 0, 1),
(115, 1, 1, 122, 2, 1, 0, 1, NULL, '01', 'FA01', '115', 0.00, 0.00, 50.00, 0.00, 0.00, 0.00, 1, 0.00, 0.00, 50.00, 0.00, 0.00, '2025-09-03 17:02:35', NULL, 'CONTADO', '4', NULL, NULL, NULL, 1, '2025-09-04 15:33:33', 'libs/ApiFacturacion/xml/20162270134-01-FA01-115.XML', 'libs/ApiFacturacion/cdr/R-20162270134-01-FA01-115.XML', 'La Factura numero FA01-115, ha sido aceptado', NULL, 0, 1),
(116, 1, 1, 123, 2, 1, 0, 1, NULL, '01', 'FA01', '116', 0.00, 0.00, 50.00, 0.00, 0.00, 0.00, 1, 0.00, 0.00, 50.00, 0.00, 0.00, '2025-09-03 17:02:35', NULL, 'CONTADO', '4', NULL, NULL, NULL, 1, '2025-09-04 15:33:41', 'libs/ApiFacturacion/xml/20162270134-01-FA01-116.XML', 'libs/ApiFacturacion/cdr/R-20162270134-01-FA01-116.XML', 'La Factura numero FA01-116, ha sido aceptado', NULL, 0, 1),
(117, 1, 1, 124, 2, 1, 0, 1, NULL, '01', 'FA01', '117', 0.00, 0.00, 50.00, 0.00, 0.00, 0.00, 1, 0.00, 0.00, 50.00, 0.00, 0.00, '2025-09-03 17:02:35', NULL, 'CONTADO', '4', NULL, NULL, NULL, 1, '2025-09-04 15:33:50', 'libs/ApiFacturacion/xml/20162270134-01-FA01-117.XML', 'libs/ApiFacturacion/cdr/R-20162270134-01-FA01-117.XML', 'La Factura numero FA01-117, ha sido aceptado', NULL, 0, 1),
(118, 1, 1, 125, 2, 1, 0, 1, NULL, '01', 'FA01', '118', 0.00, 0.00, 50.00, 0.00, 0.00, 0.00, 1, 0.00, 0.00, 50.00, 0.00, 0.00, '2025-09-03 17:02:35', NULL, 'CONTADO', '4', NULL, NULL, NULL, 1, '2025-09-04 15:33:59', 'libs/ApiFacturacion/xml/20162270134-01-FA01-118.XML', 'libs/ApiFacturacion/cdr/R-20162270134-01-FA01-118.XML', 'La Factura numero FA01-118, ha sido aceptado', NULL, 0, 1),
(119, 1, 1, 126, 2, 1, 0, 1, NULL, '01', 'FA01', '119', 0.00, 0.00, 50.00, 0.00, 0.00, 0.00, 1, 0.00, 0.00, 50.00, 0.00, 0.00, '2025-09-03 17:02:35', NULL, 'CONTADO', '4', NULL, NULL, NULL, 1, '2025-09-04 15:34:08', 'libs/ApiFacturacion/xml/20162270134-01-FA01-119.XML', 'libs/ApiFacturacion/cdr/R-20162270134-01-FA01-119.XML', 'La Factura numero FA01-119, ha sido aceptado', NULL, 0, 1),
(120, 1, 1, 127, 2, 1, 0, 1, NULL, '01', 'FA01', '120', 0.00, 0.00, 50.00, 0.00, 0.00, 0.00, 1, 0.00, 0.00, 50.00, 0.00, 0.00, '2025-09-03 17:02:35', NULL, 'CONTADO', '4', NULL, NULL, NULL, 1, '2025-09-04 15:34:18', 'libs/ApiFacturacion/xml/20162270134-01-FA01-120.XML', 'libs/ApiFacturacion/cdr/R-20162270134-01-FA01-120.XML', 'La Factura numero FA01-120, ha sido aceptado', NULL, 0, 1),
(121, 1, 1, 128, 2, 1, 0, 1, NULL, '01', 'FA01', '121', 0.00, 0.00, 50.00, 0.00, 0.00, 0.00, 1, 0.00, 0.00, 50.00, 0.00, 0.00, '2025-09-03 17:02:35', NULL, 'CONTADO', '4', NULL, NULL, NULL, 1, '2025-09-05 17:39:40', 'libs/ApiFacturacion/xml/20162270134-01-FA01-121.XML', 'libs/ApiFacturacion/cdr/R-20162270134-01-FA01-121.XML', 'La Factura numero FA01-121, ha sido aceptado', NULL, 1, 0),
(122, 1, 1, 129, 2, 1, 0, 1, NULL, '01', 'FA01', '122', 0.00, 0.00, 50.00, 0.00, 0.00, 0.00, 1, 0.00, 0.00, 50.00, 0.00, 0.00, '2025-09-03 17:02:35', NULL, 'CONTADO', '4', NULL, NULL, NULL, 1, '2025-09-04 15:34:27', 'libs/ApiFacturacion/xml/20162270134-01-FA01-122.XML', 'libs/ApiFacturacion/cdr/R-20162270134-01-FA01-122.XML', 'La Factura numero FA01-122, ha sido aceptado', NULL, 0, 1),
(123, 1, 1, 130, 2, 1, 0, 1, NULL, '01', 'FA01', '123', 0.00, 0.00, 50.00, 0.00, 0.00, 0.00, 1, 0.00, 0.00, 50.00, 0.00, 0.00, '2025-09-03 17:02:35', NULL, 'CONTADO', '4', NULL, NULL, NULL, 1, '2025-09-04 15:34:43', 'libs/ApiFacturacion/xml/20162270134-01-FA01-123.XML', 'libs/ApiFacturacion/cdr/R-20162270134-01-FA01-123.XML', 'La Factura numero FA01-123, ha sido aceptado', NULL, 0, 1),
(124, 1, 1, 131, 2, 1, 0, 1, NULL, '01', 'FA01', '124', 0.00, 0.00, 50.00, 0.00, 0.00, 0.00, 1, 0.00, 0.00, 50.00, 0.00, 0.00, '2025-09-03 17:02:35', NULL, 'CONTADO', '4', NULL, NULL, NULL, 1, '2025-09-04 15:34:55', 'libs/ApiFacturacion/xml/20162270134-01-FA01-124.XML', 'libs/ApiFacturacion/cdr/R-20162270134-01-FA01-124.XML', 'La Factura numero FA01-124, ha sido aceptado', NULL, 0, 1),
(125, 1, 1, 132, 2, 1, 0, 1, NULL, '01', 'FA01', '125', 0.00, 0.00, 50.00, 0.00, 0.00, 0.00, 1, 0.00, 0.00, 50.00, 0.00, 0.00, '2025-09-03 17:02:35', NULL, 'CONTADO', '4', NULL, NULL, NULL, 1, '2025-09-05 17:40:15', 'libs/ApiFacturacion/xml/20162270134-01-FA01-125.XML', 'libs/ApiFacturacion/cdr/R-20162270134-01-FA01-125.XML', 'La Factura numero FA01-125, ha sido aceptado', NULL, 1, 0),
(126, 1, 1, 133, 2, 1, 0, 1, NULL, '01', 'FA01', '126', 0.00, 0.00, 50.00, 0.00, 0.00, 0.00, 1, 0.00, 0.00, 50.00, 0.00, 0.00, '2025-09-03 17:02:35', NULL, 'CONTADO', '4', NULL, NULL, NULL, 1, '2025-09-04 15:35:05', 'libs/ApiFacturacion/xml/20162270134-01-FA01-126.XML', 'libs/ApiFacturacion/cdr/R-20162270134-01-FA01-126.XML', 'La Factura numero FA01-126, ha sido aceptado', NULL, 0, 1),
(127, 1, 1, 134, 2, 1, 0, 1, NULL, '01', 'FA01', '127', 0.00, 0.00, 50.00, 0.00, 0.00, 0.00, 1, 0.00, 0.00, 50.00, 0.00, 0.00, '2025-09-03 17:02:35', NULL, 'CONTADO', '4', NULL, NULL, NULL, 1, '2025-09-04 15:35:20', 'libs/ApiFacturacion/xml/20162270134-01-FA01-127.XML', 'libs/ApiFacturacion/cdr/R-20162270134-01-FA01-127.XML', 'La Factura numero FA01-127, ha sido aceptado', NULL, 0, 1),
(128, 1, 1, 135, 2, 1, 0, 1, NULL, '01', 'FA01', '128', 0.00, 0.00, 50.00, 0.00, 0.00, 0.00, 1, 0.00, 0.00, 50.00, 0.00, 0.00, '2025-09-03 17:02:35', NULL, 'CONTADO', '4', NULL, NULL, NULL, 1, '2025-09-05 17:41:21', 'libs/ApiFacturacion/xml/20162270134-01-FA01-128.XML', 'libs/ApiFacturacion/cdr/R-20162270134-01-FA01-128.XML', 'La Factura numero FA01-128, ha sido aceptado', NULL, 1, 0);
INSERT INTO `ventas` (`id_venta`, `id_empresa`, `id_usuario`, `id_cliente`, `id_tipo_pago`, `id_moneda`, `venta_condicion_resumen`, `venta_tipo_envio`, `venta_direccion`, `venta_tipo`, `venta_serie`, `venta_correlativo`, `venta_descuento_global`, `venta_totalgratuita`, `venta_totalexonerada`, `venta_totalinafecta`, `venta_totalgravada`, `venta_totaligv`, `venta_incluye_igv`, `venta_totaldescuento`, `venta_icbper`, `venta_total`, `venta_pago_cliente`, `venta_vuelto`, `venta_fecha`, `venta_observacion`, `venta_forma_pago`, `tipo_documento_modificar`, `serie_modificar`, `correlativo_modificar`, `venta_codigo_motivo_nota`, `venta_estado_sunat`, `venta_fecha_envio`, `venta_rutaXML`, `venta_rutaCDR`, `venta_respuesta_sunat`, `venta_fecha_de_baja`, `anulado_sunat`, `venta_cancelar`) VALUES
(129, 1, 1, 137, 2, 1, 0, 1, NULL, '01', 'FA01', '129', 0.00, 0.00, 50.00, 0.00, 0.00, 0.00, 1, 0.00, 0.00, 50.00, 0.00, 0.00, '2025-09-03 17:02:35', NULL, 'CONTADO', '4', NULL, NULL, NULL, 1, '2025-09-04 15:35:50', 'libs/ApiFacturacion/xml/20162270134-01-FA01-129.XML', 'libs/ApiFacturacion/cdr/R-20162270134-01-FA01-129.XML', 'La Factura numero FA01-129, ha sido aceptado', NULL, 0, 1),
(130, 1, 1, 139, 2, 1, 0, 1, NULL, '01', 'FA01', '130', 0.00, 0.00, 50.00, 0.00, 0.00, 0.00, 1, 0.00, 0.00, 50.00, 0.00, 0.00, '2025-09-03 17:02:35', NULL, 'CONTADO', '4', NULL, NULL, NULL, 1, '2025-09-04 15:36:02', 'libs/ApiFacturacion/xml/20162270134-01-FA01-130.XML', 'libs/ApiFacturacion/cdr/R-20162270134-01-FA01-130.XML', 'La Factura numero FA01-130, ha sido aceptado', NULL, 0, 1),
(131, 1, 1, 140, 2, 1, 0, 1, NULL, '01', 'FA01', '131', 0.00, 0.00, 50.00, 0.00, 0.00, 0.00, 1, 0.00, 0.00, 50.00, 0.00, 0.00, '2025-09-03 17:02:35', NULL, 'CONTADO', '4', NULL, NULL, NULL, 1, '2025-09-04 15:38:59', 'libs/ApiFacturacion/xml/20162270134-01-FA01-131.XML', 'libs/ApiFacturacion/cdr/R-20162270134-01-FA01-131.XML', 'La Factura numero FA01-131, ha sido aceptado', NULL, 0, 1),
(132, 1, 1, 141, 2, 1, 0, 1, NULL, '01', 'FA01', '132', 0.00, 0.00, 50.00, 0.00, 0.00, 0.00, 1, 0.00, 0.00, 50.00, 0.00, 0.00, '2025-09-03 17:02:35', NULL, 'CONTADO', '4', NULL, NULL, NULL, 1, '2025-09-04 15:39:58', 'libs/ApiFacturacion/xml/20162270134-01-FA01-132.XML', 'libs/ApiFacturacion/cdr/R-20162270134-01-FA01-132.XML', 'La Factura numero FA01-132, ha sido aceptado', NULL, 0, 1),
(133, 1, 1, 142, 2, 1, 0, 1, NULL, '01', 'FA01', '133', 0.00, 0.00, 50.00, 0.00, 0.00, 0.00, 1, 0.00, 0.00, 50.00, 0.00, 0.00, '2025-09-03 17:02:35', NULL, 'CONTADO', '4', NULL, NULL, NULL, 1, '2025-09-04 15:40:07', 'libs/ApiFacturacion/xml/20162270134-01-FA01-133.XML', 'libs/ApiFacturacion/cdr/R-20162270134-01-FA01-133.XML', 'La Factura numero FA01-133, ha sido aceptado', NULL, 0, 1),
(134, 1, 1, 143, 2, 1, 0, 1, NULL, '01', 'FA01', '134', 0.00, 0.00, 50.00, 0.00, 0.00, 0.00, 1, 0.00, 0.00, 50.00, 0.00, 0.00, '2025-09-03 17:02:35', NULL, 'CONTADO', '4', NULL, NULL, NULL, 1, '2025-09-04 15:40:22', 'libs/ApiFacturacion/xml/20162270134-01-FA01-134.XML', 'libs/ApiFacturacion/cdr/R-20162270134-01-FA01-134.XML', 'La Factura numero FA01-134, ha sido aceptado', NULL, 0, 1),
(135, 1, 1, 144, 2, 1, 0, 1, NULL, '01', 'FA01', '135', 0.00, 0.00, 50.00, 0.00, 0.00, 0.00, 1, 0.00, 0.00, 50.00, 0.00, 0.00, '2025-09-03 17:02:35', NULL, 'CONTADO', '4', NULL, NULL, NULL, 1, '2025-09-04 15:40:45', 'libs/ApiFacturacion/xml/20162270134-01-FA01-135.XML', 'libs/ApiFacturacion/cdr/R-20162270134-01-FA01-135.XML', 'La Factura numero FA01-135, ha sido aceptado', NULL, 0, 1),
(136, 1, 1, 145, 2, 1, 0, 1, NULL, '01', 'FA01', '136', 0.00, 0.00, 50.00, 0.00, 0.00, 0.00, 1, 0.00, 0.00, 50.00, 0.00, 0.00, '2025-09-03 17:02:35', NULL, 'CONTADO', '4', NULL, NULL, NULL, 1, '2025-09-04 15:40:54', 'libs/ApiFacturacion/xml/20162270134-01-FA01-136.XML', 'libs/ApiFacturacion/cdr/R-20162270134-01-FA01-136.XML', 'La Factura numero FA01-136, ha sido aceptado con observaciones', NULL, 0, 1),
(137, 1, 1, 146, 2, 1, 0, 1, NULL, '01', 'FA01', '137', 0.00, 0.00, 50.00, 0.00, 0.00, 0.00, 1, 0.00, 0.00, 50.00, 0.00, 0.00, '2025-09-03 17:02:35', NULL, 'CONTADO', '4', NULL, NULL, NULL, 1, '2025-09-04 15:41:07', 'libs/ApiFacturacion/xml/20162270134-01-FA01-137.XML', 'libs/ApiFacturacion/cdr/R-20162270134-01-FA01-137.XML', 'La Factura numero FA01-137, ha sido aceptado', NULL, 0, 1),
(138, 1, 1, 147, 2, 1, 0, 1, NULL, '01', 'FA01', '138', 0.00, 0.00, 50.00, 0.00, 0.00, 0.00, 1, 0.00, 0.00, 50.00, 0.00, 0.00, '2025-09-03 17:02:35', NULL, 'CONTADO', '4', NULL, NULL, NULL, 1, '2025-09-04 15:41:20', 'libs/ApiFacturacion/xml/20162270134-01-FA01-138.XML', 'libs/ApiFacturacion/cdr/R-20162270134-01-FA01-138.XML', 'La Factura numero FA01-138, ha sido aceptado', NULL, 0, 1),
(139, 1, 1, 148, 2, 1, 0, 1, NULL, '01', 'FA01', '139', 0.00, 0.00, 50.00, 0.00, 0.00, 0.00, 1, 0.00, 0.00, 50.00, 0.00, 0.00, '2025-09-03 17:02:35', NULL, 'CONTADO', '4', NULL, NULL, NULL, 1, '2025-09-05 17:05:28', 'libs/ApiFacturacion/xml/20162270134-01-FA01-139.XML', 'libs/ApiFacturacion/cdr/R-20162270134-01-FA01-139.XML', 'La Factura numero FA01-139, ha sido aceptado con observaciones', NULL, 1, 0),
(140, 1, 1, 149, 2, 1, 0, 1, NULL, '01', 'FA01', '140', 0.00, 0.00, 50.00, 0.00, 0.00, 0.00, 1, 0.00, 0.00, 50.00, 0.00, 0.00, '2025-09-03 17:02:35', NULL, 'CONTADO', '4', NULL, NULL, NULL, 1, '2025-09-05 16:47:02', 'libs/ApiFacturacion/xml/20162270134-01-FA01-140.XML', 'libs/ApiFacturacion/cdr/R-20162270134-01-FA01-140.XML', 'La Factura numero FA01-140, ha sido aceptado', NULL, 1, 0),
(141, 1, 1, 150, 2, 1, 0, 1, NULL, '01', 'FA01', '141', 0.00, 0.00, 50.00, 0.00, 0.00, 0.00, 1, 0.00, 0.00, 50.00, 0.00, 0.00, '2025-09-03 17:02:35', NULL, 'CONTADO', '4', NULL, NULL, NULL, 1, '2025-09-04 15:41:30', 'libs/ApiFacturacion/xml/20162270134-01-FA01-141.XML', 'libs/ApiFacturacion/cdr/R-20162270134-01-FA01-141.XML', 'La Factura numero FA01-141, ha sido aceptado', NULL, 0, 1),
(142, 1, 1, 151, 2, 1, 0, 1, NULL, '01', 'FA01', '142', 0.00, 0.00, 50.00, 0.00, 0.00, 0.00, 1, 0.00, 0.00, 50.00, 0.00, 0.00, '2025-09-03 17:02:35', NULL, 'CONTADO', '4', NULL, NULL, NULL, 1, '2025-09-04 15:41:39', 'libs/ApiFacturacion/xml/20162270134-01-FA01-142.XML', 'libs/ApiFacturacion/cdr/R-20162270134-01-FA01-142.XML', 'La Factura numero FA01-142, ha sido aceptado', NULL, 0, 1),
(143, 1, 1, 152, 2, 1, 0, 1, NULL, '01', 'FA01', '143', 0.00, 0.00, 50.00, 0.00, 0.00, 0.00, 1, 0.00, 0.00, 50.00, 0.00, 0.00, '2025-09-03 17:02:35', NULL, 'CONTADO', '4', NULL, NULL, NULL, 1, '2025-09-04 15:41:55', 'libs/ApiFacturacion/xml/20162270134-01-FA01-143.XML', 'libs/ApiFacturacion/cdr/R-20162270134-01-FA01-143.XML', 'La Factura numero FA01-143, ha sido aceptado', NULL, 0, 1),
(144, 1, 1, 153, 2, 1, 0, 1, NULL, '01', 'FA01', '144', 0.00, 0.00, 50.00, 0.00, 0.00, 0.00, 1, 0.00, 0.00, 50.00, 0.00, 0.00, '2025-09-03 17:02:35', NULL, 'CONTADO', '4', NULL, NULL, NULL, 1, '2025-09-04 15:42:06', 'libs/ApiFacturacion/xml/20162270134-01-FA01-144.XML', 'libs/ApiFacturacion/cdr/R-20162270134-01-FA01-144.XML', 'La Factura numero FA01-144, ha sido aceptado', NULL, 0, 1),
(145, 1, 1, 154, 2, 1, 0, 1, NULL, '01', 'FA01', '145', 0.00, 0.00, 50.00, 0.00, 0.00, 0.00, 1, 0.00, 0.00, 50.00, 0.00, 0.00, '2025-09-03 17:02:35', NULL, 'CONTADO', '4', NULL, NULL, NULL, 1, '2025-09-05 16:41:51', 'libs/ApiFacturacion/xml/20162270134-01-FA01-145.XML', 'libs/ApiFacturacion/cdr/R-20162270134-01-FA01-145.XML', 'La Factura numero FA01-145, ha sido aceptado', NULL, 1, 0),
(146, 1, 1, 155, 2, 1, 0, 1, NULL, '01', 'FA01', '146', 0.00, 0.00, 50.00, 0.00, 0.00, 0.00, 1, 0.00, 0.00, 50.00, 0.00, 0.00, '2025-09-03 17:02:35', NULL, 'CONTADO', '4', NULL, NULL, NULL, 1, '2025-09-04 15:42:16', 'libs/ApiFacturacion/xml/20162270134-01-FA01-146.XML', 'libs/ApiFacturacion/cdr/R-20162270134-01-FA01-146.XML', 'La Factura numero FA01-146, ha sido aceptado', NULL, 0, 1),
(147, 1, 1, 156, 2, 1, 0, 1, NULL, '01', 'FA01', '147', 0.00, 0.00, 50.00, 0.00, 0.00, 0.00, 1, 0.00, 0.00, 50.00, 0.00, 0.00, '2025-09-03 17:02:35', NULL, 'CONTADO', '4', NULL, NULL, NULL, 1, '2025-09-04 15:42:26', 'libs/ApiFacturacion/xml/20162270134-01-FA01-147.XML', 'libs/ApiFacturacion/cdr/R-20162270134-01-FA01-147.XML', 'La Factura numero FA01-147, ha sido aceptado', NULL, 0, 1),
(148, 1, 2, 59, 3, 1, 0, 1, NULL, '01', 'FA01', '148', 0.00, 0.00, 100.00, 0.00, 0.00, 0.00, 1, 0.00, 0.00, 100.00, 0.00, 0.00, '2025-09-04 16:49:02', NULL, 'CONTADO', '4', NULL, NULL, NULL, 1, '2025-09-04 17:00:40', 'libs/ApiFacturacion/xml/20162270134-01-FA01-148.XML', 'libs/ApiFacturacion/cdr/R-20162270134-01-FA01-148.XML', 'La Factura numero FA01-148, ha sido aceptado', NULL, 0, 1),
(149, 1, 2, 157, 3, 1, 0, 1, NULL, '01', 'FA01', '149', 0.00, 0.00, 50.00, 0.00, 0.00, 0.00, 1, 0.00, 0.00, 50.00, 0.00, 0.00, '2025-09-04 16:50:25', NULL, 'CONTADO', '4', NULL, NULL, NULL, 1, '2025-09-04 17:00:16', 'libs/ApiFacturacion/xml/20162270134-01-FA01-149.XML', 'libs/ApiFacturacion/cdr/R-20162270134-01-FA01-149.XML', 'La Factura numero FA01-149, ha sido aceptado con observaciones', NULL, 0, 1),
(150, 1, 2, 158, 3, 1, 0, 1, NULL, '01', 'FA01', '150', 0.00, 0.00, 50.00, 0.00, 0.00, 0.00, 1, 0.00, 0.00, 50.00, 0.00, 0.00, '2025-09-04 16:51:25', NULL, 'CONTADO', '4', NULL, NULL, NULL, 1, '2025-09-04 16:59:55', 'libs/ApiFacturacion/xml/20162270134-01-FA01-150.XML', 'libs/ApiFacturacion/cdr/R-20162270134-01-FA01-150.XML', 'La Factura numero FA01-150, ha sido aceptado', NULL, 0, 1),
(151, 1, 2, 159, 3, 1, 0, 1, NULL, '01', 'FA01', '151', 0.00, 0.00, 50.00, 0.00, 0.00, 0.00, 1, 0.00, 0.00, 50.00, 0.00, 0.00, '2025-09-04 16:51:38', NULL, 'CONTADO', '4', NULL, NULL, NULL, 1, '2025-09-04 16:59:47', 'libs/ApiFacturacion/xml/20162270134-01-FA01-151.XML', 'libs/ApiFacturacion/cdr/R-20162270134-01-FA01-151.XML', 'La Factura numero FA01-151, ha sido aceptado', NULL, 0, 1),
(152, 1, 2, 160, 3, 1, 0, 1, NULL, '01', 'FA01', '152', 0.00, 0.00, 50.00, 0.00, 0.00, 0.00, 1, 0.00, 0.00, 50.00, 0.00, 0.00, '2025-09-04 16:51:56', NULL, 'CONTADO', '4', NULL, NULL, NULL, 1, '2025-09-04 16:59:40', 'libs/ApiFacturacion/xml/20162270134-01-FA01-152.XML', 'libs/ApiFacturacion/cdr/R-20162270134-01-FA01-152.XML', 'La Factura numero FA01-152, ha sido aceptado', NULL, 0, 1),
(153, 1, 2, 161, 3, 1, 0, 1, NULL, '01', 'FA01', '153', 0.00, 0.00, 50.00, 0.00, 0.00, 0.00, 1, 0.00, 0.00, 50.00, 0.00, 0.00, '2025-09-04 16:53:36', NULL, 'CONTADO', '4', NULL, NULL, NULL, 1, '2025-09-04 16:59:33', 'libs/ApiFacturacion/xml/20162270134-01-FA01-153.XML', 'libs/ApiFacturacion/cdr/R-20162270134-01-FA01-153.XML', 'La Factura numero FA01-153, ha sido aceptado', NULL, 0, 1),
(154, 1, 2, 162, 3, 1, 0, 1, NULL, '01', 'FA01', '154', 0.00, 0.00, 50.00, 0.00, 0.00, 0.00, 1, 0.00, 0.00, 50.00, 0.00, 0.00, '2025-09-04 16:53:52', NULL, 'CONTADO', '4', NULL, NULL, NULL, 1, '2025-09-04 16:59:24', 'libs/ApiFacturacion/xml/20162270134-01-FA01-154.XML', 'libs/ApiFacturacion/cdr/R-20162270134-01-FA01-154.XML', 'La Factura numero FA01-154, ha sido aceptado', NULL, 0, 1),
(155, 1, 2, 163, 3, 1, 0, 1, NULL, '01', 'FA01', '155', 0.00, 0.00, 30.00, 0.00, 0.00, 0.00, 1, 0.00, 0.00, 30.00, 0.00, 0.00, '2025-09-04 16:56:43', NULL, 'CONTADO', '4', NULL, NULL, NULL, 1, '2025-09-04 16:59:15', 'libs/ApiFacturacion/xml/20162270134-01-FA01-155.XML', 'libs/ApiFacturacion/cdr/R-20162270134-01-FA01-155.XML', 'La Factura numero FA01-155, ha sido aceptado', NULL, 0, 1),
(156, 1, 2, 164, 3, 1, 0, 1, NULL, '01', 'FA01', '156', 0.00, 0.00, 30.00, 0.00, 0.00, 0.00, 1, 0.00, 0.00, 30.00, 0.00, 0.00, '2025-09-04 16:57:01', NULL, 'CONTADO', '4', NULL, NULL, NULL, 1, '2025-09-04 16:59:07', 'libs/ApiFacturacion/xml/20162270134-01-FA01-156.XML', 'libs/ApiFacturacion/cdr/R-20162270134-01-FA01-156.XML', 'La Factura numero FA01-156, ha sido aceptado', NULL, 0, 1),
(157, 1, 2, 165, 3, 1, 0, 1, NULL, '01', 'FA01', '157', 0.00, 0.00, 30.00, 0.00, 0.00, 0.00, 1, 0.00, 0.00, 30.00, 0.00, 0.00, '2025-09-04 16:57:16', NULL, 'CONTADO', '4', NULL, NULL, NULL, 1, '2025-09-04 16:58:51', 'libs/ApiFacturacion/xml/20162270134-01-FA01-157.XML', 'libs/ApiFacturacion/cdr/R-20162270134-01-FA01-157.XML', 'La Factura numero FA01-157, ha sido aceptado', NULL, 0, 1),
(158, 1, 1, 44, 3, 1, 0, 1, NULL, '07', 'FFN1', '1', 0.00, 0.00, 100.00, 0.00, 0.00, 0.00, 1, 0.00, 0.00, 100.00, 0.00, 0.00, '2025-09-11 12:49:05', NULL, 'CREDITO', '01', 'FA01', '44', '01', 1, '2025-09-11 12:53:29', 'libs/ApiFacturacion/xml/20162270134-07-FFN1-1.XML', 'libs/ApiFacturacion/cdr/R-20162270134-07-FFN1-1.XML', 'La Nota de Crédito numero FFN1-1, ha sido aceptado con observaciones', NULL, 0, 0),
(159, 1, 1, 145, 3, 1, 0, 1, NULL, '07', 'FFN1', '2', 0.00, 0.00, 50.00, 0.00, 0.00, 0.00, 1, 0.00, 0.00, 50.00, 0.00, 0.00, '2025-09-17 12:34:35', NULL, 'CREDITO', '01', 'FA01', '136', '01', 1, '2025-09-19 11:15:35', 'libs/ApiFacturacion/xml/20162270134-07-FFN1-2.XML', 'libs/ApiFacturacion/cdr/R-20162270134-07-FFN1-2.XML', 'La Nota de Crédito numero FFN1-2, ha sido aceptado con observaciones', NULL, 0, 0);

-- --------------------------------------------------------

--
-- Estructura de tabla para la tabla `ventas_anulados`
--

CREATE TABLE `ventas_anulados` (
  `id_venta_anulado` int(11) NOT NULL,
  `venta_anulado_fecha` date NOT NULL,
  `venta_anulado_serie` varchar(20) NOT NULL,
  `venta_anulado_correlativo` int(11) NOT NULL,
  `venta_anulacion_ticket` varchar(100) NOT NULL,
  `venta_anulado_rutaXML` varchar(1000) NOT NULL,
  `venta_anulado_rutaCDR` varchar(1000) DEFAULT NULL,
  `venta_anulado_estado_sunat` varchar(1000) DEFAULT NULL,
  `id_venta` int(11) NOT NULL,
  `id_user` int(11) NOT NULL,
  `venta_anulado_datetime` datetime NOT NULL DEFAULT current_timestamp(),
  `venta_anulado_estado` tinyint(4) NOT NULL DEFAULT 0
) ENGINE=InnoDB DEFAULT CHARSET=latin1 COLLATE=latin1_swedish_ci;

--
-- Volcado de datos para la tabla `ventas_anulados`
--

INSERT INTO `ventas_anulados` (`id_venta_anulado`, `venta_anulado_fecha`, `venta_anulado_serie`, `venta_anulado_correlativo`, `venta_anulacion_ticket`, `venta_anulado_rutaXML`, `venta_anulado_rutaCDR`, `venta_anulado_estado_sunat`, `id_venta`, `id_user`, `venta_anulado_datetime`, `venta_anulado_estado`) VALUES
(1, '2025-09-03', '20250905', 1, '500000371704893', 'libs/ApiFacturacion/xml/20162270134-RA-20250905-1.XML', '', 'error : ', 40, 1, '2025-09-05 18:24:48', 0),
(2, '2025-09-03', '20250905', 2, '500000371768352', 'libs/ApiFacturacion/xml/20162270134-RA-20250905-2.XML', '', 'error : ', 145, 1, '2025-09-05 21:42:28', 0),
(3, '2025-09-03', '20250905', 3, '500000371760210', 'libs/ApiFacturacion/xml/20162270134-RA-20250905-3.XML', '', 'error : ', 140, 1, '2025-09-05 21:47:12', 0),
(4, '2025-09-03', '20250905', 4, '500000371781327', 'libs/ApiFacturacion/xml/20162270134-RA-20250905-4.XML', '', 'error : ', 139, 1, '2025-09-05 17:11:59', 0),
(5, '2025-09-03', '20250905', 5, '500000371778627', 'libs/ApiFacturacion/xml/20162270134-RA-20250905-5.XML', 'libs/ApiFacturacion/cdr/R-20162270134-RA-20250905-5.XML', 'La Comunicación de Baja numero 20250905-5, ha sido aceptado', 39, 1, '2025-09-05 17:24:24', 0),
(6, '2025-09-03', '20250905', 6, '500000371785653', 'libs/ApiFacturacion/xml/20162270134-RA-20250905-6.XML', '', 'error : ', 1, 1, '2025-09-05 22:29:58', 0),
(7, '2025-09-03', '20250905', 7, '500000371781800', 'libs/ApiFacturacion/xml/20162270134-RA-20250905-7.XML', '', 'error : ', 16, 1, '2025-09-05 22:31:24', 0),
(8, '2025-09-03', '20250905', 8, '500000371770567', 'libs/ApiFacturacion/xml/20162270134-RA-20250905-8.XML', '', 'error : ', 17, 1, '2025-09-05 22:32:31', 0),
(9, '2025-09-03', '20250905', 9, '500000371761380', 'libs/ApiFacturacion/xml/20162270134-RA-20250905-9.XML', '', 'error : ', 22, 1, '2025-09-05 22:32:57', 0),
(10, '2025-09-03', '20250905', 10, '500000371666093', 'libs/ApiFacturacion/xml/20162270134-RA-20250905-10.XML', '', 'error : ', 23, 1, '2025-09-05 22:33:23', 0),
(11, '2025-09-03', '20250905', 11, '500000371765875', 'libs/ApiFacturacion/xml/20162270134-RA-20250905-11.XML', '', 'error : ', 25, 1, '2025-09-05 22:33:49', 0),
(12, '2025-09-03', '20250905', 12, '500000371785747', 'libs/ApiFacturacion/xml/20162270134-RA-20250905-12.XML', '', 'error : ', 27, 1, '2025-09-05 22:34:22', 0),
(13, '2025-09-03', '20250905', 13, '500000371785752', 'libs/ApiFacturacion/xml/20162270134-RA-20250905-13.XML', '', 'error : ', 30, 1, '2025-09-05 22:34:48', 0),
(14, '2025-09-03', '20250905', 14, '500000371785764', 'libs/ApiFacturacion/xml/20162270134-RA-20250905-14.XML', '', 'error : ', 42, 1, '2025-09-05 22:35:18', 0),
(15, '2025-09-03', '20250905', 15, '500000371765922', 'libs/ApiFacturacion/xml/20162270134-RA-20250905-15.XML', '', 'error : ', 43, 1, '2025-09-05 22:35:42', 0),
(16, '2025-09-03', '20250905', 16, '500000371765931', 'libs/ApiFacturacion/xml/20162270134-RA-20250905-16.XML', '', 'error : ', 51, 1, '2025-09-05 22:36:13', 0),
(17, '2025-09-03', '20250905', 17, '500000371783865', 'libs/ApiFacturacion/xml/20162270134-RA-20250905-17.XML', '', 'error : ', 53, 1, '2025-09-05 22:36:46', 0),
(18, '2025-09-03', '20250905', 18, '500000371773046', 'libs/ApiFacturacion/xml/20162270134-RA-20250905-18.XML', '', 'error : ', 57, 1, '2025-09-05 22:37:23', 0),
(19, '2025-09-03', '20250905', 19, '500000371765962', 'libs/ApiFacturacion/xml/20162270134-RA-20250905-19.XML', '', 'error : ', 65, 1, '2025-09-05 22:37:56', 0),
(20, '2025-09-03', '20250905', 20, '500000371666207', 'libs/ApiFacturacion/xml/20162270134-RA-20250905-20.XML', '', 'error : ', 76, 1, '2025-09-05 22:39:04', 0),
(21, '2025-09-03', '20250905', 21, '500000371770709', 'libs/ApiFacturacion/xml/20162270134-RA-20250905-21.XML', '', 'error : ', 83, 1, '2025-09-05 22:39:27', 0),
(22, '2025-09-03', '20250905', 22, '500000371781966', 'libs/ApiFacturacion/xml/20162270134-RA-20250905-22.XML', '', 'error : ', 121, 1, '2025-09-05 22:39:53', 0),
(23, '2025-09-03', '20250905', 23, '500000371773108', 'libs/ApiFacturacion/xml/20162270134-RA-20250905-23.XML', '', 'error : ', 125, 1, '2025-09-05 22:40:26', 0),
(24, '2025-09-03', '20250905', 24, '500000371779055', 'libs/ApiFacturacion/xml/20162270134-RA-20250905-24.XML', '', 'error : ', 128, 1, '2025-09-05 22:41:33', 0),
(25, '2025-09-03', '20250905', 25, '500000371779170', 'libs/ApiFacturacion/xml/20162270134-RA-20250905-25.XML', '', 'error : ', 2, 1, '2025-09-05 22:46:19', 0),
(26, '2025-09-03', '20250905', 26, '500000371773219', 'libs/ApiFacturacion/xml/20162270134-RA-20250905-26.XML', '', 'error : ', 5, 1, '2025-09-05 22:46:34', 0);

-- --------------------------------------------------------

--
-- Estructura de tabla para la tabla `ventas_cuotas`
--

CREATE TABLE `ventas_cuotas` (
  `id_ventas_cuotas` int(11) NOT NULL,
  `id_ventas` int(11) NOT NULL,
  `id_tipo_pago` int(11) NOT NULL,
  `venta_cuota_numero` varchar(30) NOT NULL,
  `venta_cuota_importe` decimal(10,2) NOT NULL,
  `venta_cuota_fecha` date NOT NULL,
  `venta_cuota_estado` tinyint(4) NOT NULL DEFAULT 1,
  `venta_cuota_datetime` datetime NOT NULL
) ENGINE=InnoDB DEFAULT CHARSET=latin1 COLLATE=latin1_swedish_ci;

-- --------------------------------------------------------

--
-- Estructura de tabla para la tabla `ventas_detalle`
--

CREATE TABLE `ventas_detalle` (
  `id_venta_detalle` int(11) NOT NULL,
  `id_venta` int(11) NOT NULL,
  `id_servicio` int(11) DEFAULT NULL,
  `venta_detalle_descripcion` varchar(500) DEFAULT NULL,
  `venta_detalle_cantidad` decimal(10,2) NOT NULL DEFAULT 1.00,
  `venta_detalle_total_igv` decimal(10,2) NOT NULL,
  `venta_detalle_porcentaje_igv` decimal(10,2) NOT NULL DEFAULT 0.18,
  `venta_detalle_precio_unitario` decimal(10,2) NOT NULL DEFAULT 0.00,
  `venta_detalle_valor_total` decimal(10,2) NOT NULL DEFAULT 0.00
) ENGINE=InnoDB DEFAULT CHARSET=utf8mb3 COLLATE=utf8mb3_unicode_ci;

--
-- Volcado de datos para la tabla `ventas_detalle`
--

INSERT INTO `ventas_detalle` (`id_venta_detalle`, `id_venta`, `id_servicio`, `venta_detalle_descripcion`, `venta_detalle_cantidad`, `venta_detalle_total_igv`, `venta_detalle_porcentaje_igv`, `venta_detalle_precio_unitario`, `venta_detalle_valor_total`) VALUES
(1, 1, 1, 'CUOTA ORDINARIA MES DE SEPTIEMBRE 2025 - CATEGORIA A', 1.00, 0.00, 0.00, 500.00, 500.00),
(2, 2, 1, 'CUOTA ORDINARIA MES DE SEPTIEMBRE 2025 - CATEGORIA A', 1.00, 0.00, 0.00, 500.00, 500.00),
(3, 3, 1, 'CUOTA ORDINARIA MES DE SEPTIEMBRE 2025 - CATEGORIA A', 1.00, 0.00, 0.00, 500.00, 500.00),
(4, 4, 1, 'CUOTA ORDINARIA MES DE SEPTIEMBRE 2025 - CATEGORIA A', 1.00, 0.00, 0.00, 500.00, 500.00),
(5, 5, 1, 'CUOTA ORDINARIA MES DE SEPTIEMBRE 2025 - CATEGORIA A', 1.00, 0.00, 0.00, 500.00, 500.00),
(6, 6, 1, 'CUOTA ORDINARIA MES DE SEPTIEMBRE 2025 - CATEGORIA A', 1.00, 0.00, 0.00, 500.00, 500.00),
(7, 7, 1, 'CUOTA ORDINARIA MES DE SEPTIEMBRE 2025 - CATEGORIA A', 1.00, 0.00, 0.00, 500.00, 500.00),
(8, 8, 1, 'CUOTA ORDINARIA MES DE SEPTIEMBRE 2025 - CATEGORIA B', 1.00, 0.00, 0.00, 200.00, 200.00),
(9, 9, 1, 'CUOTA ORDINARIA MES DE SEPTIEMBRE 2025 - CATEGORIA B', 1.00, 0.00, 0.00, 200.00, 200.00),
(10, 10, 1, 'CUOTA ORDINARIA MES DE SEPTIEMBRE 2025 - CATEGORIA B', 1.00, 0.00, 0.00, 200.00, 200.00),
(11, 11, 1, 'CUOTA ORDINARIA MES DE SEPTIEMBRE 2025 - CATEGORIA B', 1.00, 0.00, 0.00, 200.00, 200.00),
(12, 12, 1, 'CUOTA ORDINARIA MES DE SEPTIEMBRE 2025 - CATEGORIA B', 1.00, 0.00, 0.00, 200.00, 200.00),
(13, 13, 1, 'CUOTA ORDINARIA MES DE SEPTIEMBRE 2025 - CATEGORIA B', 1.00, 0.00, 0.00, 200.00, 200.00),
(14, 14, 1, 'CUOTA ORDINARIA MES DE SEPTIEMBRE 2025 - CATEGORIA B', 1.00, 0.00, 0.00, 200.00, 200.00),
(15, 15, 1, 'CUOTA ORDINARIA MES DE SEPTIEMBRE 2025 - CATEGORIA B', 1.00, 0.00, 0.00, 200.00, 200.00),
(16, 16, 1, 'CUOTA ORDINARIA MES DE SEPTIEMBRE 2025 - CATEGORIA B', 1.00, 0.00, 0.00, 200.00, 200.00),
(17, 17, 1, 'CUOTA ORDINARIA MES DE SEPTIEMBRE 2025 - CATEGORIA B', 1.00, 0.00, 0.00, 200.00, 200.00),
(18, 18, 1, 'CUOTA ORDINARIA MES DE SEPTIEMBRE 2025 - CATEGORIA B', 1.00, 0.00, 0.00, 200.00, 200.00),
(19, 19, 1, 'CUOTA ORDINARIA MES DE SEPTIEMBRE 2025 - CATEGORIA B', 1.00, 0.00, 0.00, 200.00, 200.00),
(20, 20, 1, 'CUOTA ORDINARIA MES DE SEPTIEMBRE 2025 - CATEGORIA B', 1.00, 0.00, 0.00, 200.00, 200.00),
(21, 21, 1, 'CUOTA ORDINARIA MES DE SEPTIEMBRE 2025 - CATEGORIA B', 1.00, 0.00, 0.00, 200.00, 200.00),
(22, 22, 1, 'CUOTA ORDINARIA MES DE SEPTIEMBRE 2025 - CATEGORIA B', 1.00, 0.00, 0.00, 200.00, 200.00),
(23, 23, 1, 'CUOTA ORDINARIA MES DE SEPTIEMBRE 2025 - CATEGORIA B', 1.00, 0.00, 0.00, 200.00, 200.00),
(24, 24, 1, 'CUOTA ORDINARIA MES DE SEPTIEMBRE 2025 - CATEGORIA B', 1.00, 0.00, 0.00, 200.00, 200.00),
(25, 25, 1, 'CUOTA ORDINARIA MES DE SEPTIEMBRE 2025 - CATEGORIA B', 1.00, 0.00, 0.00, 200.00, 200.00),
(26, 26, 1, 'CUOTA ORDINARIA MES DE SEPTIEMBRE 2025 - CATEGORIA B', 1.00, 0.00, 0.00, 200.00, 200.00),
(27, 27, 1, 'CUOTA ORDINARIA MES DE SEPTIEMBRE 2025 - CATEGORIA B', 1.00, 0.00, 0.00, 200.00, 200.00),
(28, 28, 1, 'CUOTA ORDINARIA MES DE SEPTIEMBRE 2025 - CATEGORIA C', 1.00, 0.00, 0.00, 100.00, 100.00),
(29, 29, 1, 'CUOTA ORDINARIA MES DE SEPTIEMBRE 2025 - CATEGORIA C', 1.00, 0.00, 0.00, 100.00, 100.00),
(30, 30, 1, 'CUOTA ORDINARIA MES DE SEPTIEMBRE 2025 - CATEGORIA C', 1.00, 0.00, 0.00, 100.00, 100.00),
(31, 31, 1, 'CUOTA ORDINARIA MES DE SEPTIEMBRE 2025 - CATEGORIA C', 1.00, 0.00, 0.00, 100.00, 100.00),
(32, 32, 1, 'CUOTA ORDINARIA MES DE SEPTIEMBRE 2025 - CATEGORIA C', 1.00, 0.00, 0.00, 100.00, 100.00),
(33, 33, 1, 'CUOTA ORDINARIA MES DE SEPTIEMBRE 2025 - CATEGORIA C', 1.00, 0.00, 0.00, 100.00, 100.00),
(34, 34, 1, 'CUOTA ORDINARIA MES DE SEPTIEMBRE 2025 - CATEGORIA C', 1.00, 0.00, 0.00, 100.00, 100.00),
(35, 35, 1, 'CUOTA ORDINARIA MES DE SEPTIEMBRE 2025 - CATEGORIA C', 1.00, 0.00, 0.00, 100.00, 100.00),
(36, 36, 1, 'CUOTA ORDINARIA MES DE SEPTIEMBRE 2025 - CATEGORIA C', 1.00, 0.00, 0.00, 100.00, 100.00),
(37, 37, 1, 'CUOTA ORDINARIA MES DE SEPTIEMBRE 2025 - CATEGORIA C', 1.00, 0.00, 0.00, 100.00, 100.00),
(38, 38, 1, 'CUOTA ORDINARIA MES DE SEPTIEMBRE 2025 - CATEGORIA C', 1.00, 0.00, 0.00, 100.00, 100.00),
(39, 39, 1, 'CUOTA ORDINARIA MES DE SEPTIEMBRE 2025 - CATEGORIA C', 1.00, 0.00, 0.00, 100.00, 100.00),
(40, 40, 1, 'CUOTA ORDINARIA MES DE SEPTIEMBRE 2025 - CATEGORIA C', 1.00, 0.00, 0.00, 100.00, 100.00),
(41, 41, 1, 'CUOTA ORDINARIA MES DE SEPTIEMBRE 2025 - CATEGORIA C', 1.00, 0.00, 0.00, 100.00, 100.00),
(42, 42, 1, 'CUOTA ORDINARIA MES DE SEPTIEMBRE 2025 - CATEGORIA C', 1.00, 0.00, 0.00, 100.00, 100.00),
(43, 43, 1, 'CUOTA ORDINARIA MES DE SEPTIEMBRE 2025 - CATEGORIA C', 1.00, 0.00, 0.00, 100.00, 100.00),
(44, 44, 1, 'CUOTA ORDINARIA MES DE SEPTIEMBRE 2025 - CATEGORIA C', 1.00, 0.00, 0.00, 100.00, 100.00),
(45, 45, 1, 'CUOTA ORDINARIA MES DE SEPTIEMBRE 2025 - CATEGORIA C', 1.00, 0.00, 0.00, 100.00, 100.00),
(46, 46, 1, 'CUOTA ORDINARIA MES DE SEPTIEMBRE 2025 - CATEGORIA C', 1.00, 0.00, 0.00, 100.00, 100.00),
(47, 47, 1, 'CUOTA ORDINARIA MES DE SEPTIEMBRE 2025 - CATEGORIA C', 1.00, 0.00, 0.00, 100.00, 100.00),
(48, 48, 1, 'CUOTA ORDINARIA MES DE SEPTIEMBRE 2025 - CATEGORIA C', 1.00, 0.00, 0.00, 100.00, 100.00),
(49, 49, 1, 'CUOTA ORDINARIA MES DE SEPTIEMBRE 2025 - CATEGORIA C', 1.00, 0.00, 0.00, 100.00, 100.00),
(50, 50, 1, 'CUOTA ORDINARIA MES DE SEPTIEMBRE 2025 - CATEGORIA C', 1.00, 0.00, 0.00, 100.00, 100.00),
(51, 51, 1, 'CUOTA ORDINARIA MES DE SEPTIEMBRE 2025 - CATEGORIA C', 1.00, 0.00, 0.00, 100.00, 100.00),
(52, 52, 1, 'CUOTA ORDINARIA MES DE SEPTIEMBRE 2025 - CATEGORIA C', 1.00, 0.00, 0.00, 100.00, 100.00),
(53, 53, 1, 'CUOTA ORDINARIA MES DE SEPTIEMBRE 2025 - CATEGORIA C', 1.00, 0.00, 0.00, 100.00, 100.00),
(54, 54, 1, 'CUOTA ORDINARIA MES DE SEPTIEMBRE 2025 - CATEGORIA C', 1.00, 0.00, 0.00, 100.00, 100.00),
(55, 55, 1, 'CUOTA ORDINARIA MES DE SEPTIEMBRE 2025 - CATEGORIA C', 1.00, 0.00, 0.00, 100.00, 100.00),
(56, 56, 1, 'CUOTA ORDINARIA MES DE SEPTIEMBRE 2025 - CATEGORIA C', 1.00, 0.00, 0.00, 100.00, 100.00),
(57, 57, 1, 'CUOTA ORDINARIA MES DE SEPTIEMBRE 2025 - CATEGORIA C', 1.00, 0.00, 0.00, 100.00, 100.00),
(58, 58, 1, 'CUOTA ORDINARIA MES DE SEPTIEMBRE 2025 - CATEGORIA C', 1.00, 0.00, 0.00, 100.00, 100.00),
(59, 59, 1, 'CUOTA ORDINARIA MES DE SEPTIEMBRE 2025 - CATEGORIA C', 1.00, 0.00, 0.00, 100.00, 100.00),
(60, 60, 1, 'CUOTA ORDINARIA MES DE SEPTIEMBRE 2025 - CATEGORIA C', 1.00, 0.00, 0.00, 100.00, 100.00),
(61, 61, 1, 'CUOTA ORDINARIA MES DE SEPTIEMBRE 2025 - CATEGORIA C', 1.00, 0.00, 0.00, 100.00, 100.00),
(62, 62, 1, 'CUOTA ORDINARIA MES DE SEPTIEMBRE 2025 - CATEGORIA C', 1.00, 0.00, 0.00, 100.00, 100.00),
(63, 63, 1, 'CUOTA ORDINARIA MES DE SEPTIEMBRE 2025 - CATEGORIA D', 1.00, 0.00, 0.00, 50.00, 50.00),
(64, 64, 1, 'CUOTA ORDINARIA MES DE SEPTIEMBRE 2025 - CATEGORIA D', 1.00, 0.00, 0.00, 50.00, 50.00),
(65, 65, 1, 'CUOTA ORDINARIA MES DE SEPTIEMBRE 2025 - CATEGORIA D', 1.00, 0.00, 0.00, 50.00, 50.00),
(66, 66, 1, 'CUOTA ORDINARIA MES DE SEPTIEMBRE 2025 - CATEGORIA D', 1.00, 0.00, 0.00, 50.00, 50.00),
(67, 67, 1, 'CUOTA ORDINARIA MES DE SEPTIEMBRE 2025 - CATEGORIA D', 1.00, 0.00, 0.00, 50.00, 50.00),
(68, 68, 1, 'CUOTA ORDINARIA MES DE SEPTIEMBRE 2025 - CATEGORIA D', 1.00, 0.00, 0.00, 50.00, 50.00),
(69, 69, 1, 'CUOTA ORDINARIA MES DE SEPTIEMBRE 2025 - CATEGORIA D', 1.00, 0.00, 0.00, 50.00, 50.00),
(70, 70, 1, 'CUOTA ORDINARIA MES DE SEPTIEMBRE 2025 - CATEGORIA D', 1.00, 0.00, 0.00, 50.00, 50.00),
(71, 71, 1, 'CUOTA ORDINARIA MES DE SEPTIEMBRE 2025 - CATEGORIA D', 1.00, 0.00, 0.00, 50.00, 50.00),
(72, 72, 1, 'CUOTA ORDINARIA MES DE SEPTIEMBRE 2025 - CATEGORIA D', 1.00, 0.00, 0.00, 50.00, 50.00),
(73, 73, 1, 'CUOTA ORDINARIA MES DE SEPTIEMBRE 2025 - CATEGORIA D', 1.00, 0.00, 0.00, 50.00, 50.00),
(74, 74, 1, 'CUOTA ORDINARIA MES DE SEPTIEMBRE 2025 - CATEGORIA D', 1.00, 0.00, 0.00, 50.00, 50.00),
(75, 75, 1, 'CUOTA ORDINARIA MES DE SEPTIEMBRE 2025 - CATEGORIA D', 1.00, 0.00, 0.00, 50.00, 50.00),
(76, 76, 1, 'CUOTA ORDINARIA MES DE SEPTIEMBRE 2025 - CATEGORIA D', 1.00, 0.00, 0.00, 50.00, 50.00),
(77, 77, 1, 'CUOTA ORDINARIA MES DE SEPTIEMBRE 2025 - CATEGORIA D', 1.00, 0.00, 0.00, 50.00, 50.00),
(78, 78, 1, 'CUOTA ORDINARIA MES DE SEPTIEMBRE 2025 - CATEGORIA D', 1.00, 0.00, 0.00, 50.00, 50.00),
(79, 79, 1, 'CUOTA ORDINARIA MES DE SEPTIEMBRE 2025 - CATEGORIA D', 1.00, 0.00, 0.00, 50.00, 50.00),
(80, 80, 1, 'CUOTA ORDINARIA MES DE SEPTIEMBRE 2025 - CATEGORIA D', 1.00, 0.00, 0.00, 50.00, 50.00),
(81, 81, 1, 'CUOTA ORDINARIA MES DE SEPTIEMBRE 2025 - CATEGORIA D', 1.00, 0.00, 0.00, 50.00, 50.00),
(82, 82, 1, 'CUOTA ORDINARIA MES DE SEPTIEMBRE 2025 - CATEGORIA D', 1.00, 0.00, 0.00, 50.00, 50.00),
(83, 83, 1, 'CUOTA ORDINARIA MES DE SEPTIEMBRE 2025 - CATEGORIA D', 1.00, 0.00, 0.00, 50.00, 50.00),
(84, 84, 1, 'CUOTA ORDINARIA MES DE SEPTIEMBRE 2025 - CATEGORIA D', 1.00, 0.00, 0.00, 50.00, 50.00),
(85, 85, 1, 'CUOTA ORDINARIA MES DE SEPTIEMBRE 2025 - CATEGORIA D', 1.00, 0.00, 0.00, 50.00, 50.00),
(86, 86, 1, 'CUOTA ORDINARIA MES DE SEPTIEMBRE 2025 - CATEGORIA D', 1.00, 0.00, 0.00, 50.00, 50.00),
(87, 87, 1, 'CUOTA ORDINARIA MES DE SEPTIEMBRE 2025 - CATEGORIA D', 1.00, 0.00, 0.00, 50.00, 50.00),
(88, 88, 1, 'CUOTA ORDINARIA MES DE SEPTIEMBRE 2025 - CATEGORIA D', 1.00, 0.00, 0.00, 50.00, 50.00),
(89, 89, 1, 'CUOTA ORDINARIA MES DE SEPTIEMBRE 2025 - CATEGORIA D', 1.00, 0.00, 0.00, 50.00, 50.00),
(90, 90, 1, 'CUOTA ORDINARIA MES DE SEPTIEMBRE 2025 - CATEGORIA D', 1.00, 0.00, 0.00, 50.00, 50.00),
(91, 91, 1, 'CUOTA ORDINARIA MES DE SEPTIEMBRE 2025 - CATEGORIA D', 1.00, 0.00, 0.00, 50.00, 50.00),
(92, 92, 1, 'CUOTA ORDINARIA MES DE SEPTIEMBRE 2025 - CATEGORIA D', 1.00, 0.00, 0.00, 50.00, 50.00),
(93, 93, 1, 'CUOTA ORDINARIA MES DE SEPTIEMBRE 2025 - CATEGORIA D', 1.00, 0.00, 0.00, 50.00, 50.00),
(94, 94, 1, 'CUOTA ORDINARIA MES DE SEPTIEMBRE 2025 - CATEGORIA D', 1.00, 0.00, 0.00, 50.00, 50.00),
(95, 95, 1, 'CUOTA ORDINARIA MES DE SEPTIEMBRE 2025 - CATEGORIA D', 1.00, 0.00, 0.00, 50.00, 50.00),
(96, 96, 1, 'CUOTA ORDINARIA MES DE SEPTIEMBRE 2025 - CATEGORIA D', 1.00, 0.00, 0.00, 50.00, 50.00),
(97, 97, 1, 'CUOTA ORDINARIA MES DE SEPTIEMBRE 2025 - CATEGORIA D', 1.00, 0.00, 0.00, 50.00, 50.00),
(98, 98, 1, 'CUOTA ORDINARIA MES DE SEPTIEMBRE 2025 - CATEGORIA D', 1.00, 0.00, 0.00, 50.00, 50.00),
(99, 99, 1, 'CUOTA ORDINARIA MES DE SEPTIEMBRE 2025 - CATEGORIA D', 1.00, 0.00, 0.00, 50.00, 50.00),
(100, 100, 1, 'CUOTA ORDINARIA MES DE SEPTIEMBRE 2025 - CATEGORIA D', 1.00, 0.00, 0.00, 50.00, 50.00),
(101, 101, 1, 'CUOTA ORDINARIA MES DE SEPTIEMBRE 2025 - CATEGORIA D', 1.00, 0.00, 0.00, 50.00, 50.00),
(102, 102, 1, 'CUOTA ORDINARIA MES DE SEPTIEMBRE 2025 - CATEGORIA D', 1.00, 0.00, 0.00, 50.00, 50.00),
(103, 103, 1, 'CUOTA ORDINARIA MES DE SEPTIEMBRE 2025 - CATEGORIA D', 1.00, 0.00, 0.00, 50.00, 50.00),
(104, 104, 1, 'CUOTA ORDINARIA MES DE SEPTIEMBRE 2025 - CATEGORIA D', 1.00, 0.00, 0.00, 50.00, 50.00),
(105, 105, 1, 'CUOTA ORDINARIA MES DE SEPTIEMBRE 2025 - CATEGORIA D', 1.00, 0.00, 0.00, 50.00, 50.00),
(106, 106, 1, 'CUOTA ORDINARIA MES DE SEPTIEMBRE 2025 - CATEGORIA D', 1.00, 0.00, 0.00, 50.00, 50.00),
(107, 107, 1, 'CUOTA ORDINARIA MES DE SEPTIEMBRE 2025 - CATEGORIA D', 1.00, 0.00, 0.00, 50.00, 50.00),
(108, 108, 1, 'CUOTA ORDINARIA MES DE SEPTIEMBRE 2025 - CATEGORIA D', 1.00, 0.00, 0.00, 50.00, 50.00),
(109, 109, 1, 'CUOTA ORDINARIA MES DE SEPTIEMBRE 2025 - CATEGORIA D', 1.00, 0.00, 0.00, 50.00, 50.00),
(110, 110, 1, 'CUOTA ORDINARIA MES DE SEPTIEMBRE 2025 - CATEGORIA D', 1.00, 0.00, 0.00, 50.00, 50.00),
(111, 111, 1, 'CUOTA ORDINARIA MES DE SEPTIEMBRE 2025 - CATEGORIA D', 1.00, 0.00, 0.00, 50.00, 50.00),
(112, 112, 1, 'CUOTA ORDINARIA MES DE SEPTIEMBRE 2025 - CATEGORIA D', 1.00, 0.00, 0.00, 50.00, 50.00),
(113, 113, 1, 'CUOTA ORDINARIA MES DE SEPTIEMBRE 2025 - CATEGORIA D', 1.00, 0.00, 0.00, 50.00, 50.00),
(114, 114, 1, 'CUOTA ORDINARIA MES DE SEPTIEMBRE 2025 - CATEGORIA D', 1.00, 0.00, 0.00, 50.00, 50.00),
(115, 115, 1, 'CUOTA ORDINARIA MES DE SEPTIEMBRE 2025 - CATEGORIA D', 1.00, 0.00, 0.00, 50.00, 50.00),
(116, 116, 1, 'CUOTA ORDINARIA MES DE SEPTIEMBRE 2025 - CATEGORIA D', 1.00, 0.00, 0.00, 50.00, 50.00),
(117, 117, 1, 'CUOTA ORDINARIA MES DE SEPTIEMBRE 2025 - CATEGORIA D', 1.00, 0.00, 0.00, 50.00, 50.00),
(118, 118, 1, 'CUOTA ORDINARIA MES DE SEPTIEMBRE 2025 - CATEGORIA D', 1.00, 0.00, 0.00, 50.00, 50.00),
(119, 119, 1, 'CUOTA ORDINARIA MES DE SEPTIEMBRE 2025 - CATEGORIA D', 1.00, 0.00, 0.00, 50.00, 50.00),
(120, 120, 1, 'CUOTA ORDINARIA MES DE SEPTIEMBRE 2025 - CATEGORIA D', 1.00, 0.00, 0.00, 50.00, 50.00),
(121, 121, 1, 'CUOTA ORDINARIA MES DE SEPTIEMBRE 2025 - CATEGORIA D', 1.00, 0.00, 0.00, 50.00, 50.00),
(122, 122, 1, 'CUOTA ORDINARIA MES DE SEPTIEMBRE 2025 - CATEGORIA D', 1.00, 0.00, 0.00, 50.00, 50.00),
(123, 123, 1, 'CUOTA ORDINARIA MES DE SEPTIEMBRE 2025 - CATEGORIA D', 1.00, 0.00, 0.00, 50.00, 50.00),
(124, 124, 1, 'CUOTA ORDINARIA MES DE SEPTIEMBRE 2025 - CATEGORIA D', 1.00, 0.00, 0.00, 50.00, 50.00),
(125, 125, 1, 'CUOTA ORDINARIA MES DE SEPTIEMBRE 2025 - CATEGORIA D', 1.00, 0.00, 0.00, 50.00, 50.00),
(126, 126, 1, 'CUOTA ORDINARIA MES DE SEPTIEMBRE 2025 - CATEGORIA D', 1.00, 0.00, 0.00, 50.00, 50.00),
(127, 127, 1, 'CUOTA ORDINARIA MES DE SEPTIEMBRE 2025 - CATEGORIA D', 1.00, 0.00, 0.00, 50.00, 50.00),
(128, 128, 1, 'CUOTA ORDINARIA MES DE SEPTIEMBRE 2025 - CATEGORIA D', 1.00, 0.00, 0.00, 50.00, 50.00),
(129, 129, 1, 'CUOTA ORDINARIA MES DE SEPTIEMBRE 2025 - CATEGORIA D', 1.00, 0.00, 0.00, 50.00, 50.00),
(130, 130, 1, 'CUOTA ORDINARIA MES DE SEPTIEMBRE 2025 - CATEGORIA D', 1.00, 0.00, 0.00, 50.00, 50.00),
(131, 131, 1, 'CUOTA ORDINARIA MES DE SEPTIEMBRE 2025 - CATEGORIA D', 1.00, 0.00, 0.00, 50.00, 50.00),
(132, 132, 1, 'CUOTA ORDINARIA MES DE SEPTIEMBRE 2025 - CATEGORIA D', 1.00, 0.00, 0.00, 50.00, 50.00),
(133, 133, 1, 'CUOTA ORDINARIA MES DE SEPTIEMBRE 2025 - CATEGORIA D', 1.00, 0.00, 0.00, 50.00, 50.00),
(134, 134, 1, 'CUOTA ORDINARIA MES DE SEPTIEMBRE 2025 - CATEGORIA D', 1.00, 0.00, 0.00, 50.00, 50.00),
(135, 135, 1, 'CUOTA ORDINARIA MES DE SEPTIEMBRE 2025 - CATEGORIA D', 1.00, 0.00, 0.00, 50.00, 50.00),
(136, 136, 1, 'CUOTA ORDINARIA MES DE SEPTIEMBRE 2025 - CATEGORIA D', 1.00, 0.00, 0.00, 50.00, 50.00),
(137, 137, 1, 'CUOTA ORDINARIA MES DE SEPTIEMBRE 2025 - CATEGORIA D', 1.00, 0.00, 0.00, 50.00, 50.00),
(138, 138, 1, 'CUOTA ORDINARIA MES DE SEPTIEMBRE 2025 - CATEGORIA D', 1.00, 0.00, 0.00, 50.00, 50.00),
(139, 139, 1, 'CUOTA ORDINARIA MES DE SEPTIEMBRE 2025 - CATEGORIA D', 1.00, 0.00, 0.00, 50.00, 50.00),
(140, 140, 1, 'CUOTA ORDINARIA MES DE SEPTIEMBRE 2025 - CATEGORIA D', 1.00, 0.00, 0.00, 50.00, 50.00),
(141, 141, 1, 'CUOTA ORDINARIA MES DE SEPTIEMBRE 2025 - CATEGORIA D', 1.00, 0.00, 0.00, 50.00, 50.00),
(142, 142, 1, 'CUOTA ORDINARIA MES DE SEPTIEMBRE 2025 - CATEGORIA D', 1.00, 0.00, 0.00, 50.00, 50.00),
(143, 143, 1, 'CUOTA ORDINARIA MES DE SEPTIEMBRE 2025 - CATEGORIA D', 1.00, 0.00, 0.00, 50.00, 50.00),
(144, 144, 1, 'CUOTA ORDINARIA MES DE SEPTIEMBRE 2025 - CATEGORIA D', 1.00, 0.00, 0.00, 50.00, 50.00),
(145, 145, 1, 'CUOTA ORDINARIA MES DE SEPTIEMBRE 2025 - CATEGORIA D', 1.00, 0.00, 0.00, 50.00, 50.00),
(146, 146, 1, 'CUOTA ORDINARIA MES DE SEPTIEMBRE 2025 - CATEGORIA D', 1.00, 0.00, 0.00, 50.00, 50.00),
(147, 147, 1, 'CUOTA ORDINARIA MES DE SEPTIEMBRE 2025 - CATEGORIA D', 1.00, 0.00, 0.00, 50.00, 50.00),
(148, 148, 1, 'CUOTA ORDINARIA MES DE SEPTIEMBRE 2025 - CATEGORIA C', 1.00, 0.00, 0.00, 100.00, 100.00),
(149, 149, 1, 'CUOTA ORDINARIA MES DE SEPTIEMBRE 2025 - CATEGORIA D', 1.00, 0.00, 0.00, 50.00, 50.00),
(150, 150, 1, 'CUOTA ORDINARIA MES DE SEPTIEMBRE 2025 - CATEGORIA D', 1.00, 0.00, 0.00, 50.00, 50.00),
(151, 151, 1, 'CUOTA ORDINARIA MES DE SEPTIEMBRE 2025 - CATEGORIA D', 1.00, 0.00, 0.00, 50.00, 50.00),
(152, 152, 1, 'CUOTA ORDINARIA MES DE SEPTIEMBRE 2025 - CATEGORIA D', 1.00, 0.00, 0.00, 50.00, 50.00),
(153, 153, 1, 'CUOTA ORDINARIA MES DE SEPTIEMBRE 2025 - CATEGORIA D', 1.00, 0.00, 0.00, 50.00, 50.00),
(154, 154, 1, 'CUOTA ORDINARIA MES DE SEPTIEMBRE 2025 - CATEGORIA D', 1.00, 0.00, 0.00, 50.00, 50.00),
(155, 155, 1, 'CUOTA ORDINARIA MES DE SEPTIEMBRE 2025 - CATEGORIA E', 1.00, 0.00, 0.00, 30.00, 30.00),
(156, 156, 1, 'CUOTA ORDINARIA MES DE SEPTIEMBRE 2025 - CATEGORIA E', 1.00, 0.00, 0.00, 30.00, 30.00),
(157, 157, 1, 'CUOTA ORDINARIA MES DE SEPTIEMBRE 2025 - CATEGORIA E', 1.00, 0.00, 0.00, 30.00, 30.00),
(158, 158, 1, 'CUOTA ORDINARIA MES DE SEPTIEMBRE 2025 - CATEGORIA C', 1.00, 0.00, 0.00, 100.00, 100.00),
(159, 159, 1, 'CUOTA ORDINARIA', 1.00, 0.00, 0.00, 50.00, 50.00);

--
-- Índices para tablas volcadas
--

--
-- Indices de la tabla `actividades`
--
ALTER TABLE `actividades`
  ADD PRIMARY KEY (`id_actividad`);

--
-- Indices de la tabla `atencion`
--
ALTER TABLE `atencion`
  ADD PRIMARY KEY (`id_atencion`);

--
-- Indices de la tabla `beneficios`
--
ALTER TABLE `beneficios`
  ADD PRIMARY KEY (`id_beneficio`),
  ADD KEY `fk_beneficios_tipobeneficios` (`beneficio_idtipobenificios`);

--
-- Indices de la tabla `categorias`
--
ALTER TABLE `categorias`
  ADD PRIMARY KEY (`id_categoria`);

--
-- Indices de la tabla `categoria_beneficio`
--
ALTER TABLE `categoria_beneficio`
  ADD PRIMARY KEY (`id_categoriabeneficio`),
  ADD KEY `FK_categoriabeneficio_categoria` (`categoriabeneficio_idcategoria`),
  ADD KEY `FK_categoriabeneficio_id_beneficio` (`categoriabeneficio_idbeneficio`);

--
-- Indices de la tabla `clientes`
--
ALTER TABLE `clientes`
  ADD PRIMARY KEY (`id_cliente`),
  ADD KEY `cliente_tipopersona` (`cliente_tipopersona`),
  ADD KEY `id_tipodocumento` (`id_tipodocumento`);

--
-- Indices de la tabla `cobranza`
--
ALTER TABLE `cobranza`
  ADD PRIMARY KEY (`id_cobranza`),
  ADD KEY `id_socio` (`id_socio`),
  ADD KEY `id_categoria` (`id_categoria`),
  ADD KEY `id_venta` (`id_venta`);

--
-- Indices de la tabla `correlativos`
--
ALTER TABLE `correlativos`
  ADD PRIMARY KEY (`id_correlativo`);

--
-- Indices de la tabla `egresos`
--
ALTER TABLE `egresos`
  ADD PRIMARY KEY (`id_egreso`);

--
-- Indices de la tabla `empresa`
--
ALTER TABLE `empresa`
  ADD PRIMARY KEY (`id_empresa`);

--
-- Indices de la tabla `envio_resumen`
--
ALTER TABLE `envio_resumen`
  ADD PRIMARY KEY (`id_envio_resumen`),
  ADD KEY `id_empresa` (`id_empresa`);

--
-- Indices de la tabla `envio_resumen_detalle`
--
ALTER TABLE `envio_resumen_detalle`
  ADD PRIMARY KEY (`id_envio_resumen_detalle`),
  ADD KEY `id_envio_resumen` (`id_envio_resumen`);

--
-- Indices de la tabla `grupos`
--
ALTER TABLE `grupos`
  ADD PRIMARY KEY (`id_grupo`);

--
-- Indices de la tabla `igv`
--
ALTER TABLE `igv`
  ADD PRIMARY KEY (`id_igv`);

--
-- Indices de la tabla `medida`
--
ALTER TABLE `medida`
  ADD PRIMARY KEY (`id_medida`);

--
-- Indices de la tabla `menus`
--
ALTER TABLE `menus`
  ADD PRIMARY KEY (`id_menu`),
  ADD KEY `id_grupo` (`id_grupo`);

--
-- Indices de la tabla `monedas`
--
ALTER TABLE `monedas`
  ADD PRIMARY KEY (`id_moneda`);

--
-- Indices de la tabla `opciones`
--
ALTER TABLE `opciones`
  ADD PRIMARY KEY (`id_opcion`),
  ADD KEY `id_menu` (`id_menu`);

--
-- Indices de la tabla `pagos`
--
ALTER TABLE `pagos`
  ADD PRIMARY KEY (`id_pago`),
  ADD KEY `id_cobranza` (`id_cobranza`);

--
-- Indices de la tabla `permisos`
--
ALTER TABLE `permisos`
  ADD PRIMARY KEY (`id_permiso`),
  ADD KEY `id_opcion` (`id_opcion`);

--
-- Indices de la tabla `personas`
--
ALTER TABLE `personas`
  ADD PRIMARY KEY (`id_persona`);

--
-- Indices de la tabla `restricciones`
--
ALTER TABLE `restricciones`
  ADD PRIMARY KEY (`id_restriccion`),
  ADD KEY `id_rol` (`id_rol`),
  ADD KEY `id_opcion` (`id_opcion`);

--
-- Indices de la tabla `roles`
--
ALTER TABLE `roles`
  ADD PRIMARY KEY (`id_rol`);

--
-- Indices de la tabla `roles_grupos`
--
ALTER TABLE `roles_grupos`
  ADD PRIMARY KEY (`id_rol_grupo`),
  ADD KEY `id_rol` (`id_rol`,`id_grupo`),
  ADD KEY `id_grupo` (`id_grupo`);

--
-- Indices de la tabla `roles_menus`
--
ALTER TABLE `roles_menus`
  ADD PRIMARY KEY (`id_rol_menu`),
  ADD KEY `id_rol` (`id_rol`),
  ADD KEY `id_menu` (`id_menu`);

--
-- Indices de la tabla `rubros`
--
ALTER TABLE `rubros`
  ADD PRIMARY KEY (`id_rubro`),
  ADD KEY `id_sector` (`id_sector`);

--
-- Indices de la tabla `sectores`
--
ALTER TABLE `sectores`
  ADD PRIMARY KEY (`id_sector`);

--
-- Indices de la tabla `serie`
--
ALTER TABLE `serie`
  ADD PRIMARY KEY (`id_serie`) USING BTREE;

--
-- Indices de la tabla `servicios`
--
ALTER TABLE `servicios`
  ADD PRIMARY KEY (`id_servicio`),
  ADD KEY `id_servicios_categoria` (`id_servicios_categoria`),
  ADD KEY `fk_servicio_tipoafectacion` (`servicio_tipoafectacion`),
  ADD KEY `fk_servicios_medida` (`servicio_idmedida`);

--
-- Indices de la tabla `servicios_categoria`
--
ALTER TABLE `servicios_categoria`
  ADD PRIMARY KEY (`id_servicio_categoria`);

--
-- Indices de la tabla `socio`
--
ALTER TABLE `socio`
  ADD PRIMARY KEY (`id_socio`),
  ADD KEY `fk_socio_rubro` (`socio_rubro`),
  ADD KEY `fk_socio_sector` (`socio_sector`),
  ADD KEY `fk_socio_categoria` (`socio_id_categoria`);

--
-- Indices de la tabla `socio_actividad`
--
ALTER TABLE `socio_actividad`
  ADD PRIMARY KEY (`id_socio_actividad`),
  ADD KEY `fk_socio_actividad_id_socio` (`socio_actividad_id_socio`),
  ADD KEY `fk_socio_actividad_id_actividad` (`socio_actividad_id_actividad`);

--
-- Indices de la tabla `socio_beneficioacumulado`
--
ALTER TABLE `socio_beneficioacumulado`
  ADD PRIMARY KEY (`id_sociobeneficioacumulado`),
  ADD KEY `fk_socio_beneicioacumuladosocio` (`sociobeneficioacumulado_idsocio`),
  ADD KEY `fk_socio_beneficioacumulado_idbeneficio_idx` (`sociobeneficioacumulado_idbeneficio`);

--
-- Indices de la tabla `socio_documentos`
--
ALTER TABLE `socio_documentos`
  ADD PRIMARY KEY (`idsociodocumento`),
  ADD KEY `Fk_documento_socio` (`sociodocumento_tipodocsocio`),
  ADD KEY `Fk__sociodocumento_socio` (`sociodocumento_idsocio`);

--
-- Indices de la tabla `tipobenificios`
--
ALTER TABLE `tipobenificios`
  ADD PRIMARY KEY (`id_tipobeneficio`);

--
-- Indices de la tabla `tipo_afectacion`
--
ALTER TABLE `tipo_afectacion`
  ADD PRIMARY KEY (`id_tipo_afectacion`);

--
-- Indices de la tabla `tipo_documentos`
--
ALTER TABLE `tipo_documentos`
  ADD PRIMARY KEY (`id_tipodocumento`);

--
-- Indices de la tabla `tipo_documento_socio`
--
ALTER TABLE `tipo_documento_socio`
  ADD PRIMARY KEY (`idtipodocumentosocio`);

--
-- Indices de la tabla `tipo_ncreditos`
--
ALTER TABLE `tipo_ncreditos`
  ADD PRIMARY KEY (`id`);

--
-- Indices de la tabla `tipo_ndebitos`
--
ALTER TABLE `tipo_ndebitos`
  ADD PRIMARY KEY (`id`);

--
-- Indices de la tabla `tipo_pago`
--
ALTER TABLE `tipo_pago`
  ADD PRIMARY KEY (`id_tipo_pago`);

--
-- Indices de la tabla `tipo_persona`
--
ALTER TABLE `tipo_persona`
  ADD PRIMARY KEY (`id_tipopersona`);

--
-- Indices de la tabla `usuarios`
--
ALTER TABLE `usuarios`
  ADD PRIMARY KEY (`id_usuario`),
  ADD KEY `id_persona` (`id_persona`),
  ADD KEY `id_rol` (`id_rol`);

--
-- Indices de la tabla `ventas`
--
ALTER TABLE `ventas`
  ADD PRIMARY KEY (`id_venta`),
  ADD KEY `id_usuario` (`id_usuario`),
  ADD KEY `id_moneda` (`id_moneda`),
  ADD KEY `id_cliente` (`id_cliente`),
  ADD KEY `id_tipo_pago` (`id_tipo_pago`),
  ADD KEY `id_empresa` (`id_empresa`);

--
-- Indices de la tabla `ventas_anulados`
--
ALTER TABLE `ventas_anulados`
  ADD PRIMARY KEY (`id_venta_anulado`),
  ADD KEY `id_venta` (`id_venta`),
  ADD KEY `id_user` (`id_user`);

--
-- Indices de la tabla `ventas_cuotas`
--
ALTER TABLE `ventas_cuotas`
  ADD PRIMARY KEY (`id_ventas_cuotas`),
  ADD KEY `id_ventas` (`id_ventas`),
  ADD KEY `id_tipo_pago` (`id_tipo_pago`);

--
-- Indices de la tabla `ventas_detalle`
--
ALTER TABLE `ventas_detalle`
  ADD PRIMARY KEY (`id_venta_detalle`),
  ADD KEY `id_venta` (`id_venta`),
  ADD KEY `fk_ventadetalle_servicio` (`id_servicio`);

--
-- AUTO_INCREMENT de las tablas volcadas
--

--
-- AUTO_INCREMENT de la tabla `actividades`
--
ALTER TABLE `actividades`
  MODIFY `id_actividad` int(11) NOT NULL AUTO_INCREMENT, AUTO_INCREMENT=6;

--
-- AUTO_INCREMENT de la tabla `atencion`
--
ALTER TABLE `atencion`
  MODIFY `id_atencion` int(11) NOT NULL AUTO_INCREMENT, AUTO_INCREMENT=2;

--
-- AUTO_INCREMENT de la tabla `beneficios`
--
ALTER TABLE `beneficios`
  MODIFY `id_beneficio` int(11) NOT NULL AUTO_INCREMENT, AUTO_INCREMENT=10;

--
-- AUTO_INCREMENT de la tabla `categorias`
--
ALTER TABLE `categorias`
  MODIFY `id_categoria` int(11) NOT NULL AUTO_INCREMENT, AUTO_INCREMENT=6;

--
-- AUTO_INCREMENT de la tabla `categoria_beneficio`
--
ALTER TABLE `categoria_beneficio`
  MODIFY `id_categoriabeneficio` int(11) NOT NULL AUTO_INCREMENT, AUTO_INCREMENT=69;

--
-- AUTO_INCREMENT de la tabla `clientes`
--
ALTER TABLE `clientes`
  MODIFY `id_cliente` int(11) NOT NULL AUTO_INCREMENT, AUTO_INCREMENT=166;

--
-- AUTO_INCREMENT de la tabla `cobranza`
--
ALTER TABLE `cobranza`
  MODIFY `id_cobranza` int(11) NOT NULL AUTO_INCREMENT, AUTO_INCREMENT=158;

--
-- AUTO_INCREMENT de la tabla `correlativos`
--
ALTER TABLE `correlativos`
  MODIFY `id_correlativo` int(11) NOT NULL AUTO_INCREMENT, AUTO_INCREMENT=2;

--
-- AUTO_INCREMENT de la tabla `egresos`
--
ALTER TABLE `egresos`
  MODIFY `id_egreso` int(11) NOT NULL AUTO_INCREMENT;

--
-- AUTO_INCREMENT de la tabla `empresa`
--
ALTER TABLE `empresa`
  MODIFY `id_empresa` int(11) NOT NULL AUTO_INCREMENT, AUTO_INCREMENT=2;

--
-- AUTO_INCREMENT de la tabla `envio_resumen`
--
ALTER TABLE `envio_resumen`
  MODIFY `id_envio_resumen` int(11) NOT NULL AUTO_INCREMENT;

--
-- AUTO_INCREMENT de la tabla `envio_resumen_detalle`
--
ALTER TABLE `envio_resumen_detalle`
  MODIFY `id_envio_resumen_detalle` int(11) NOT NULL AUTO_INCREMENT;

--
-- AUTO_INCREMENT de la tabla `grupos`
--
ALTER TABLE `grupos`
  MODIFY `id_grupo` int(11) NOT NULL AUTO_INCREMENT, AUTO_INCREMENT=7;

--
-- AUTO_INCREMENT de la tabla `igv`
--
ALTER TABLE `igv`
  MODIFY `id_igv` int(11) NOT NULL AUTO_INCREMENT, AUTO_INCREMENT=21;

--
-- AUTO_INCREMENT de la tabla `medida`
--
ALTER TABLE `medida`
  MODIFY `id_medida` int(11) NOT NULL AUTO_INCREMENT, AUTO_INCREMENT=63;

--
-- AUTO_INCREMENT de la tabla `menus`
--
ALTER TABLE `menus`
  MODIFY `id_menu` int(11) NOT NULL AUTO_INCREMENT, AUTO_INCREMENT=17;

--
-- AUTO_INCREMENT de la tabla `monedas`
--
ALTER TABLE `monedas`
  MODIFY `id_moneda` int(11) NOT NULL AUTO_INCREMENT, AUTO_INCREMENT=4;

--
-- AUTO_INCREMENT de la tabla `opciones`
--
ALTER TABLE `opciones`
  MODIFY `id_opcion` int(11) NOT NULL AUTO_INCREMENT, AUTO_INCREMENT=43;

--
-- AUTO_INCREMENT de la tabla `pagos`
--
ALTER TABLE `pagos`
  MODIFY `id_pago` int(11) NOT NULL AUTO_INCREMENT;

--
-- AUTO_INCREMENT de la tabla `permisos`
--
ALTER TABLE `permisos`
  MODIFY `id_permiso` int(11) NOT NULL AUTO_INCREMENT, AUTO_INCREMENT=71;

--
-- AUTO_INCREMENT de la tabla `personas`
--
ALTER TABLE `personas`
  MODIFY `id_persona` int(11) NOT NULL AUTO_INCREMENT, AUTO_INCREMENT=3;

--
-- AUTO_INCREMENT de la tabla `restricciones`
--
ALTER TABLE `restricciones`
  MODIFY `id_restriccion` int(11) NOT NULL AUTO_INCREMENT;

--
-- AUTO_INCREMENT de la tabla `roles`
--
ALTER TABLE `roles`
  MODIFY `id_rol` int(11) NOT NULL AUTO_INCREMENT, AUTO_INCREMENT=5;

--
-- AUTO_INCREMENT de la tabla `roles_grupos`
--
ALTER TABLE `roles_grupos`
  MODIFY `id_rol_grupo` int(11) NOT NULL AUTO_INCREMENT, AUTO_INCREMENT=14;

--
-- AUTO_INCREMENT de la tabla `roles_menus`
--
ALTER TABLE `roles_menus`
  MODIFY `id_rol_menu` int(11) NOT NULL AUTO_INCREMENT, AUTO_INCREMENT=32;

--
-- AUTO_INCREMENT de la tabla `rubros`
--
ALTER TABLE `rubros`
  MODIFY `id_rubro` int(11) NOT NULL AUTO_INCREMENT, AUTO_INCREMENT=43;

--
-- AUTO_INCREMENT de la tabla `sectores`
--
ALTER TABLE `sectores`
  MODIFY `id_sector` int(11) NOT NULL AUTO_INCREMENT, AUTO_INCREMENT=14;

--
-- AUTO_INCREMENT de la tabla `serie`
--
ALTER TABLE `serie`
  MODIFY `id_serie` int(11) NOT NULL AUTO_INCREMENT, AUTO_INCREMENT=13;

--
-- AUTO_INCREMENT de la tabla `servicios`
--
ALTER TABLE `servicios`
  MODIFY `id_servicio` int(11) NOT NULL AUTO_INCREMENT, AUTO_INCREMENT=6;

--
-- AUTO_INCREMENT de la tabla `servicios_categoria`
--
ALTER TABLE `servicios_categoria`
  MODIFY `id_servicio_categoria` int(11) NOT NULL AUTO_INCREMENT, AUTO_INCREMENT=4;

--
-- AUTO_INCREMENT de la tabla `socio`
--
ALTER TABLE `socio`
  MODIFY `id_socio` int(11) NOT NULL AUTO_INCREMENT, AUTO_INCREMENT=166;

--
-- AUTO_INCREMENT de la tabla `socio_actividad`
--
ALTER TABLE `socio_actividad`
  MODIFY `id_socio_actividad` int(11) NOT NULL AUTO_INCREMENT, AUTO_INCREMENT=7;

--
-- AUTO_INCREMENT de la tabla `socio_beneficioacumulado`
--
ALTER TABLE `socio_beneficioacumulado`
  MODIFY `id_sociobeneficioacumulado` int(11) NOT NULL AUTO_INCREMENT;

--
-- AUTO_INCREMENT de la tabla `socio_documentos`
--
ALTER TABLE `socio_documentos`
  MODIFY `idsociodocumento` int(11) NOT NULL AUTO_INCREMENT;

--
-- AUTO_INCREMENT de la tabla `tipobenificios`
--
ALTER TABLE `tipobenificios`
  MODIFY `id_tipobeneficio` int(11) NOT NULL AUTO_INCREMENT, AUTO_INCREMENT=9;

--
-- AUTO_INCREMENT de la tabla `tipo_documentos`
--
ALTER TABLE `tipo_documentos`
  MODIFY `id_tipodocumento` int(11) NOT NULL AUTO_INCREMENT, AUTO_INCREMENT=8;

--
-- AUTO_INCREMENT de la tabla `tipo_documento_socio`
--
ALTER TABLE `tipo_documento_socio`
  MODIFY `idtipodocumentosocio` int(11) NOT NULL AUTO_INCREMENT, AUTO_INCREMENT=8;

--
-- AUTO_INCREMENT de la tabla `tipo_ncreditos`
--
ALTER TABLE `tipo_ncreditos`
  MODIFY `id` int(11) NOT NULL AUTO_INCREMENT, AUTO_INCREMENT=14;

--
-- AUTO_INCREMENT de la tabla `tipo_ndebitos`
--
ALTER TABLE `tipo_ndebitos`
  MODIFY `id` int(11) NOT NULL AUTO_INCREMENT, AUTO_INCREMENT=6;

--
-- AUTO_INCREMENT de la tabla `tipo_pago`
--
ALTER TABLE `tipo_pago`
  MODIFY `id_tipo_pago` int(11) NOT NULL AUTO_INCREMENT, AUTO_INCREMENT=7;

--
-- AUTO_INCREMENT de la tabla `tipo_persona`
--
ALTER TABLE `tipo_persona`
  MODIFY `id_tipopersona` int(11) NOT NULL AUTO_INCREMENT, AUTO_INCREMENT=3;

--
-- AUTO_INCREMENT de la tabla `usuarios`
--
ALTER TABLE `usuarios`
  MODIFY `id_usuario` int(11) NOT NULL AUTO_INCREMENT, AUTO_INCREMENT=3;

--
-- AUTO_INCREMENT de la tabla `ventas`
--
ALTER TABLE `ventas`
  MODIFY `id_venta` int(11) NOT NULL AUTO_INCREMENT, AUTO_INCREMENT=160;

--
-- AUTO_INCREMENT de la tabla `ventas_anulados`
--
ALTER TABLE `ventas_anulados`
  MODIFY `id_venta_anulado` int(11) NOT NULL AUTO_INCREMENT, AUTO_INCREMENT=27;

--
-- AUTO_INCREMENT de la tabla `ventas_cuotas`
--
ALTER TABLE `ventas_cuotas`
  MODIFY `id_ventas_cuotas` int(11) NOT NULL AUTO_INCREMENT;

--
-- AUTO_INCREMENT de la tabla `ventas_detalle`
--
ALTER TABLE `ventas_detalle`
  MODIFY `id_venta_detalle` int(11) NOT NULL AUTO_INCREMENT, AUTO_INCREMENT=160;

--
-- Restricciones para tablas volcadas
--

--
-- Filtros para la tabla `beneficios`
--
ALTER TABLE `beneficios`
  ADD CONSTRAINT `fk_beneficios_tipobeneficios` FOREIGN KEY (`beneficio_idtipobenificios`) REFERENCES `tipobenificios` (`id_tipobeneficio`);

--
-- Filtros para la tabla `categoria_beneficio`
--
ALTER TABLE `categoria_beneficio`
  ADD CONSTRAINT `FK_categoriabeneficio_categoria` FOREIGN KEY (`categoriabeneficio_idcategoria`) REFERENCES `categorias` (`id_categoria`),
  ADD CONSTRAINT `FK_categoriabeneficio_id_beneficio` FOREIGN KEY (`categoriabeneficio_idbeneficio`) REFERENCES `beneficios` (`id_beneficio`);

--
-- Filtros para la tabla `clientes`
--
ALTER TABLE `clientes`
  ADD CONSTRAINT `clientes_ibfk_1` FOREIGN KEY (`cliente_tipopersona`) REFERENCES `tipo_persona` (`id_tipopersona`),
  ADD CONSTRAINT `clientes_ibfk_2` FOREIGN KEY (`id_tipodocumento`) REFERENCES `tipo_documentos` (`id_tipodocumento`);

--
-- Filtros para la tabla `cobranza`
--
ALTER TABLE `cobranza`
  ADD CONSTRAINT `cobranza_ibfk_1` FOREIGN KEY (`id_socio`) REFERENCES `socio` (`id_socio`),
  ADD CONSTRAINT `cobranza_ibfk_2` FOREIGN KEY (`id_categoria`) REFERENCES `categorias` (`id_categoria`),
  ADD CONSTRAINT `cobranza_ibfk_3` FOREIGN KEY (`id_venta`) REFERENCES `ventas` (`id_venta`);

--
-- Filtros para la tabla `menus`
--
ALTER TABLE `menus`
  ADD CONSTRAINT `menus_ibfk_1` FOREIGN KEY (`id_grupo`) REFERENCES `grupos` (`id_grupo`);

--
-- Filtros para la tabla `opciones`
--
ALTER TABLE `opciones`
  ADD CONSTRAINT `opciones_ibfk_1` FOREIGN KEY (`id_menu`) REFERENCES `menus` (`id_menu`);

--
-- Filtros para la tabla `pagos`
--
ALTER TABLE `pagos`
  ADD CONSTRAINT `pagos_ibfk_1` FOREIGN KEY (`id_cobranza`) REFERENCES `cobranza` (`id_cobranza`);

--
-- Filtros para la tabla `permisos`
--
ALTER TABLE `permisos`
  ADD CONSTRAINT `permisos_ibfk_1` FOREIGN KEY (`id_opcion`) REFERENCES `opciones` (`id_opcion`);

--
-- Filtros para la tabla `restricciones`
--
ALTER TABLE `restricciones`
  ADD CONSTRAINT `restricciones_ibfk_1` FOREIGN KEY (`id_rol`) REFERENCES `roles` (`id_rol`),
  ADD CONSTRAINT `restricciones_ibfk_2` FOREIGN KEY (`id_opcion`) REFERENCES `opciones` (`id_opcion`);

--
-- Filtros para la tabla `roles_grupos`
--
ALTER TABLE `roles_grupos`
  ADD CONSTRAINT `roles_grupos_ibfk_1` FOREIGN KEY (`id_rol`) REFERENCES `roles` (`id_rol`),
  ADD CONSTRAINT `roles_grupos_ibfk_2` FOREIGN KEY (`id_grupo`) REFERENCES `grupos` (`id_grupo`);

--
-- Filtros para la tabla `roles_menus`
--
ALTER TABLE `roles_menus`
  ADD CONSTRAINT `roles_menus_ibfk_1` FOREIGN KEY (`id_rol`) REFERENCES `roles` (`id_rol`),
  ADD CONSTRAINT `roles_menus_ibfk_2` FOREIGN KEY (`id_menu`) REFERENCES `menus` (`id_menu`);

--
-- Filtros para la tabla `rubros`
--
ALTER TABLE `rubros`
  ADD CONSTRAINT `rubros_ibfk_1` FOREIGN KEY (`id_sector`) REFERENCES `sectores` (`id_sector`);

--
-- Filtros para la tabla `servicios`
--
ALTER TABLE `servicios`
  ADD CONSTRAINT `fk_servicio_tipoafectacion` FOREIGN KEY (`servicio_tipoafectacion`) REFERENCES `tipo_afectacion` (`id_tipo_afectacion`),
  ADD CONSTRAINT `fk_servicios_medida` FOREIGN KEY (`servicio_idmedida`) REFERENCES `medida` (`id_medida`),
  ADD CONSTRAINT `servicios_ibfk_1` FOREIGN KEY (`id_servicios_categoria`) REFERENCES `servicios_categoria` (`id_servicio_categoria`);

--
-- Filtros para la tabla `socio`
--
ALTER TABLE `socio`
  ADD CONSTRAINT `fk_socio_categoria` FOREIGN KEY (`socio_id_categoria`) REFERENCES `categorias` (`id_categoria`),
  ADD CONSTRAINT `fk_socio_rubro` FOREIGN KEY (`socio_rubro`) REFERENCES `rubros` (`id_rubro`),
  ADD CONSTRAINT `fk_socio_sector` FOREIGN KEY (`socio_sector`) REFERENCES `sectores` (`id_sector`);

--
-- Filtros para la tabla `socio_actividad`
--
ALTER TABLE `socio_actividad`
  ADD CONSTRAINT `fk_socio_actividad_id_actividad` FOREIGN KEY (`socio_actividad_id_actividad`) REFERENCES `sectores` (`id_sector`),
  ADD CONSTRAINT `fk_socio_actividad_id_socio` FOREIGN KEY (`socio_actividad_id_socio`) REFERENCES `rubros` (`id_rubro`);

--
-- Filtros para la tabla `socio_beneficioacumulado`
--
ALTER TABLE `socio_beneficioacumulado`
  ADD CONSTRAINT `fk_socio_beneficioacumulado_idbeneficio` FOREIGN KEY (`sociobeneficioacumulado_idbeneficio`) REFERENCES `beneficios` (`id_beneficio`) ON DELETE NO ACTION ON UPDATE NO ACTION,
  ADD CONSTRAINT `fk_socio_beneicioacumuladosocio` FOREIGN KEY (`sociobeneficioacumulado_idsocio`) REFERENCES `socio` (`id_socio`);

--
-- Filtros para la tabla `socio_documentos`
--
ALTER TABLE `socio_documentos`
  ADD CONSTRAINT `Fk__sociodocumento_socio` FOREIGN KEY (`sociodocumento_idsocio`) REFERENCES `socio` (`id_socio`),
  ADD CONSTRAINT `Fk_documento_socio` FOREIGN KEY (`sociodocumento_tipodocsocio`) REFERENCES `tipo_documento_socio` (`idtipodocumentosocio`);

--
-- Filtros para la tabla `usuarios`
--
ALTER TABLE `usuarios`
  ADD CONSTRAINT `usuarios_ibfk_1` FOREIGN KEY (`id_persona`) REFERENCES `personas` (`id_persona`),
  ADD CONSTRAINT `usuarios_ibfk_2` FOREIGN KEY (`id_rol`) REFERENCES `roles` (`id_rol`);

--
-- Filtros para la tabla `ventas_detalle`
--
ALTER TABLE `ventas_detalle`
  ADD CONSTRAINT `fk_ventadetalle_servicio` FOREIGN KEY (`id_servicio`) REFERENCES `servicios` (`id_servicio`),
  ADD CONSTRAINT `id_venta` FOREIGN KEY (`id_venta`) REFERENCES `ventas` (`id_venta`);
COMMIT;

/*!40101 SET CHARACTER_SET_CLIENT=@OLD_CHARACTER_SET_CLIENT */;
/*!40101 SET CHARACTER_SET_RESULTS=@OLD_CHARACTER_SET_RESULTS */;
/*!40101 SET COLLATION_CONNECTION=@OLD_COLLATION_CONNECTION */;
